datetime,count
2011-01-20 00:00:00,81.62393
2011-01-20 01:00:00,62.81994
2011-01-20 02:00:00,62.81994
2011-01-20 03:00:00,75.04978
2011-01-20 04:00:00,75.04978
2011-01-20 05:00:00,65.82904
2011-01-20 06:00:00,61.164738
2011-01-20 07:00:00,65.84204
2011-01-20 08:00:00,68.47642
2011-01-20 09:00:00,73.896866
2011-01-20 10:00:00,89.45131
2011-01-20 11:00:00,92.53223
2011-01-20 12:00:00,92.98271
2011-01-20 13:00:00,94.15
2011-01-20 14:00:00,101.46938
2011-01-20 15:00:00,109.770515
2011-01-20 16:00:00,91.8954
2011-01-20 17:00:00,92.22056
2011-01-20 18:00:00,75.4197
2011-01-20 19:00:00,78.718285
2011-01-20 20:00:00,71.22385
2011-01-20 21:00:00,65.03367
2011-01-20 22:00:00,58.93688
2011-01-20 23:00:00,60.79871
2011-01-21 00:00:00,56.609818
2011-01-21 01:00:00,56.609818
2011-01-21 02:00:00,57.875195
2011-01-21 03:00:00,47.47852
2011-01-21 04:00:00,65.03678
2011-01-21 05:00:00,69.9216
2011-01-21 06:00:00,67.11941
2011-01-21 07:00:00,66.08118
2011-01-21 08:00:00,74.392235
2011-01-21 09:00:00,69.37301
2011-01-21 10:00:00,75.65422
2011-01-21 11:00:00,90.23127
2011-01-21 12:00:00,70.04118
2011-01-21 13:00:00,46.96821
2011-01-21 14:00:00,67.06165
2011-01-21 15:00:00,70.479805
2011-01-21 16:00:00,86.23118
2011-01-21 17:00:00,77.9423
2011-01-21 18:00:00,71.49938
2011-01-21 19:00:00,69.86537
2011-01-21 20:00:00,58.883835
2011-01-21 21:00:00,47.42946
2011-01-21 22:00:00,39.844868
2011-01-21 23:00:00,41.80333
2011-01-22 00:00:00,21.346254
2011-01-22 01:00:00,21.449675
2011-01-22 02:00:00,20.685814
2011-01-22 03:00:00,20.906868
2011-01-22 04:00:00,17.569134
2011-01-22 06:00:00,18.11243
2011-01-22 07:00:00,19.483732
2011-01-22 08:00:00,19.192411
2011-01-22 09:00:00,22.182777
2011-01-22 10:00:00,21.970287
2011-01-22 11:00:00,25.547287
2011-01-22 12:00:00,30.992367
2011-01-22 13:00:00,41.270103
2011-01-22 14:00:00,44.61023
2011-01-22 15:00:00,56.369465
2011-01-22 16:00:00,60.345547
2011-01-22 17:00:00,73.27863
2011-01-22 18:00:00,33.87287
2011-01-22 19:00:00,33.63498
2011-01-22 20:00:00,24.361578
2011-01-22 21:00:00,30.813105
2011-01-22 22:00:00,37.74703
2011-01-22 23:00:00,24.7775
2011-01-23 00:00:00,24.7775
2011-01-23 01:00:00,24.7775
2011-01-23 02:00:00,22.755201
2011-01-23 03:00:00,22.755201
2011-01-23 05:00:00,23.54024
2011-01-23 06:00:00,23.54024
2011-01-23 07:00:00,26.777779
2011-01-23 08:00:00,24.22091
2011-01-23 09:00:00,29.161446
2011-01-23 10:00:00,42.6675
2011-01-23 11:00:00,40.980576
2011-01-23 12:00:00,64.18129
2011-01-23 13:00:00,60.945366
2011-01-23 14:00:00,75.99695
2011-01-23 15:00:00,75.99695
2011-01-23 16:00:00,80.08634
2011-01-23 17:00:00,66.852936
2011-01-23 18:00:00,57.099815
2011-01-23 19:00:00,58.329254
2011-01-23 20:00:00,41.075058
2011-01-23 21:00:00,37.628796
2011-01-23 22:00:00,30.92689
2011-01-23 23:00:00,25.340904
2011-01-24 00:00:00,38.429417
2011-01-24 01:00:00,32.70429
2011-01-24 03:00:00,31.730965
2011-01-24 04:00:00,35.350643
2011-01-24 05:00:00,35.350643
2011-01-24 06:00:00,39.461037
2011-01-24 07:00:00,47.388756
2011-01-24 08:00:00,49.463787
2011-01-24 09:00:00,49.96208
2011-01-24 10:00:00,49.7933
2011-01-24 11:00:00,48.89377
2011-01-24 12:00:00,54.157066
2011-01-24 13:00:00,55.55543
2011-01-24 14:00:00,51.947395
2011-01-24 15:00:00,65.96043
2011-01-24 16:00:00,58.87346
2011-01-24 17:00:00,48.82612
2011-01-24 18:00:00,44.53889
2011-01-24 19:00:00,49.865036
2011-01-24 20:00:00,44.53889
2011-01-24 21:00:00,46.65673
2011-01-24 22:00:00,41.030586
2011-01-24 23:00:00,44.195084
2011-01-25 00:00:00,41.991074
2011-01-25 01:00:00,47.093727
2011-01-25 02:00:00,44.653835
2011-01-25 04:00:00,52.975555
2011-01-25 05:00:00,41.959194
2011-01-25 06:00:00,55.057396
2011-01-25 07:00:00,44.247368
2011-01-25 08:00:00,50.316315
2011-01-25 09:00:00,62.92659
2011-01-25 10:00:00,66.671135
2011-01-25 11:00:00,67.030075
2011-01-25 12:00:00,74.23391
2011-01-25 13:00:00,76.42985
2011-01-25 14:00:00,81.90416
2011-01-25 15:00:00,98.0082
2011-01-25 16:00:00,98.0082
2011-01-25 17:00:00,67.04593
2011-01-25 18:00:00,89.150894
2011-01-25 19:00:00,66.85067
2011-01-25 20:00:00,61.717415
2011-01-25 21:00:00,61.717415
2011-01-25 22:00:00,60.780357
2011-01-25 23:00:00,60.473427
2011-01-26 00:00:00,59.419697
2011-01-26 01:00:00,64.058365
2011-01-26 02:00:00,55.892345
2011-01-26 05:00:00,42.83652
2011-01-26 06:00:00,42.83652
2011-01-26 07:00:00,45.934418
2011-01-26 08:00:00,45.934418
2011-01-26 09:00:00,45.934418
2011-01-26 10:00:00,45.859863
2011-01-26 11:00:00,44.343258
2011-01-26 12:00:00,44.343258
2011-01-26 13:00:00,44.343258
2011-01-26 14:00:00,44.425095
2011-01-26 15:00:00,45.31456
2011-01-26 16:00:00,42.304466
2011-01-26 17:00:00,42.09788
2011-01-27 16:00:00,67.22531
2011-01-27 17:00:00,67.48188
2011-01-27 18:00:00,62.2138
2011-01-27 19:00:00,62.2138
2011-01-27 20:00:00,60.055813
2011-01-27 21:00:00,60.055813
2011-01-27 22:00:00,60.055813
2011-01-27 23:00:00,52.003223
2011-01-28 00:00:00,54.988968
2011-01-28 01:00:00,54.988968
2011-01-28 02:00:00,53.05481
2011-01-28 03:00:00,59.11376
2011-01-28 05:00:00,57.208252
2011-01-28 06:00:00,52.77922
2011-01-28 07:00:00,56.651157
2011-01-28 08:00:00,56.651157
2011-01-28 09:00:00,57.236443
2011-01-28 10:00:00,55.898743
2011-01-28 11:00:00,56.48936
2011-01-28 12:00:00,56.48936
2011-01-28 13:00:00,56.48936
2011-01-28 14:00:00,70.82982
2011-01-28 15:00:00,68.94892
2011-01-28 16:00:00,68.42934
2011-01-28 17:00:00,61.13974
2011-01-28 18:00:00,56.77264
2011-01-28 19:00:00,60.35476
2011-01-28 20:00:00,57.512707
2011-01-28 21:00:00,57.520546
2011-01-28 22:00:00,64.08452
2011-01-28 23:00:00,65.82904
2011-01-29 00:00:00,47.204247
2011-01-29 01:00:00,43.219124
2011-01-29 02:00:00,43.303577
2011-01-29 03:00:00,42.048195
2011-01-29 04:00:00,40.100292
2011-01-29 06:00:00,37.328125
2011-01-29 07:00:00,39.57792
2011-01-29 08:00:00,40.41357
2011-01-29 09:00:00,45.184547
2011-01-29 10:00:00,42.373722
2011-01-29 11:00:00,38.46348
2011-01-29 12:00:00,39.312584
2011-01-29 13:00:00,47.9374
2011-01-29 14:00:00,45.2427
2011-01-29 15:00:00,41.792923
2011-01-29 16:00:00,48.931423
2011-01-29 17:00:00,57.153282
2011-01-29 18:00:00,43.910217
2011-01-29 19:00:00,39.806477
2011-01-29 20:00:00,45.76625
2011-01-29 21:00:00,45.76625
2011-01-29 22:00:00,43.445965
2011-01-29 23:00:00,43.445965
2011-01-30 00:00:00,41.059013
2011-01-30 01:00:00,49.461494
2011-01-30 02:00:00,51.418076
2011-01-30 03:00:00,51.049854
2011-01-30 04:00:00,51.049854
2011-01-30 05:00:00,50.26665
2011-01-30 07:00:00,50.26665
2011-01-30 08:00:00,48.23281
2011-01-30 09:00:00,50.45671
2011-01-30 10:00:00,53.05274
2011-01-30 11:00:00,57.024788
2011-01-30 12:00:00,69.736855
2011-01-30 13:00:00,58.81099
2011-01-30 14:00:00,61.55559
2011-01-30 15:00:00,59.874176
2011-01-30 16:00:00,59.874176
2011-01-30 17:00:00,69.929634
2011-01-30 18:00:00,49.80198
2011-01-30 19:00:00,49.78205
2011-01-30 20:00:00,53.583946
2011-01-30 21:00:00,43.428406
2011-01-30 22:00:00,41.605488
2011-01-30 23:00:00,44.64843
2011-01-31 00:00:00,60.086678
2011-01-31 01:00:00,58.25806
2011-01-31 02:00:00,60.03031
2011-01-31 03:00:00,60.03031
2011-01-31 04:00:00,57.50289
2011-01-31 05:00:00,50.248306
2011-01-31 06:00:00,44.98305
2011-01-31 07:00:00,43.70704
2011-01-31 08:00:00,46.210133
2011-01-31 09:00:00,46.5652
2011-01-31 10:00:00,46.424385
2011-01-31 11:00:00,46.424385
2011-01-31 12:00:00,63.0826
2011-01-31 13:00:00,62.15222
2011-01-31 14:00:00,60.30696
2011-01-31 15:00:00,54.03314
2011-01-31 16:00:00,53.286926
2011-01-31 17:00:00,46.424385
2011-01-31 18:00:00,48.591732
2011-01-31 19:00:00,75.93516
2011-01-31 20:00:00,49.450966
2011-01-31 21:00:00,58.489174
2011-01-31 22:00:00,55.760246
2011-01-31 23:00:00,57.132362
2011-02-20 00:00:00,106.03826
2011-02-20 01:00:00,87.28352
2011-02-20 02:00:00,90.36794
2011-02-20 03:00:00,80.74063
2011-02-20 04:00:00,80.74063
2011-02-20 06:00:00,56.8316
2011-02-20 07:00:00,43.858566
2011-02-20 08:00:00,50.754967
2011-02-20 09:00:00,64.2694
2011-02-20 10:00:00,82.01237
2011-02-20 11:00:00,129.51553
2011-02-20 12:00:00,132.02942
2011-02-20 13:00:00,156.18117
2011-02-20 14:00:00,207.92738
2011-02-20 15:00:00,195.088
2011-02-20 16:00:00,181.14067
2011-02-20 17:00:00,164.32803
2011-02-20 18:00:00,138.61569
2011-02-20 19:00:00,138.61569
2011-02-20 20:00:00,100.41152
2011-02-20 21:00:00,64.64431
2011-02-20 22:00:00,75.35442
2011-02-20 23:00:00,62.862362
2011-02-21 00:00:00,111.446976
2011-02-21 01:00:00,111.446976
2011-02-21 02:00:00,111.446976
2011-02-21 03:00:00,109.1603
2011-02-21 04:00:00,86.63269
2011-02-21 05:00:00,150.59348
2011-02-21 06:00:00,249.6624
2011-02-21 07:00:00,251.70782
2011-02-21 08:00:00,73.23976
2011-02-21 09:00:00,72.212166
2011-02-21 10:00:00,69.63237
2011-02-21 11:00:00,64.49239
2011-02-21 12:00:00,54.800636
2011-02-21 13:00:00,40.913803
2011-02-21 14:00:00,46.46582
2011-02-21 15:00:00,57.74056
2011-02-21 16:00:00,44.249382
2011-02-21 17:00:00,45.40444
2011-02-21 18:00:00,33.400566
2011-02-21 19:00:00,33.400566
2011-02-21 20:00:00,33.629482
2011-02-21 21:00:00,35.09092
2011-02-21 22:00:00,30.01177
2011-02-21 23:00:00,30.01177
2011-02-22 06:00:00,36.263832
2011-02-22 07:00:00,36.263832
2011-02-22 08:00:00,36.719734
2011-02-22 09:00:00,38.42004
2011-02-22 10:00:00,58.8371
2011-02-22 11:00:00,61.27408
2011-02-22 12:00:00,64.31915
2011-02-22 13:00:00,67.25738
2011-02-22 14:00:00,67.22531
2011-02-22 15:00:00,77.910225
2011-02-22 16:00:00,71.07552
2011-02-22 17:00:00,70.89765
2011-02-22 18:00:00,72.819916
2011-02-22 19:00:00,72.76876
2011-02-22 20:00:00,71.529884
2011-02-22 21:00:00,73.31964
2011-02-22 22:00:00,65.41276
2011-02-22 23:00:00,65.41276
2011-02-23 00:00:00,49.62106
2011-02-23 01:00:00,55.217804
2011-02-23 02:00:00,52.57753
2011-02-23 03:00:00,48.539948
2011-02-23 05:00:00,53.861534
2011-02-23 06:00:00,53.861534
2011-02-23 07:00:00,50.4309
2011-02-23 08:00:00,49.865036
2011-02-23 09:00:00,63.386597
2011-02-23 10:00:00,65.422844
2011-02-23 11:00:00,87.88411
2011-02-23 12:00:00,110.32792
2011-02-23 13:00:00,142.70898
2011-02-23 14:00:00,149.42126
2011-02-23 15:00:00,167.71936
2011-02-23 16:00:00,159.67422
2011-02-23 17:00:00,167.71936
2011-02-23 18:00:00,156.75452
2011-02-23 19:00:00,107.642815
2011-02-23 20:00:00,66.76522
2011-02-23 21:00:00,61.870605
2011-02-23 22:00:00,61.870605
2011-02-23 23:00:00,68.23388
2011-02-24 00:00:00,68.23388
2011-02-24 01:00:00,68.03197
2011-02-24 02:00:00,63.374622
2011-02-24 03:00:00,58.66027
2011-02-24 05:00:00,57.21483
2011-02-24 06:00:00,52.281036
2011-02-24 07:00:00,51.47085
2011-02-24 08:00:00,58.45839
2011-02-24 09:00:00,53.571182
2011-02-24 10:00:00,60.971684
2011-02-24 11:00:00,99.79906
2011-02-24 12:00:00,119.60143
2011-02-24 13:00:00,125.48938
2011-02-24 14:00:00,141.78908
2011-02-24 15:00:00,138.3882
2011-02-24 16:00:00,108.087975
2011-02-24 17:00:00,90.95981
2011-02-24 18:00:00,66.64092
2011-02-24 19:00:00,61.119263
2011-02-24 20:00:00,64.257065
2011-02-24 21:00:00,66.64092
2011-02-24 22:00:00,65.852516
2011-02-24 23:00:00,63.00331
2011-02-25 00:00:00,82.071434
2011-02-25 01:00:00,81.428
2011-02-25 02:00:00,81.428
2011-02-25 03:00:00,74.499565
2011-02-25 05:00:00,74.499565
2011-02-25 06:00:00,77.45371
2011-02-25 07:00:00,71.05648
2011-02-25 08:00:00,74.245544
2011-02-25 09:00:00,62.45685
2011-02-25 10:00:00,82.55376
2011-02-25 11:00:00,145.96387
2011-02-25 12:00:00,180.80423
2011-02-25 13:00:00,180.80423
2011-02-25 14:00:00,202.8718
2011-02-25 15:00:00,159.73839
2011-02-25 16:00:00,117.79687
2011-02-25 17:00:00,118.16819
2011-02-25 18:00:00,118.77379
2011-02-25 19:00:00,106.16195
2011-02-25 20:00:00,113.82633
2011-02-25 21:00:00,103.626114
2011-02-25 22:00:00,92.60149
2011-02-25 23:00:00,91.515755
2011-02-26 00:00:00,55.91221
2011-02-26 01:00:00,61.575302
2011-02-26 02:00:00,51.00803
2011-02-26 03:00:00,48.571835
2011-02-26 04:00:00,52.462723
2011-02-26 05:00:00,47.795513
2011-02-26 06:00:00,55.405212
2011-02-26 07:00:00,52.831905
2011-02-26 08:00:00,59.22158
2011-02-26 09:00:00,56.474854
2011-02-26 10:00:00,76.24505
2011-02-26 11:00:00,59.968292
2011-02-26 12:00:00,92.14519
2011-02-26 13:00:00,116.60107
2011-02-26 14:00:00,138.3957
2011-02-26 15:00:00,136.47827
2011-02-26 16:00:00,118.747154
2011-02-26 17:00:00,123.39052
2011-02-26 18:00:00,102.55319
2011-02-26 19:00:00,94.21557
2011-02-26 20:00:00,69.535
2011-02-26 21:00:00,55.983078
2011-02-26 22:00:00,48.85643
2011-02-26 23:00:00,49.17334
2011-02-27 00:00:00,43.553837
2011-02-27 01:00:00,45.731956
2011-02-27 02:00:00,50.886276
2011-02-27 03:00:00,57.028683
2011-02-27 04:00:00,47.450012
2011-02-27 06:00:00,60.367374
2011-02-27 07:00:00,47.450012
2011-02-27 08:00:00,62.359146
2011-02-27 09:00:00,59.000717
2011-02-27 10:00:00,52.877842
2011-02-27 11:00:00,74.27469
2011-02-27 12:00:00,81.98627
2011-02-27 13:00:00,87.83932
2011-02-27 14:00:00,119.87556
2011-02-27 15:00:00,164.2002
2011-02-27 16:00:00,182.32358
2011-02-27 17:00:00,116.32592
2011-02-27 18:00:00,109.41262
2011-02-27 19:00:00,96.38036
2011-02-27 20:00:00,81.98627
2011-02-27 21:00:00,86.311295
2011-02-27 22:00:00,79.19672
2011-02-27 23:00:00,76.81258
2011-02-28 00:00:00,83.12482
2011-02-28 01:00:00,65.86437
2011-02-28 03:00:00,66.51246
2011-02-28 05:00:00,82.165375
2011-02-28 06:00:00,76.849464
2011-02-28 07:00:00,79.583405
2011-02-28 08:00:00,63.31829
2011-02-28 09:00:00,97.178276
2011-02-28 10:00:00,157.5008
2011-02-28 11:00:00,165.12457
2011-02-28 12:00:00,165.12456
2011-02-28 13:00:00,90.21845
2011-02-28 14:00:00,78.53092
2011-02-28 15:00:00,78.53092
2011-02-28 16:00:00,85.26556
2011-02-28 17:00:00,74.47654
2011-02-28 18:00:00,90.527954
2011-02-28 19:00:00,110.4216
2011-02-28 20:00:00,110.4216
2011-02-28 21:00:00,83.951454
2011-02-28 22:00:00,64.19204
2011-02-28 23:00:00,68.652306
2011-03-20 00:00:00,114.82017
2011-03-20 01:00:00,93.12371
2011-03-20 02:00:00,85.463875
2011-03-20 03:00:00,69.04105
2011-03-20 04:00:00,60.232338
2011-03-20 05:00:00,54.024437
2011-03-20 06:00:00,54.997585
2011-03-20 07:00:00,48.64907
2011-03-20 08:00:00,61.637634
2011-03-20 09:00:00,71.66095
2011-03-20 10:00:00,77.77668
2011-03-20 11:00:00,118.415855
2011-03-20 12:00:00,122.36567
2011-03-20 13:00:00,154.09038
2011-03-20 14:00:00,195.0678
2011-03-20 15:00:00,188.69846
2011-03-20 16:00:00,190.76091
2011-03-20 17:00:00,200.67108
2011-03-20 18:00:00,165.18974
2011-03-20 19:00:00,128.40984
2011-03-20 20:00:00,118.747154
2011-03-20 21:00:00,93.85336
2011-03-20 22:00:00,95.09795
2011-03-20 23:00:00,81.28608
2011-03-21 00:00:00,102.21028
2011-03-21 01:00:00,95.360756
2011-03-21 02:00:00,92.33791
2011-03-21 03:00:00,92.33791
2011-03-21 05:00:00,77.19963
2011-03-21 06:00:00,81.43188
2011-03-21 07:00:00,67.75185
2011-03-21 08:00:00,69.01167
2011-03-21 09:00:00,79.71378
2011-03-21 10:00:00,109.2476
2011-03-21 11:00:00,121.393166
2011-03-21 12:00:00,117.28161
2011-03-21 13:00:00,155.96637
2011-03-21 14:00:00,167.98215
2011-03-21 15:00:00,189.87746
2011-03-21 16:00:00,172.33543
2011-03-21 17:00:00,170.26193
2011-03-21 18:00:00,140.19727
2011-03-21 19:00:00,215.8881
2011-03-21 20:00:00,162.42079
2011-03-21 21:00:00,101.90385
2011-03-21 22:00:00,106.63105
2011-03-21 23:00:00,95.37429
2011-03-22 00:00:00,104.81576
2011-03-22 01:00:00,95.03371
2011-03-22 02:00:00,95.69941
2011-03-22 03:00:00,108.14292
2011-03-22 04:00:00,100.77028
2011-03-22 05:00:00,95.60031
2011-03-22 06:00:00,96.23907
2011-03-22 07:00:00,95.01403
2011-03-22 08:00:00,138.80978
2011-03-22 09:00:00,153.1647
2011-03-22 10:00:00,162.29039
2011-03-22 11:00:00,176.68277
2011-03-22 12:00:00,197.62238
2011-03-22 13:00:00,215.9743
2011-03-22 14:00:00,243.72821
2011-03-22 15:00:00,228.24554
2011-03-22 16:00:00,199.3859
2011-03-22 17:00:00,199.3859
2011-03-22 18:00:00,181.31325
2011-03-22 19:00:00,160.26085
2011-03-22 20:00:00,169.01303
2011-03-22 21:00:00,154.5555
2011-03-22 22:00:00,137.48355
2011-03-22 23:00:00,137.48355
2011-03-23 00:00:00,100.15835
2011-03-23 01:00:00,86.44962
2011-03-23 02:00:00,86.44962
2011-03-23 03:00:00,85.91946
2011-03-23 05:00:00,77.09969
2011-03-23 06:00:00,76.81925
2011-03-23 07:00:00,70.83837
2011-03-23 08:00:00,77.50578
2011-03-23 09:00:00,77.09603
2011-03-23 10:00:00,80.75277
2011-03-23 11:00:00,80.75587
2011-03-23 12:00:00,77.509544
2011-03-23 13:00:00,83.011665
2011-03-23 14:00:00,89.53715
2011-03-23 15:00:00,97.212
2011-03-23 16:00:00,108.75967
2011-03-23 17:00:00,108.75967
2011-03-23 18:00:00,98.135155
2011-03-23 19:00:00,98.135155
2011-03-23 20:00:00,88.525024
2011-03-23 21:00:00,63.616478
2011-03-23 22:00:00,76.58786
2011-03-23 23:00:00,86.154625
2011-03-24 00:00:00,70.83837
2011-03-24 01:00:00,66.55777
2011-03-24 02:00:00,64.72551
2011-03-24 03:00:00,65.977875
2011-03-24 04:00:00,65.977875
2011-03-24 05:00:00,65.01828
2011-03-24 06:00:00,65.01828
2011-03-24 07:00:00,60.449257
2011-03-24 08:00:00,53.76306
2011-03-24 09:00:00,62.506355
2011-03-24 10:00:00,56.2565
2011-03-24 11:00:00,69.71233
2011-03-24 12:00:00,82.3072
2011-03-24 13:00:00,87.957054
2011-03-24 14:00:00,84.1881
2011-03-24 15:00:00,82.931114
2011-03-24 16:00:00,89.3447
2011-03-24 17:00:00,83.09309
2011-03-24 18:00:00,94.877754
2011-03-24 19:00:00,110.17848
2011-03-24 20:00:00,89.500145
2011-03-24 21:00:00,78.76567
2011-03-24 22:00:00,79.23049
2011-03-24 23:00:00,72.49855
2011-03-25 00:00:00,77.125786
2011-03-25 01:00:00,65.75441
2011-03-25 02:00:00,60.91295
2011-03-25 03:00:00,71.1368
2011-03-25 04:00:00,66.581116
2011-03-25 05:00:00,60.41886
2011-03-25 06:00:00,55.27039
2011-03-25 07:00:00,70.845894
2011-03-25 08:00:00,87.2919
2011-03-25 09:00:00,96.97026
2011-03-25 10:00:00,85.171555
2011-03-25 11:00:00,129.35492
2011-03-25 12:00:00,141.61777
2011-03-25 13:00:00,155.04169
2011-03-25 14:00:00,194.24954
2011-03-25 15:00:00,169.672
2011-03-25 16:00:00,174.38678
2011-03-25 17:00:00,157.16641
2011-03-25 18:00:00,142.74759
2011-03-25 19:00:00,151.46506
2011-03-25 20:00:00,158.75427
2011-03-25 21:00:00,154.32417
2011-03-25 22:00:00,137.64981
2011-03-25 23:00:00,130.03789
2011-03-26 00:00:00,116.29468
2011-03-26 01:00:00,115.324326
2011-03-26 02:00:00,79.713295
2011-03-26 03:00:00,65.822105
2011-03-26 04:00:00,79.71328
2011-03-26 05:00:00,58.171818
2011-03-26 06:00:00,49.06086
2011-03-26 07:00:00,58.171818
2011-03-26 08:00:00,76.31734
2011-03-26 09:00:00,93.11689
2011-03-26 10:00:00,102.153404
2011-03-26 11:00:00,120.77979
2011-03-26 12:00:00,139.82352
2011-03-26 13:00:00,168.52168
2011-03-26 14:00:00,204.95428
2011-03-26 15:00:00,212.62958
2011-03-26 16:00:00,259.30637
2011-03-26 17:00:00,225.20235
2011-03-26 18:00:00,265.56296
2011-03-26 19:00:00,102.27916
2011-03-26 20:00:00,102.27916
2011-03-26 21:00:00,96.13337
2011-03-26 22:00:00,113.19888
2011-03-26 23:00:00,97.022224
2011-03-27 00:00:00,105.87072
2011-03-27 01:00:00,68.96783
2011-03-27 02:00:00,62.80945
2011-03-27 03:00:00,43.238186
2011-03-27 04:00:00,42.939262
2011-03-27 06:00:00,41.233
2011-03-27 07:00:00,38.701294
2011-03-27 08:00:00,44.613007
2011-03-27 09:00:00,61.527237
2011-03-27 10:00:00,58.89941
2011-03-27 11:00:00,77.76279
2011-03-27 12:00:00,96.41804
2011-03-27 13:00:00,127.67385
2011-03-27 14:00:00,155.55788
2011-03-27 15:00:00,155.15332
2011-03-27 16:00:00,174.7829
2011-03-27 17:00:00,180.07455
2011-03-27 18:00:00,156.11224
2011-03-27 19:00:00,167.7323
2011-03-27 20:00:00,129.79092
2011-03-27 21:00:00,102.153404
2011-03-27 22:00:00,102.153404
2011-03-27 23:00:00,93.73447
2011-03-28 00:00:00,81.898056
2011-03-28 01:00:00,100.36101
2011-03-28 02:00:00,100.09962
2011-03-28 03:00:00,100.09962
2011-03-28 05:00:00,85.56504
2011-03-28 06:00:00,107.78622
2011-03-28 07:00:00,118.31092
2011-03-28 08:00:00,118.190186
2011-03-28 09:00:00,131.42453
2011-03-28 10:00:00,146.62016
2011-03-28 11:00:00,149.29234
2011-03-28 12:00:00,212.04663
2011-03-28 13:00:00,201.53537
2011-03-28 14:00:00,222.75023
2011-03-28 15:00:00,208.06235
2011-03-28 16:00:00,228.64102
2011-03-28 17:00:00,217.55988
2011-03-28 18:00:00,218.49066
2011-03-28 19:00:00,215.04749
2011-03-28 20:00:00,222.34334
2011-03-28 21:00:00,227.1156
2011-03-28 22:00:00,211.32169
2011-03-28 23:00:00,180.69891
2011-03-29 00:00:00,151.94632
2011-03-29 01:00:00,135.93416
2011-03-29 02:00:00,135.93416
2011-03-29 03:00:00,135.93416
2011-03-29 04:00:00,93.41456
2011-03-29 05:00:00,117.35947
2011-03-29 06:00:00,107.9845
2011-03-29 07:00:00,107.20123
2011-03-29 08:00:00,128.03639
2011-03-29 09:00:00,159.57501
2011-03-29 10:00:00,191.5664
2011-03-29 11:00:00,182.33603
2011-03-29 12:00:00,215.83902
2011-03-29 13:00:00,210.52066
2011-03-29 14:00:00,229.7403
2011-03-29 15:00:00,248.32233
2011-03-29 16:00:00,238.53546
2011-03-29 17:00:00,233.7507
2011-03-29 18:00:00,223.08
2011-03-29 19:00:00,227.53595
2011-03-29 20:00:00,223.08
2011-03-29 21:00:00,130.3319
2011-03-29 22:00:00,102.08123
2011-03-29 23:00:00,104.81511
2011-03-30 00:00:00,91.47342
2011-03-30 01:00:00,139.686
2011-03-30 02:00:00,91.47342
2011-03-30 03:00:00,119.95278
2011-03-30 04:00:00,91.47342
2011-03-30 05:00:00,98.88074
2011-03-30 06:00:00,120.62135
2011-03-30 07:00:00,148.27841
2011-03-30 08:00:00,126.911026
2011-03-30 09:00:00,133.14156
2011-03-30 10:00:00,136.89816
2011-03-30 11:00:00,137.84074
2011-03-30 12:00:00,144.75302
2011-03-30 13:00:00,146.5175
2011-03-30 14:00:00,148.11063
2011-03-30 15:00:00,64.799355
2011-03-30 16:00:00,65.0895
2011-03-30 17:00:00,72.2849
2011-03-30 18:00:00,62.506355
2011-03-30 19:00:00,62.506355
2011-03-30 20:00:00,52.200245
2011-03-30 21:00:00,56.771072
2011-03-30 22:00:00,57.10066
2011-03-30 23:00:00,52.660645
2011-03-31 00:00:00,57.10066
2011-03-31 01:00:00,58.976738
2011-03-31 02:00:00,58.976738
2011-03-31 03:00:00,57.10066
2011-03-31 04:00:00,55.48835
2011-03-31 05:00:00,57.10066
2011-03-31 06:00:00,52.200245
2011-03-31 07:00:00,55.48835
2011-03-31 08:00:00,56.348827
2011-03-31 09:00:00,57.949837
2011-03-31 10:00:00,57.949837
2011-03-31 11:00:00,65.8279
2011-03-31 12:00:00,65.8279
2011-03-31 13:00:00,77.01047
2011-03-31 14:00:00,77.010475
2011-03-31 15:00:00,64.812645
2011-03-31 16:00:00,69.40478
2011-03-31 17:00:00,69.40478
2011-03-31 18:00:00,77.41571
2011-03-31 19:00:00,77.41571
2011-03-31 20:00:00,59.308136
2011-03-31 21:00:00,68.8312
2011-03-31 22:00:00,62.427334
2011-03-31 23:00:00,64.66831
2011-04-20 00:00:00,97.652855
2011-04-20 01:00:00,96.33343
2011-04-20 02:00:00,96.33343
2011-04-20 03:00:00,90.61196
2011-04-20 04:00:00,93.14276
2011-04-20 05:00:00,92.01875
2011-04-20 06:00:00,96.33343
2011-04-20 07:00:00,91.32521
2011-04-20 08:00:00,217.89551
2011-04-20 09:00:00,236.86856
2011-04-20 10:00:00,132.00212
2011-04-20 11:00:00,132.00212
2011-04-20 12:00:00,334.6539
2011-04-20 13:00:00,334.6539
2011-04-20 14:00:00,379.1895
2011-04-20 15:00:00,368.69128
2011-04-20 16:00:00,368.69128
2011-04-20 17:00:00,376.28583
2011-04-20 18:00:00,350.74326
2011-04-20 19:00:00,317.1417
2011-04-20 20:00:00,270.9977
2011-04-20 21:00:00,325.3223
2011-04-20 22:00:00,302.09088
2011-04-20 23:00:00,320.53238
2011-04-21 00:00:00,275.85422
2011-04-21 01:00:00,224.42227
2011-04-21 02:00:00,244.78955
2011-04-21 03:00:00,192.62111
2011-04-21 04:00:00,176.13129
2011-04-21 05:00:00,170.14053
2011-04-21 06:00:00,156.0256
2011-04-21 07:00:00,185.05704
2011-04-21 08:00:00,169.43613
2011-04-21 09:00:00,174.0315
2011-04-21 10:00:00,192.01309
2011-04-21 11:00:00,213.05576
2011-04-21 12:00:00,214.87839
2011-04-21 13:00:00,276.2703
2011-04-21 14:00:00,281.4097
2011-04-21 15:00:00,302.76373
2011-04-21 16:00:00,302.76038
2011-04-21 17:00:00,257.02216
2011-04-21 18:00:00,287.19202
2011-04-21 19:00:00,281.23608
2011-04-21 20:00:00,234.2571
2011-04-21 21:00:00,173.4177
2011-04-21 22:00:00,183.43297
2011-04-21 23:00:00,164.78204
2011-04-22 00:00:00,105.99
2011-04-22 01:00:00,126.37235
2011-04-22 02:00:00,130.34897
2011-04-22 03:00:00,130.34897
2011-04-22 04:00:00,122.53857
2011-04-22 05:00:00,117.29766
2011-04-22 06:00:00,122.538574
2011-04-22 07:00:00,122.12539
2011-04-22 08:00:00,119.606606
2011-04-22 09:00:00,104.406364
2011-04-22 10:00:00,107.434395
2011-04-22 11:00:00,99.08361
2011-04-22 12:00:00,87.762024
2011-04-22 13:00:00,80.67548
2011-04-22 14:00:00,76.53479
2011-04-22 15:00:00,80.67548
2011-04-22 16:00:00,83.01167
2011-04-22 17:00:00,70.26258
2011-04-22 18:00:00,70.26258
2011-04-22 19:00:00,70.26258
2011-04-22 20:00:00,73.66411
2011-04-22 21:00:00,72.95177
2011-04-22 22:00:00,73.92686
2011-04-22 23:00:00,82.55957
2011-04-23 00:00:00,57.348312
2011-04-23 01:00:00,57.348312
2011-04-23 02:00:00,62.947765
2011-04-23 03:00:00,67.544914
2011-04-23 04:00:00,77.884224
2011-04-23 05:00:00,77.884224
2011-04-23 06:00:00,62.154526
2011-04-23 07:00:00,61.043465
2011-04-23 08:00:00,57.966053
2011-04-23 09:00:00,68.04236
2011-04-23 10:00:00,81.455505
2011-04-23 11:00:00,89.54873
2011-04-23 12:00:00,133.66765
2011-04-23 13:00:00,131.20569
2011-04-23 14:00:00,152.03094
2011-04-23 15:00:00,179.93375
2011-04-23 16:00:00,165.69772
2011-04-23 17:00:00,172.07103
2011-04-23 18:00:00,122.00613
2011-04-23 19:00:00,129.26962
2011-04-23 20:00:00,111.75238
2011-04-23 21:00:00,127.89239
2011-04-23 22:00:00,136.42812
2011-04-23 23:00:00,102.943115
2011-04-24 00:00:00,109.886826
2011-04-24 01:00:00,98.06869
2011-04-24 02:00:00,98.06869
2011-04-24 03:00:00,89.78412
2011-04-24 04:00:00,89.78412
2011-04-24 05:00:00,89.78412
2011-04-24 06:00:00,91.0964
2011-04-24 07:00:00,91.0964
2011-04-24 08:00:00,97.96754
2011-04-24 09:00:00,116.99671
2011-04-24 10:00:00,119.299225
2011-04-24 11:00:00,174.87547
2011-04-24 12:00:00,224.54099
2011-04-24 13:00:00,280.4489
2011-04-24 14:00:00,314.77032
2011-04-24 15:00:00,235.4912
2011-04-24 16:00:00,372.29782
2011-04-24 17:00:00,225.00967
2011-04-24 18:00:00,156.42938
2011-04-24 19:00:00,137.23518
2011-04-24 20:00:00,137.23518
2011-04-24 21:00:00,100.48704
2011-04-24 22:00:00,96.07276
2011-04-24 23:00:00,97.90509
2011-04-25 00:00:00,101.78065
2011-04-25 01:00:00,102.3511
2011-04-25 02:00:00,102.3511
2011-04-25 03:00:00,103.41754
2011-04-25 04:00:00,99.04889
2011-04-25 05:00:00,96.73217
2011-04-25 06:00:00,98.22415
2011-04-25 07:00:00,103.93658
2011-04-25 08:00:00,103.28401
2011-04-25 09:00:00,113.41572
2011-04-25 10:00:00,171.8288
2011-04-25 11:00:00,171.8288
2011-04-25 12:00:00,183.64618
2011-04-25 13:00:00,221.62148
2011-04-25 14:00:00,273.28204
2011-04-25 15:00:00,290.54898
2011-04-25 16:00:00,302.48148
2011-04-25 17:00:00,286.67972
2011-04-25 18:00:00,279.5108
2011-04-25 19:00:00,264.06128
2011-04-25 20:00:00,236.86856
2011-04-25 21:00:00,188.20477
2011-04-25 22:00:00,180.09128
2011-04-25 23:00:00,153.46709
2011-04-26 00:00:00,195.00636
2011-04-26 01:00:00,181.35306
2011-04-26 02:00:00,144.67331
2011-04-26 03:00:00,129.8227
2011-04-26 04:00:00,134.87007
2011-04-26 05:00:00,124.78321
2011-04-26 06:00:00,123.31494
2011-04-26 07:00:00,146.23593
2011-04-26 08:00:00,146.23592
2011-04-26 09:00:00,199.58331
2011-04-26 10:00:00,219.47868
2011-04-26 11:00:00,247.1532
2011-04-26 12:00:00,276.62625
2011-04-26 13:00:00,345.62216
2011-04-26 14:00:00,286.06094
2011-04-26 15:00:00,272.31467
2011-04-26 16:00:00,288.6417
2011-04-26 17:00:00,262.6311
2011-04-26 18:00:00,249.88306
2011-04-26 19:00:00,206.46318
2011-04-26 20:00:00,199.58331
2011-04-26 21:00:00,169.4994
2011-04-26 22:00:00,132.37375
2011-04-26 23:00:00,140.00497
2011-04-27 00:00:00,136.25452
2011-04-27 01:00:00,144.85878
2011-04-27 02:00:00,132.66322
2011-04-27 03:00:00,138.29884
2011-04-27 04:00:00,118.34852
2011-04-27 05:00:00,123.81266
2011-04-27 06:00:00,122.77184
2011-04-27 07:00:00,138.29884
2011-04-27 08:00:00,142.31668
2011-04-27 09:00:00,153.86678
2011-04-27 10:00:00,155.50768
2011-04-27 11:00:00,172.11029
2011-04-27 12:00:00,185.85973
2011-04-27 13:00:00,175.11499
2011-04-27 14:00:00,196.95721
2011-04-27 15:00:00,262.55405
2011-04-27 16:00:00,236.86697
2011-04-27 17:00:00,177.38242
2011-04-27 18:00:00,177.38242
2011-04-27 19:00:00,169.4994
2011-04-27 20:00:00,165.22781
2011-04-27 21:00:00,144.7194
2011-04-27 22:00:00,149.65327
2011-04-27 23:00:00,152.8115
2011-04-28 00:00:00,182.26158
2011-04-28 01:00:00,166.80107
2011-04-28 02:00:00,173.92725
2011-04-28 03:00:00,183.74036
2011-04-28 04:00:00,170.35844
2011-04-28 05:00:00,166.80107
2011-04-28 06:00:00,193.48923
2011-04-28 07:00:00,191.54294
2011-04-28 08:00:00,198.65031
2011-04-28 09:00:00,148.5817
2011-04-28 10:00:00,145.14835
2011-04-28 11:00:00,155.50768
2011-04-28 12:00:00,166.04662
2011-04-28 13:00:00,157.13791
2011-04-28 14:00:00,157.7961
2011-04-28 15:00:00,216.31923
2011-04-28 16:00:00,163.04811
2011-04-28 17:00:00,309.04504
2011-04-28 18:00:00,309.04504
2011-04-28 19:00:00,305.19513
2011-04-28 20:00:00,257.85678
2011-04-28 21:00:00,213.57214
2011-04-28 22:00:00,217.67368
2011-04-28 23:00:00,221.4277
2011-04-29 00:00:00,264.70944
2011-04-29 01:00:00,184.51381
2011-04-29 02:00:00,108.65614
2011-04-29 03:00:00,114.21377
2011-04-29 04:00:00,161.33942
2011-04-29 05:00:00,174.59283
2011-04-29 06:00:00,228.1341
2011-04-29 07:00:00,229.79166
2011-04-29 08:00:00,277.03143
2011-04-29 09:00:00,281.53677
2011-04-29 10:00:00,277.50296
2011-04-29 11:00:00,301.03308
2011-04-29 12:00:00,289.72836
2011-04-29 13:00:00,293.57126
2011-04-29 14:00:00,331.51923
2011-04-29 15:00:00,283.95197
2011-04-29 16:00:00,264.61578
2011-04-29 17:00:00,238.01305
2011-04-29 18:00:00,228.13617
2011-04-29 19:00:00,173.47783
2011-04-29 20:00:00,197.087
2011-04-29 21:00:00,173.31885
2011-04-29 22:00:00,133.98288
2011-04-29 23:00:00,146.31354
2011-04-30 00:00:00,146.681
2011-04-30 01:00:00,144.02756
2011-04-30 02:00:00,144.26192
2011-04-30 03:00:00,135.12106
2011-04-30 04:00:00,136.64932
2011-04-30 05:00:00,158.45287
2011-04-30 06:00:00,126.05605
2011-04-30 07:00:00,149.47903
2011-04-30 08:00:00,138.57283
2011-04-30 09:00:00,174.07816
2011-04-30 10:00:00,225.67021
2011-04-30 11:00:00,250.89325
2011-04-30 12:00:00,263.50235
2011-04-30 13:00:00,295.9435
2011-04-30 14:00:00,285.074
2011-04-30 15:00:00,283.991
2011-04-30 16:00:00,309.47833
2011-04-30 17:00:00,247.13545
2011-04-30 18:00:00,237.05727
2011-04-30 19:00:00,237.05727
2011-04-30 20:00:00,103.853836
2011-04-30 21:00:00,103.853836
2011-04-30 22:00:00,90.51848
2011-04-30 23:00:00,90.51848
2011-05-20 00:00:00,96.82328
2011-05-20 01:00:00,94.62905
2011-05-20 02:00:00,96.35425
2011-05-20 03:00:00,93.89058
2011-05-20 04:00:00,95.69941
2011-05-20 05:00:00,96.412994
2011-05-20 06:00:00,96.576
2011-05-20 07:00:00,112.03611
2011-05-20 08:00:00,91.22224
2011-05-20 09:00:00,154.12791
2011-05-20 10:00:00,162.42079
2011-05-20 11:00:00,191.86209
2011-05-20 12:00:00,242.96606
2011-05-20 13:00:00,252.81525
2011-05-20 14:00:00,243.70598
2011-05-20 15:00:00,232.664
2011-05-20 16:00:00,238.42894
2011-05-20 17:00:00,187.23755
2011-05-20 18:00:00,215.82726
2011-05-20 19:00:00,129.66196
2011-05-20 20:00:00,135.35252
2011-05-20 21:00:00,128.62523
2011-05-20 22:00:00,91.02298
2011-05-20 23:00:00,120.45525
2011-05-21 00:00:00,94.92654
2011-05-21 01:00:00,83.517654
2011-05-21 02:00:00,96.943436
2011-05-21 03:00:00,89.8627
2011-05-21 04:00:00,88.35767
2011-05-21 05:00:00,87.22048
2011-05-21 06:00:00,95.29687
2011-05-21 07:00:00,105.55646
2011-05-21 08:00:00,158.11456
2011-05-21 09:00:00,194.03844
2011-05-21 10:00:00,173.164
2011-05-21 11:00:00,241.5276
2011-05-21 12:00:00,236.60864
2011-05-21 13:00:00,294.69266
2011-05-21 14:00:00,326.1856
2011-05-21 15:00:00,348.39145
2011-05-21 16:00:00,389.36807
2011-05-21 17:00:00,352.73538
2011-05-21 18:00:00,323.8304
2011-05-21 19:00:00,294.9537
2011-05-21 20:00:00,148.3053
2011-05-21 21:00:00,173.164
2011-05-21 22:00:00,132.45395
2011-05-21 23:00:00,98.648186
2011-05-22 00:00:00,101.85724
2011-05-22 01:00:00,94.070244
2011-05-22 02:00:00,92.12817
2011-05-22 03:00:00,89.87762
2011-05-22 04:00:00,88.95571
2011-05-22 05:00:00,89.87762
2011-05-22 06:00:00,92.12817
2011-05-22 07:00:00,94.94846
2011-05-22 08:00:00,107.58456
2011-05-22 09:00:00,128.44792
2011-05-22 10:00:00,164.90787
2011-05-22 11:00:00,275.9354
2011-05-22 12:00:00,312.10547
2011-05-22 13:00:00,272.03656
2011-05-22 14:00:00,181.3278
2011-05-22 15:00:00,222.37527
2011-05-22 16:00:00,210.96622
2011-05-22 17:00:00,271.98276
2011-05-22 18:00:00,226.84169
2011-05-22 19:00:00,219.41278
2011-05-22 20:00:00,177.92854
2011-05-22 21:00:00,145.83176
2011-05-22 22:00:00,106.917046
2011-05-22 23:00:00,107.24938
2011-05-23 00:00:00,110.981125
2011-05-23 01:00:00,103.28401
2011-05-23 02:00:00,119.017006
2011-05-23 03:00:00,112.787544
2011-05-23 04:00:00,98.12331
2011-05-23 05:00:00,98.12331
2011-05-23 06:00:00,99.93072
2011-05-23 07:00:00,107.133255
2011-05-23 08:00:00,121.751945
2011-05-23 09:00:00,128.50726
2011-05-23 10:00:00,194.66638
2011-05-23 11:00:00,231.17764
2011-05-23 12:00:00,231.17764
2011-05-23 13:00:00,311.72055
2011-05-23 14:00:00,286.55923
2011-05-23 15:00:00,284.933
2011-05-23 16:00:00,268.99533
2011-05-23 17:00:00,244.87614
2011-05-23 18:00:00,206.97162
2011-05-23 19:00:00,190.89453
2011-05-23 20:00:00,142.4262
2011-05-23 21:00:00,134.01358
2011-05-23 22:00:00,124.55879
2011-05-23 23:00:00,128.558
2011-05-24 00:00:00,118.01734
2011-05-24 01:00:00,114.378555
2011-05-24 02:00:00,118.01734
2011-05-24 03:00:00,108.46491
2011-05-24 04:00:00,105.24306
2011-05-24 05:00:00,127.48818
2011-05-24 06:00:00,119.11466
2011-05-24 07:00:00,158.13257
2011-05-24 08:00:00,147.97446
2011-05-24 09:00:00,169.69153
2011-05-24 10:00:00,265.1948
2011-05-24 11:00:00,290.54898
2011-05-24 12:00:00,369.93665
2011-05-24 13:00:00,333.85452
2011-05-24 14:00:00,343.88593
2011-05-24 15:00:00,323.5469
2011-05-24 16:00:00,183.09308
2011-05-24 17:00:00,203.56064
2011-05-24 18:00:00,194.44193
2011-05-24 19:00:00,164.1312
2011-05-24 20:00:00,123.155914
2011-05-24 21:00:00,112.23665
2011-05-24 22:00:00,136.83665
2011-05-24 23:00:00,171.3461
2011-05-25 00:00:00,142.67044
2011-05-25 01:00:00,132.58226
2011-05-25 02:00:00,98.9892
2011-05-25 03:00:00,105.46906
2011-05-25 04:00:00,103.32895
2011-05-25 05:00:00,101.78547
2011-05-25 06:00:00,102.26919
2011-05-25 07:00:00,131.45657
2011-05-25 08:00:00,184.36942
2011-05-25 09:00:00,170.26909
2011-05-25 10:00:00,196.97652
2011-05-25 11:00:00,251.99246
2011-05-25 12:00:00,251.55539
2011-05-25 13:00:00,251.55539
2011-05-25 14:00:00,259.75793
2011-05-25 15:00:00,306.81732
2011-05-25 16:00:00,309.3527
2011-05-25 17:00:00,290.54898
2011-05-25 18:00:00,256.49744
2011-05-25 19:00:00,213.31104
2011-05-25 20:00:00,221.26895
2011-05-25 21:00:00,159.95676
2011-05-25 22:00:00,199.47209
2011-05-25 23:00:00,136.23758
2011-05-26 00:00:00,136.2376
2011-05-26 01:00:00,136.2376
2011-05-26 02:00:00,109.9616
2011-05-26 03:00:00,103.40646
2011-05-26 04:00:00,96.286476
2011-05-26 05:00:00,106.759834
2011-05-26 06:00:00,105.86724
2011-05-26 07:00:00,131.12782
2011-05-26 08:00:00,134.90648
2011-05-26 09:00:00,196.5521
2011-05-26 10:00:00,206.97162
2011-05-26 11:00:00,236.14146
2011-05-26 12:00:00,314.76157
2011-05-26 13:00:00,347.81403
2011-05-26 14:00:00,347.81403
2011-05-26 15:00:00,368.39084
2011-05-26 16:00:00,376.40512
2011-05-26 17:00:00,351.0742
2011-05-26 18:00:00,366.80136
2011-05-26 19:00:00,358.06335
2011-05-26 20:00:00,240.60347
2011-05-26 21:00:00,204.39157
2011-05-26 22:00:00,197.01407
2011-05-26 23:00:00,213.84564
2011-05-27 00:00:00,206.55853
2011-05-27 01:00:00,270.17276
2011-05-27 02:00:00,229.17686
2011-05-27 03:00:00,161.32552
2011-05-27 04:00:00,151.87088
2011-05-27 05:00:00,212.98448
2011-05-27 06:00:00,133.67828
2011-05-27 07:00:00,148.63507
2011-05-27 08:00:00,190.72586
2011-05-27 09:00:00,237.46762
2011-05-27 10:00:00,318.69464
2011-05-27 11:00:00,312.82367
2011-05-27 12:00:00,314.1818
2011-05-27 13:00:00,256.27518
2011-05-27 14:00:00,294.2753
2011-05-27 15:00:00,336.9738
2011-05-27 16:00:00,334.98978
2011-05-27 17:00:00,310.0527
2011-05-27 18:00:00,268.99533
2011-05-27 19:00:00,158.29124
2011-05-27 20:00:00,172.14021
2011-05-27 21:00:00,107.60592
2011-05-27 22:00:00,119.35253
2011-05-27 23:00:00,108.83505
2011-05-28 00:00:00,102.72295
2011-05-28 01:00:00,111.831955
2011-05-28 02:00:00,105.09699
2011-05-28 03:00:00,112.84
2011-05-28 04:00:00,116.99671
2011-05-28 05:00:00,112.84
2011-05-28 06:00:00,128.09549
2011-05-28 07:00:00,132.63797
2011-05-28 08:00:00,133.63713
2011-05-28 09:00:00,172.12778
2011-05-28 10:00:00,225.35225
2011-05-28 11:00:00,225.35225
2011-05-28 12:00:00,282.155
2011-05-28 13:00:00,255.70274
2011-05-28 14:00:00,282.52087
2011-05-28 15:00:00,299.42325
2011-05-28 16:00:00,329.29477
2011-05-28 17:00:00,323.0596
2011-05-28 18:00:00,264.22244
2011-05-28 19:00:00,216.96857
2011-05-28 20:00:00,225.35225
2011-05-28 21:00:00,185.47906
2011-05-28 22:00:00,151.88824
2011-05-28 23:00:00,124.3899
2011-05-29 00:00:00,132.43196
2011-05-29 01:00:00,111.04289
2011-05-29 02:00:00,101.256165
2011-05-29 03:00:00,101.256165
2011-05-29 04:00:00,97.370514
2011-05-29 05:00:00,103.33742
2011-05-29 06:00:00,118.33461
2011-05-29 07:00:00,128.31215
2011-05-29 08:00:00,123.03989
2011-05-29 09:00:00,118.83439
2011-05-29 10:00:00,143.41107
2011-05-29 11:00:00,154.93341
2011-05-29 12:00:00,195.34634
2011-05-29 13:00:00,231.04199
2011-05-29 14:00:00,240.40628
2011-05-29 15:00:00,244.34883
2011-05-29 16:00:00,240.40628
2011-05-29 17:00:00,240.40628
2011-05-29 18:00:00,216.98792
2011-05-29 19:00:00,208.2655
2011-05-29 20:00:00,153.64487
2011-05-29 21:00:00,126.831215
2011-05-29 22:00:00,110.25542
2011-05-29 23:00:00,115.73614
2011-05-30 00:00:00,110.51702
2011-05-30 01:00:00,102.404236
2011-05-30 02:00:00,110.51702
2011-05-30 03:00:00,110.51702
2011-05-30 04:00:00,103.82382
2011-05-30 05:00:00,98.88108
2011-05-30 06:00:00,99.072136
2011-05-30 07:00:00,92.63349
2011-05-30 08:00:00,106.09022
2011-05-30 09:00:00,147.22049
2011-05-30 10:00:00,352.34415
2011-05-30 11:00:00,340.94916
2011-05-30 12:00:00,390.5742
2011-05-30 13:00:00,400.91736
2011-05-30 14:00:00,419.87296
2011-05-30 15:00:00,436.05954
2011-05-30 16:00:00,443.6319
2011-05-30 17:00:00,424.42218
2011-05-30 18:00:00,411.24484
2011-05-30 19:00:00,213.6073
2011-05-30 20:00:00,253.60765
2011-05-30 21:00:00,196.0722
2011-05-30 22:00:00,177.12895
2011-05-30 23:00:00,114.35944
2011-05-31 00:00:00,124.57569
2011-05-31 01:00:00,113.53983
2011-05-31 02:00:00,117.80416
2011-05-31 03:00:00,101.614784
2011-05-31 04:00:00,112.08063
2011-05-31 05:00:00,112.08063
2011-05-31 06:00:00,118.92667
2011-05-31 07:00:00,199.59206
2011-05-31 08:00:00,258.3098
2011-05-31 09:00:00,284.4542
2011-05-31 10:00:00,292.96283
2011-05-31 11:00:00,309.27383
2011-05-31 12:00:00,321.67227
2011-05-31 13:00:00,331.816
2011-05-31 14:00:00,317.03647
2011-05-31 15:00:00,327.08102
2011-05-31 16:00:00,323.79108
2011-05-31 17:00:00,337.42413
2011-05-31 18:00:00,329.75443
2011-05-31 19:00:00,238.83167
2011-05-31 20:00:00,238.83167
2011-05-31 21:00:00,212.0645
2011-05-31 22:00:00,204.57571
2011-05-31 23:00:00,132.75076
2011-06-20 00:00:00,129.27298
2011-06-20 01:00:00,106.69614
2011-06-20 02:00:00,106.69614
2011-06-20 03:00:00,105.46651
2011-06-20 04:00:00,125.86598
2011-06-20 05:00:00,126.037895
2011-06-20 06:00:00,132.90057
2011-06-20 07:00:00,122.95504
2011-06-20 08:00:00,128.54153
2011-06-20 09:00:00,159.23422
2011-06-20 10:00:00,159.23422
2011-06-20 11:00:00,117.15719
2011-06-20 12:00:00,149.78162
2011-06-20 13:00:00,159.02444
2011-06-20 14:00:00,186.68741
2011-06-20 15:00:00,198.00867
2011-06-20 16:00:00,232.84267
2011-06-20 17:00:00,206.30525
2011-06-20 18:00:00,244.5176
2011-06-20 19:00:00,206.38106
2011-06-20 20:00:00,191.48523
2011-06-20 21:00:00,148.63507
2011-06-20 22:00:00,177.96342
2011-06-20 23:00:00,163.04811
2011-06-21 00:00:00,151.92297
2011-06-21 01:00:00,180.3838
2011-06-21 02:00:00,158.1056
2011-06-21 03:00:00,158.1056
2011-06-21 04:00:00,118.59583
2011-06-21 05:00:00,124.83613
2011-06-21 06:00:00,124.83613
2011-06-21 07:00:00,104.991905
2011-06-21 08:00:00,120.68431
2011-06-21 09:00:00,154.87459
2011-06-21 10:00:00,158.13783
2011-06-21 11:00:00,143.75887
2011-06-21 12:00:00,199.90681
2011-06-21 13:00:00,248.45532
2011-06-21 14:00:00,286.8763
2011-06-21 15:00:00,319.84235
2011-06-21 16:00:00,323.24814
2011-06-21 17:00:00,286.79706
2011-06-21 18:00:00,274.7621
2011-06-21 19:00:00,246.36594
2011-06-21 20:00:00,264.37698
2011-06-21 21:00:00,222.41415
2011-06-21 22:00:00,152.6112
2011-06-21 23:00:00,176.62645
2011-06-22 00:00:00,169.27594
2011-06-22 01:00:00,146.85078
2011-06-22 02:00:00,113.97291
2011-06-22 03:00:00,146.85078
2011-06-22 04:00:00,105.199066
2011-06-22 05:00:00,105.47168
2011-06-22 06:00:00,108.48329
2011-06-22 07:00:00,127.15942
2011-06-22 08:00:00,189.85654
2011-06-22 09:00:00,187.93881
2011-06-22 10:00:00,255.38428
2011-06-22 11:00:00,232.63928
2011-06-22 12:00:00,334.5811
2011-06-22 13:00:00,364.16306
2011-06-22 14:00:00,385.56744
2011-06-22 15:00:00,372.0424
2011-06-22 16:00:00,372.93402
2011-06-22 17:00:00,387.73056
2011-06-22 18:00:00,342.41537
2011-06-22 19:00:00,365.33954
2011-06-22 20:00:00,209.87015
2011-06-22 21:00:00,195.68042
2011-06-22 22:00:00,212.11887
2011-06-22 23:00:00,220.41934
2011-06-23 00:00:00,209.27171
2011-06-23 01:00:00,229.55281
2011-06-23 02:00:00,229.55281
2011-06-23 03:00:00,225.4533
2011-06-23 04:00:00,177.41182
2011-06-23 05:00:00,213.64894
2011-06-23 06:00:00,213.64893
2011-06-23 07:00:00,215.11458
2011-06-23 08:00:00,249.22244
2011-06-23 09:00:00,235.24057
2011-06-23 10:00:00,264.67578
2011-06-23 11:00:00,298.93155
2011-06-23 12:00:00,296.84653
2011-06-23 13:00:00,310.81696
2011-06-23 14:00:00,299.67593
2011-06-23 15:00:00,368.23264
2011-06-23 16:00:00,300.53552
2011-06-23 17:00:00,270.5782
2011-06-23 18:00:00,274.6221
2011-06-23 19:00:00,270.94388
2011-06-23 20:00:00,217.3948
2011-06-23 21:00:00,209.39363
2011-06-23 22:00:00,227.73384
2011-06-23 23:00:00,232.08728
2011-06-24 00:00:00,175.21039
2011-06-24 01:00:00,188.02812
2011-06-24 02:00:00,188.02812
2011-06-24 03:00:00,143.75887
2011-06-24 04:00:00,122.42855
2011-06-24 05:00:00,115.22964
2011-06-24 06:00:00,134.59676
2011-06-24 07:00:00,176.00806
2011-06-24 08:00:00,217.3948
2011-06-24 09:00:00,251.87491
2011-06-24 10:00:00,378.55743
2011-06-24 11:00:00,389.14188
2011-06-24 12:00:00,376.28226
2011-06-24 13:00:00,353.74957
2011-06-24 14:00:00,373.9956
2011-06-24 15:00:00,404.09637
2011-06-24 16:00:00,406.28873
2011-06-24 17:00:00,356.44498
2011-06-24 18:00:00,371.45877
2011-06-24 19:00:00,345.48636
2011-06-24 20:00:00,320.16354
2011-06-24 21:00:00,293.63046
2011-06-24 22:00:00,282.06183
2011-06-24 23:00:00,272.23398
2011-06-25 00:00:00,330.46872
2011-06-25 01:00:00,301.73816
2011-06-25 02:00:00,321.27972
2011-06-25 03:00:00,265.14658
2011-06-25 04:00:00,265.14658
2011-06-25 05:00:00,218.67032
2011-06-25 06:00:00,271.66122
2011-06-25 07:00:00,284.63718
2011-06-25 08:00:00,357.40732
2011-06-25 09:00:00,382.05432
2011-06-25 10:00:00,366.3432
2011-06-25 11:00:00,376.40604
2011-06-25 12:00:00,424.70264
2011-06-25 13:00:00,424.70264
2011-06-25 14:00:00,402.30188
2011-06-25 15:00:00,357.74014
2011-06-25 16:00:00,423.36685
2011-06-25 17:00:00,400.7875
2011-06-25 18:00:00,382.05432
2011-06-25 19:00:00,375.0263
2011-06-25 20:00:00,341.17065
2011-06-25 21:00:00,304.95554
2011-06-25 22:00:00,338.01328
2011-06-25 23:00:00,338.47852
2011-06-26 00:00:00,257.76913
2011-06-26 01:00:00,267.9871
2011-06-26 02:00:00,241.80806
2011-06-26 03:00:00,187.38765
2011-06-26 04:00:00,182.0948
2011-06-26 05:00:00,162.90063
2011-06-26 06:00:00,162.90063
2011-06-26 07:00:00,186.0618
2011-06-26 08:00:00,244.44458
2011-06-26 09:00:00,260.8472
2011-06-26 10:00:00,329.26422
2011-06-26 11:00:00,351.94354
2011-06-26 12:00:00,394.9959
2011-06-26 13:00:00,383.27994
2011-06-26 14:00:00,387.52234
2011-06-26 15:00:00,383.27994
2011-06-26 16:00:00,394.15128
2011-06-26 17:00:00,393.6164
2011-06-26 18:00:00,392.3685
2011-06-26 19:00:00,351.35263
2011-06-26 20:00:00,336.48685
2011-06-26 21:00:00,298.9066
2011-06-26 22:00:00,297.0358
2011-06-26 23:00:00,277.11972
2011-06-27 00:00:00,212.85521
2011-06-27 01:00:00,154.82556
2011-06-27 02:00:00,172.00146
2011-06-27 03:00:00,172.00146
2011-06-27 04:00:00,143.66544
2011-06-27 05:00:00,147.27493
2011-06-27 06:00:00,164.6457
2011-06-27 07:00:00,205.9332
2011-06-27 08:00:00,189.74527
2011-06-27 09:00:00,276.03897
2011-06-27 10:00:00,286.20587
2011-06-27 11:00:00,243.6194
2011-06-27 12:00:00,276.03897
2011-06-27 13:00:00,293.35544
2011-06-27 14:00:00,260.22992
2011-06-27 15:00:00,278.40723
2011-06-27 16:00:00,270.88834
2011-06-27 17:00:00,278.44263
2011-06-27 18:00:00,274.43976
2011-06-27 19:00:00,263.69946
2011-06-27 20:00:00,215.51459
2011-06-27 21:00:00,183.30768
2011-06-27 22:00:00,159.01123
2011-06-27 23:00:00,159.01123
2011-06-28 00:00:00,162.08147
2011-06-28 01:00:00,131.10596
2011-06-28 02:00:00,151.79794
2011-06-28 03:00:00,151.79794
2011-06-28 04:00:00,131.10596
2011-06-28 05:00:00,113.97291
2011-06-28 06:00:00,143.75887
2011-06-28 07:00:00,162.20343
2011-06-28 08:00:00,175.32698
2011-06-28 09:00:00,180.129
2011-06-28 10:00:00,342.75845
2011-06-28 11:00:00,333.8663
2011-06-28 12:00:00,370.45605
2011-06-28 13:00:00,337.6849
2011-06-28 14:00:00,372.3226
2011-06-28 15:00:00,346.7306
2011-06-28 16:00:00,392.69498
2011-06-28 17:00:00,380.5047
2011-06-28 18:00:00,374.27847
2011-06-28 19:00:00,336.66214
2011-06-28 20:00:00,214.4747
2011-06-28 21:00:00,278.14105
2011-06-28 22:00:00,246.70657
2011-06-28 23:00:00,243.79282
2011-06-29 00:00:00,206.52534
2011-06-29 01:00:00,206.34209
2011-06-29 02:00:00,166.12054
2011-06-29 03:00:00,135.2049
2011-06-29 04:00:00,126.19206
2011-06-29 05:00:00,148.09737
2011-06-29 06:00:00,234.34631
2011-06-29 07:00:00,292.094
2011-06-29 08:00:00,334.59335
2011-06-29 09:00:00,379.07874
2011-06-29 10:00:00,367.08038
2011-06-29 11:00:00,344.96988
2011-06-29 12:00:00,354.88116
2011-06-29 13:00:00,378.89932
2011-06-29 14:00:00,337.77744
2011-06-29 15:00:00,330.74295
2011-06-29 16:00:00,401.80582
2011-06-29 17:00:00,390.30078
2011-06-29 18:00:00,364.59402
2011-06-29 19:00:00,394.72418
2011-06-29 20:00:00,368.27753
2011-06-29 21:00:00,343.88345
2011-06-29 22:00:00,330.86478
2011-06-29 23:00:00,306.2813
2011-06-30 00:00:00,276.32364
2011-06-30 01:00:00,255.43427
2011-06-30 02:00:00,238.3909
2011-06-30 03:00:00,226.83113
2011-06-30 04:00:00,185.44353
2011-06-30 05:00:00,209.57635
2011-06-30 06:00:00,232.514
2011-06-30 07:00:00,239.05757
2011-06-30 08:00:00,314.54916
2011-06-30 09:00:00,339.06372
2011-06-30 10:00:00,335.812
2011-06-30 11:00:00,321.3707
2011-06-30 12:00:00,330.09427
2011-06-30 13:00:00,335.53967
2011-06-30 14:00:00,335.822
2011-06-30 15:00:00,339.18906
2011-06-30 16:00:00,313.03372
2011-06-30 17:00:00,374.83093
2011-06-30 18:00:00,346.51828
2011-06-30 19:00:00,332.8652
2011-06-30 20:00:00,332.8652
2011-06-30 21:00:00,313.27518
2011-06-30 22:00:00,322.77734
2011-06-30 23:00:00,249.04926
2011-07-20 00:00:00,135.96397
2011-07-20 01:00:00,116.57448
2011-07-20 02:00:00,116.57448
2011-07-20 03:00:00,135.96397
2011-07-20 04:00:00,112.654
2011-07-20 05:00:00,131.43898
2011-07-20 06:00:00,130.75606
2011-07-20 07:00:00,147.19757
2011-07-20 08:00:00,166.64157
2011-07-20 09:00:00,206.65991
2011-07-20 10:00:00,194.00815
2011-07-20 11:00:00,278.48163
2011-07-20 12:00:00,294.21732
2011-07-20 13:00:00,351.33203
2011-07-20 14:00:00,377.3617
2011-07-20 15:00:00,361.53104
2011-07-20 16:00:00,321.68518
2011-07-20 17:00:00,343.09076
2011-07-20 18:00:00,350.97995
2011-07-20 19:00:00,304.2856
2011-07-20 20:00:00,279.60873
2011-07-20 21:00:00,289.6416
2011-07-20 22:00:00,276.52652
2011-07-20 23:00:00,251.422
2011-07-21 00:00:00,247.45032
2011-07-21 01:00:00,212.19037
2011-07-21 02:00:00,212.19037
2011-07-21 03:00:00,197.19664
2011-07-21 04:00:00,160.65894
2011-07-21 05:00:00,160.65894
2011-07-21 06:00:00,160.65894
2011-07-21 07:00:00,178.19206
2011-07-21 08:00:00,228.88187
2011-07-21 09:00:00,290.6382
2011-07-21 10:00:00,319.53796
2011-07-21 11:00:00,388.7431
2011-07-21 12:00:00,415.38135
2011-07-21 13:00:00,407.90842
2011-07-21 14:00:00,432.04895
2011-07-21 15:00:00,409.24106
2011-07-21 16:00:00,413.66443
2011-07-21 17:00:00,412.9002
2011-07-21 18:00:00,408.98727
2011-07-21 19:00:00,367.2503
2011-07-21 20:00:00,320.90018
2011-07-21 21:00:00,302.7254
2011-07-21 22:00:00,293.6571
2011-07-21 23:00:00,275.7674
2011-07-22 00:00:00,308.00403
2011-07-22 01:00:00,260.53687
2011-07-22 02:00:00,224.1135
2011-07-22 03:00:00,225.51746
2011-07-22 04:00:00,207.41309
2011-07-22 05:00:00,172.19766
2011-07-22 06:00:00,201.63799
2011-07-22 07:00:00,287.84863
2011-07-22 08:00:00,334.9385
2011-07-22 09:00:00,325.92133
2011-07-22 10:00:00,369.46024
2011-07-22 11:00:00,365.92053
2011-07-22 12:00:00,391.87128
2011-07-22 13:00:00,401.51974
2011-07-22 14:00:00,433.9534
2011-07-22 15:00:00,433.68445
2011-07-22 16:00:00,423.23294
2011-07-22 17:00:00,354.05035
2011-07-22 18:00:00,356.93484
2011-07-22 19:00:00,361.23886
2011-07-22 20:00:00,321.68518
2011-07-22 21:00:00,303.84335
2011-07-22 22:00:00,354.927
2011-07-22 23:00:00,303.31656
2011-07-23 00:00:00,343.22556
2011-07-23 01:00:00,360.76852
2011-07-23 02:00:00,367.25018
2011-07-23 03:00:00,264.6011
2011-07-23 04:00:00,253.87708
2011-07-23 05:00:00,279.43045
2011-07-23 06:00:00,353.61832
2011-07-23 07:00:00,346.7233
2011-07-23 08:00:00,423.11673
2011-07-23 09:00:00,403.80753
2011-07-23 10:00:00,432.72577
2011-07-23 11:00:00,429.85098
2011-07-23 12:00:00,428.1642
2011-07-23 13:00:00,430.92856
2011-07-23 14:00:00,442.52283
2011-07-23 15:00:00,439.65512
2011-07-23 16:00:00,430.62378
2011-07-23 17:00:00,430.62378
2011-07-23 18:00:00,444.77725
2011-07-23 19:00:00,351.42838
2011-07-23 20:00:00,361.1522
2011-07-23 21:00:00,361.1522
2011-07-23 22:00:00,338.77054
2011-07-23 23:00:00,315.7918
2011-07-24 00:00:00,315.7918
2011-07-24 01:00:00,270.30853
2011-07-24 02:00:00,295.77875
2011-07-24 03:00:00,295.77875
2011-07-24 04:00:00,270.30853
2011-07-24 05:00:00,264.6011
2011-07-24 06:00:00,311.9955
2011-07-24 07:00:00,323.38705
2011-07-24 08:00:00,390.48538
2011-07-24 09:00:00,419.965
2011-07-24 10:00:00,451.94336
2011-07-24 11:00:00,405.94238
2011-07-24 12:00:00,430.91388
2011-07-24 13:00:00,433.2565
2011-07-24 14:00:00,438.52063
2011-07-24 15:00:00,448.61667
2011-07-24 16:00:00,448.61667
2011-07-24 17:00:00,425.28824
2011-07-24 18:00:00,424.32263
2011-07-24 19:00:00,419.31454
2011-07-24 20:00:00,403.80753
2011-07-24 21:00:00,308.9408
2011-07-24 22:00:00,247.18129
2011-07-24 23:00:00,236.46515
2011-07-25 00:00:00,212.80714
2011-07-25 01:00:00,214.52246
2011-07-25 02:00:00,180.57355
2011-07-25 03:00:00,145.84987
2011-07-25 04:00:00,144.32388
2011-07-25 05:00:00,144.32388
2011-07-25 06:00:00,155.96112
2011-07-25 07:00:00,162.8418
2011-07-25 08:00:00,193.5282
2011-07-25 09:00:00,249.42677
2011-07-25 10:00:00,294.21732
2011-07-25 11:00:00,355.08505
2011-07-25 12:00:00,355.08505
2011-07-25 13:00:00,222.92792
2011-07-25 14:00:00,212.11882
2011-07-25 15:00:00,213.8406
2011-07-25 16:00:00,180.0802
2011-07-25 17:00:00,159.81374
2011-07-25 18:00:00,192.4428
2011-07-25 19:00:00,206.65991
2011-07-25 20:00:00,201.72449
2011-07-25 21:00:00,116.57448
2011-07-25 22:00:00,116.57448
2011-07-25 23:00:00,131.84753
2011-07-26 00:00:00,152.6112
2011-07-26 01:00:00,152.6112
2011-07-26 02:00:00,125.10001
2011-07-26 03:00:00,131.68036
2011-07-26 04:00:00,140.83427
2011-07-26 05:00:00,117.10987
2011-07-26 06:00:00,174.14647
2011-07-26 07:00:00,270.71774
2011-07-26 08:00:00,295.75912
2011-07-26 09:00:00,350.51572
2011-07-26 10:00:00,345.8653
2011-07-26 11:00:00,331.04214
2011-07-26 12:00:00,331.65195
2011-07-26 13:00:00,375.44427
2011-07-26 14:00:00,368.453
2011-07-26 15:00:00,380.1169
2011-07-26 16:00:00,381.1252
2011-07-26 17:00:00,405.18753
2011-07-26 18:00:00,413.63535
2011-07-26 19:00:00,386.7919
2011-07-26 20:00:00,369.23596
2011-07-26 21:00:00,347.87482
2011-07-26 22:00:00,286.4486
2011-07-26 23:00:00,271.38123
2011-07-27 00:00:00,328.01364
2011-07-27 01:00:00,339.6791
2011-07-27 02:00:00,347.35336
2011-07-27 03:00:00,267.5667
2011-07-27 04:00:00,305.10083
2011-07-27 05:00:00,309.02316
2011-07-27 06:00:00,292.094
2011-07-27 07:00:00,334.86386
2011-07-27 08:00:00,356.97574
2011-07-27 09:00:00,354.88116
2011-07-27 10:00:00,327.94138
2011-07-27 11:00:00,329.1469
2011-07-27 12:00:00,364.24072
2011-07-27 13:00:00,389.46127
2011-07-27 14:00:00,343.36224
2011-07-27 15:00:00,350.0305
2011-07-27 16:00:00,321.5335
2011-07-27 17:00:00,338.1179
2011-07-27 18:00:00,319.55017
2011-07-27 19:00:00,319.8288
2011-07-27 20:00:00,349.88354
2011-07-27 21:00:00,298.42822
2011-07-27 22:00:00,290.7072
2011-07-27 23:00:00,306.56943
2011-07-28 00:00:00,279.70914
2011-07-28 01:00:00,270.58646
2011-07-28 02:00:00,267.7755
2011-07-28 03:00:00,250.71451
2011-07-28 04:00:00,233.36467
2011-07-28 05:00:00,215.51459
2011-07-28 06:00:00,185.57901
2011-07-28 07:00:00,225.37003
2011-07-28 08:00:00,248.45532
2011-07-28 09:00:00,302.08646
2011-07-28 10:00:00,353.77222
2011-07-28 11:00:00,374.512
2011-07-28 12:00:00,375.23016
2011-07-28 13:00:00,384.01767
2011-07-28 14:00:00,393.62137
2011-07-28 15:00:00,369.55576
2011-07-28 16:00:00,359.76038
2011-07-28 17:00:00,358.7264
2011-07-28 18:00:00,358.82486
2011-07-28 19:00:00,329.15414
2011-07-28 20:00:00,303.31653
2011-07-28 21:00:00,301.8727
2011-07-28 22:00:00,266.1642
2011-07-28 23:00:00,237.66461
2011-07-29 00:00:00,195.68042
2011-07-29 01:00:00,183.66171
2011-07-29 02:00:00,145.84987
2011-07-29 03:00:00,145.84987
2011-07-29 04:00:00,159.38693
2011-07-29 05:00:00,125.585045
2011-07-29 06:00:00,139.15714
2011-07-29 07:00:00,180.57355
2011-07-29 08:00:00,194.65385
2011-07-29 09:00:00,384.01767
2011-07-29 10:00:00,397.51614
2011-07-29 11:00:00,404.7717
2011-07-29 12:00:00,383.27774
2011-07-29 13:00:00,351.86362
2011-07-29 14:00:00,362.84216
2011-07-29 15:00:00,371.5622
2011-07-29 16:00:00,414.22495
2011-07-29 17:00:00,385.59723
2011-07-29 18:00:00,407.61642
2011-07-29 19:00:00,381.7675
2011-07-29 20:00:00,402.98868
2011-07-29 21:00:00,350.5328
2011-07-29 22:00:00,358.76852
2011-07-29 23:00:00,300.8437
2011-07-30 00:00:00,328.3523
2011-07-30 01:00:00,299.7189
2011-07-30 02:00:00,304.0069
2011-07-30 03:00:00,273.2675
2011-07-30 04:00:00,245.8367
2011-07-30 05:00:00,256.38498
2011-07-30 06:00:00,259.93015
2011-07-30 07:00:00,279.44812
2011-07-30 08:00:00,334.00037
2011-07-30 09:00:00,440.21518
2011-07-30 10:00:00,448.58707
2011-07-30 11:00:00,418.47946
2011-07-30 12:00:00,407.97018
2011-07-30 13:00:00,417.14694
2011-07-30 14:00:00,420.67285
2011-07-30 15:00:00,412.79266
2011-07-30 16:00:00,416.4678
2011-07-30 17:00:00,411.47928
2011-07-30 18:00:00,409.8029
2011-07-30 19:00:00,412.3354
2011-07-30 20:00:00,405.02768
2011-07-30 21:00:00,380.05045
2011-07-30 22:00:00,332.69598
2011-07-30 23:00:00,299.71887
2011-07-31 00:00:00,299.7189
2011-07-31 01:00:00,250.02686
2011-07-31 02:00:00,230.54202
2011-07-31 03:00:00,211.77887
2011-07-31 04:00:00,175.96146
2011-07-31 05:00:00,182.09372
2011-07-31 06:00:00,186.05371
2011-07-31 07:00:00,286.74246
2011-07-31 08:00:00,336.96823
2011-07-31 09:00:00,371.82193
2011-07-31 10:00:00,412.3972
2011-07-31 11:00:00,400.61966
2011-07-31 12:00:00,404.3798
2011-07-31 13:00:00,398.86975
2011-07-31 14:00:00,397.03693
2011-07-31 15:00:00,413.45285
2011-07-31 16:00:00,405.02493
2011-07-31 17:00:00,384.5748
2011-07-31 18:00:00,450.1907
2011-07-31 19:00:00,396.18344
2011-07-31 20:00:00,396.18344
2011-07-31 21:00:00,356.07758
2011-07-31 22:00:00,269.8468
2011-07-31 23:00:00,272.36356
2011-08-20 00:00:00,96.67385
2011-08-20 01:00:00,98.62771
2011-08-20 02:00:00,103.048416
2011-08-20 03:00:00,103.048416
2011-08-20 04:00:00,100.16925
2011-08-20 05:00:00,97.07841
2011-08-20 06:00:00,121.34658
2011-08-20 07:00:00,98.62772
2011-08-20 08:00:00,148.57336
2011-08-20 09:00:00,191.06865
2011-08-20 10:00:00,252.22455
2011-08-20 11:00:00,254.03854
2011-08-20 12:00:00,286.74246
2011-08-20 13:00:00,311.5243
2011-08-20 14:00:00,387.1151
2011-08-20 15:00:00,414.8392
2011-08-20 16:00:00,402.21237
2011-08-20 17:00:00,387.1151
2011-08-20 18:00:00,333.36212
2011-08-20 19:00:00,280.50412
2011-08-20 20:00:00,288.0764
2011-08-20 21:00:00,242.04245
2011-08-20 22:00:00,214.60031
2011-08-20 23:00:00,179.04205
2011-08-21 00:00:00,202.28067
2011-08-21 01:00:00,177.9296
2011-08-21 02:00:00,165.18295
2011-08-21 03:00:00,154.42772
2011-08-21 04:00:00,163.45879
2011-08-21 05:00:00,154.44525
2011-08-21 06:00:00,152.11224
2011-08-21 07:00:00,181.49878
2011-08-21 08:00:00,189.50871
2011-08-21 09:00:00,225.71638
2011-08-21 10:00:00,243.86409
2011-08-21 11:00:00,348.00595
2011-08-21 12:00:00,379.01047
2011-08-21 13:00:00,397.70123
2011-08-21 14:00:00,213.49194
2011-08-21 15:00:00,187.02435
2011-08-21 16:00:00,178.03679
2011-08-21 17:00:00,166.38129
2011-08-21 18:00:00,211.54025
2011-08-21 19:00:00,249.6077
2011-08-21 20:00:00,199.42705
2011-08-21 21:00:00,199.42705
2011-08-21 22:00:00,189.32059
2011-08-21 23:00:00,190.65672
2011-08-22 00:00:00,163.6421
2011-08-22 01:00:00,137.64635
2011-08-22 02:00:00,228.29944
2011-08-22 03:00:00,247.60046
2011-08-22 04:00:00,233.00964
2011-08-22 05:00:00,257.82376
2011-08-22 06:00:00,265.1063
2011-08-22 07:00:00,272.20493
2011-08-22 08:00:00,272.20493
2011-08-22 09:00:00,292.44095
2011-08-22 10:00:00,334.59335
2011-08-22 11:00:00,371.8632
2011-08-22 12:00:00,391.34418
2011-08-22 13:00:00,393.5051
2011-08-22 14:00:00,384.33005
2011-08-22 15:00:00,360.82626
2011-08-22 16:00:00,384.33005
2011-08-22 17:00:00,362.1044
2011-08-22 18:00:00,354.86157
2011-08-22 19:00:00,352.06506
2011-08-22 20:00:00,325.78476
2011-08-22 21:00:00,328.28433
2011-08-22 22:00:00,354.75464
2011-08-22 23:00:00,334.41138
2011-08-23 00:00:00,310.00912
2011-08-23 01:00:00,254.30415
2011-08-23 02:00:00,235.89575
2011-08-23 03:00:00,251.83014
2011-08-23 04:00:00,210.35811
2011-08-23 05:00:00,216.27844
2011-08-23 06:00:00,203.05138
2011-08-23 07:00:00,281.3718
2011-08-23 08:00:00,271.69174
2011-08-23 09:00:00,314.51062
2011-08-23 10:00:00,313.1098
2011-08-23 11:00:00,310.1051
2011-08-23 12:00:00,307.30582
2011-08-23 13:00:00,309.90762
2011-08-23 14:00:00,309.69556
2011-08-23 15:00:00,340.29312
2011-08-23 16:00:00,317.78162
2011-08-23 17:00:00,340.29312
2011-08-23 18:00:00,332.53516
2011-08-23 19:00:00,292.95712
2011-08-23 20:00:00,284.6722
2011-08-23 21:00:00,202.59558
2011-08-23 22:00:00,238.3909
2011-08-23 23:00:00,218.0751
2011-08-24 00:00:00,238.3909
2011-08-24 01:00:00,212.35391
2011-08-24 02:00:00,166.72047
2011-08-24 03:00:00,166.72047
2011-08-24 04:00:00,131.17566
2011-08-24 05:00:00,131.17566
2011-08-24 06:00:00,107.25154
2011-08-24 07:00:00,189.22746
2011-08-24 08:00:00,183.2338
2011-08-24 09:00:00,217.88489
2011-08-24 10:00:00,291.4983
2011-08-24 11:00:00,321.46152
2011-08-24 12:00:00,333.70224
2011-08-24 13:00:00,390.4579
2011-08-24 14:00:00,390.4579
2011-08-24 15:00:00,394.11914
2011-08-24 16:00:00,377.3294
2011-08-24 17:00:00,363.06442
2011-08-24 18:00:00,326.03534
2011-08-24 19:00:00,326.03534
2011-08-24 20:00:00,304.11353
2011-08-24 21:00:00,296.92593
2011-08-24 22:00:00,279.60913
2011-08-24 23:00:00,242.55261
2011-08-25 00:00:00,223.62582
2011-08-25 01:00:00,251.33424
2011-08-25 02:00:00,251.33424
2011-08-25 03:00:00,218.69237
2011-08-25 04:00:00,208.96796
2011-08-25 05:00:00,198.31123
2011-08-25 06:00:00,188.02812
2011-08-25 07:00:00,209.45456
2011-08-25 08:00:00,240.8628
2011-08-25 09:00:00,264.44693
2011-08-25 10:00:00,287.50552
2011-08-25 11:00:00,167.34781
2011-08-25 12:00:00,167.34781
2011-08-25 13:00:00,152.6112
2011-08-25 14:00:00,178.89597
2011-08-25 15:00:00,199.6889
2011-08-25 16:00:00,125.585045
2011-08-25 17:00:00,125.585045
2011-08-25 18:00:00,171.41028
2011-08-25 19:00:00,200.65376
2011-08-25 20:00:00,197.5292
2011-08-25 21:00:00,190.08832
2011-08-25 22:00:00,104.93043
2011-08-25 23:00:00,117.69577
2011-08-26 00:00:00,128.52144
2011-08-26 01:00:00,104.93043
2011-08-26 02:00:00,121.71815
2011-08-26 03:00:00,114.13297
2011-08-26 04:00:00,104.040276
2011-08-26 05:00:00,107.31104
2011-08-26 06:00:00,104.040276
2011-08-26 07:00:00,105.199066
2011-08-26 08:00:00,126.19206
2011-08-26 09:00:00,147.8354
2011-08-26 10:00:00,225.42508
2011-08-26 11:00:00,248.00195
2011-08-26 12:00:00,257.36575
2011-08-26 13:00:00,292.10858
2011-08-26 14:00:00,277.71585
2011-08-26 15:00:00,326.61288
2011-08-26 16:00:00,268.31296
2011-08-26 17:00:00,243.28522
2011-08-26 18:00:00,222.92792
2011-08-26 19:00:00,164.87747
2011-08-26 20:00:00,159.53403
2011-08-26 21:00:00,187.93881
2011-08-26 22:00:00,164.8775
2011-08-26 23:00:00,131.84756
2011-08-27 00:00:00,126.72735
2011-08-27 01:00:00,145.82164
2011-08-27 02:00:00,156.91675
2011-08-27 03:00:00,177.03989
2011-08-27 04:00:00,177.03989
2011-08-27 05:00:00,190.21387
2011-08-27 06:00:00,190.21387
2011-08-27 07:00:00,196.1633
2011-08-27 08:00:00,183.81305
2011-08-27 09:00:00,203.70868
2011-08-27 10:00:00,225.42157
2011-08-27 11:00:00,167.598
2011-08-27 12:00:00,192.44507
2011-08-27 13:00:00,179.13878
2011-08-27 14:00:00,176.03264
2011-08-27 15:00:00,176.03264
2011-08-27 16:00:00,172.76817
2011-08-27 17:00:00,200.60811
2011-08-28 07:00:00,162.76024
2011-08-28 08:00:00,169.6097
2011-08-28 09:00:00,217.58223
2011-08-28 10:00:00,304.21393
2011-08-28 11:00:00,320.3603
2011-08-28 12:00:00,382.36667
2011-08-28 13:00:00,424.371
2011-08-28 14:00:00,453.58902
2011-08-28 15:00:00,445.15997
2011-08-28 16:00:00,465.31863
2011-08-28 17:00:00,437.76456
2011-08-28 18:00:00,400.7875
2011-08-28 19:00:00,329.26425
2011-08-28 20:00:00,345.14917
2011-08-28 21:00:00,230.61362
2011-08-28 22:00:00,163.28255
2011-08-28 23:00:00,134.92255
2011-08-29 00:00:00,149.61421
2011-08-29 01:00:00,165.87679
2011-08-29 02:00:00,195.10013
2011-08-29 03:00:00,165.87679
2011-08-29 04:00:00,160.55405
2011-08-29 05:00:00,140.45404
2011-08-29 06:00:00,140.45404
2011-08-29 07:00:00,240.71005
2011-08-29 08:00:00,265.27112
2011-08-29 09:00:00,282.32413
2011-08-29 10:00:00,306.2872
2011-08-29 11:00:00,289.97385
2011-08-29 12:00:00,324.98145
2011-08-29 13:00:00,336.36453
2011-08-29 14:00:00,304.88718
2011-08-29 15:00:00,322.77734
2011-08-29 16:00:00,327.27847
2011-08-29 17:00:00,329.0515
2011-08-29 18:00:00,314.17844
2011-08-29 19:00:00,314.17844
2011-08-29 20:00:00,262.7256
2011-08-29 21:00:00,269.8342
2011-08-29 22:00:00,238.3909
2011-08-29 23:00:00,208.00229
2011-08-30 00:00:00,140.45404
2011-08-30 01:00:00,150.80621
2011-08-30 02:00:00,127.49158
2011-08-30 03:00:00,157.80167
2011-08-30 04:00:00,132.85034
2011-08-30 05:00:00,111.056816
2011-08-30 06:00:00,127.49158
2011-08-30 07:00:00,160.55405
2011-08-30 08:00:00,238.3909
2011-08-30 09:00:00,292.95712
2011-08-30 10:00:00,340.85742
2011-08-30 11:00:00,334.37393
2011-08-30 12:00:00,316.75763
2011-08-30 13:00:00,314.54364
2011-08-30 14:00:00,326.09467
2011-08-30 15:00:00,342.21002
2011-08-30 16:00:00,328.0721
2011-08-30 17:00:00,335.812
2011-08-30 18:00:00,312.21402
2011-08-30 19:00:00,259.16187
2011-08-30 20:00:00,249.04926
2011-08-30 21:00:00,188.20126
2011-08-30 22:00:00,178.76067
2011-08-30 23:00:00,178.76067
2011-08-31 00:00:00,137.79698
2011-08-31 01:00:00,137.79698
2011-08-31 02:00:00,107.25155
2011-08-31 03:00:00,100.81114
2011-08-31 04:00:00,107.25155
2011-08-31 05:00:00,109.420876
2011-08-31 06:00:00,99.375496
2011-08-31 07:00:00,106.739525
2011-08-31 08:00:00,144.2296
2011-08-31 09:00:00,169.00014
2011-08-31 10:00:00,295.4603
2011-08-31 11:00:00,319.45187
2011-08-31 12:00:00,322.7725
2011-08-31 13:00:00,314.8187
2011-08-31 14:00:00,321.84555
2011-08-31 15:00:00,321.84555
2011-08-31 16:00:00,323.39395
2011-08-31 17:00:00,311.49527
2011-08-31 18:00:00,305.52228
2011-08-31 19:00:00,378.91168
2011-08-31 20:00:00,242.44131
2011-08-31 21:00:00,213.25276
2011-08-31 22:00:00,146.7579
2011-08-31 23:00:00,128.04608
2011-09-20 00:00:00,165.32823
2011-09-20 01:00:00,125.05284
2011-09-20 02:00:00,125.05284
2011-09-20 03:00:00,143.70248
2011-09-20 04:00:00,126.52255
2011-09-20 05:00:00,130.1315
2011-09-20 06:00:00,130.1315
2011-09-20 07:00:00,125.05284
2011-09-20 08:00:00,134.5557
2011-09-20 09:00:00,130.26172
2011-09-20 10:00:00,132.52994
2011-09-20 11:00:00,132.52994
2011-09-20 12:00:00,122.98832
2011-09-20 13:00:00,118.67772
2011-09-20 14:00:00,137.12045
2011-09-20 15:00:00,146.12895
2011-09-20 16:00:00,143.66544
2011-09-20 17:00:00,118.60026
2011-09-20 18:00:00,118.60026
2011-09-20 19:00:00,102.66143
2011-09-20 20:00:00,102.74991
2011-09-20 21:00:00,102.74991
2011-09-20 22:00:00,102.74991
2011-09-20 23:00:00,102.74991
2011-09-21 00:00:00,103.42865
2011-09-21 01:00:00,101.615295
2011-09-21 02:00:00,101.615295
2011-09-21 03:00:00,112.053856
2011-09-21 04:00:00,115.45526
2011-09-21 05:00:00,118.07154
2011-09-21 06:00:00,120.54359
2011-09-21 07:00:00,120.54359
2011-09-21 08:00:00,112.922874
2011-09-21 09:00:00,113.439735
2011-09-21 10:00:00,105.9985
2011-09-21 11:00:00,147.27493
2011-09-21 12:00:00,143.41556
2011-09-21 13:00:00,194.92867
2011-09-21 14:00:00,202.85326
2011-09-21 15:00:00,174.01004
2011-09-21 16:00:00,174.01004
2011-09-21 17:00:00,210.55774
2011-09-21 18:00:00,159.4842
2011-09-21 19:00:00,110.36985
2011-09-21 20:00:00,110.36985
2011-09-21 21:00:00,111.35495
2011-09-21 22:00:00,107.03547
2011-09-21 23:00:00,110.489586
2011-09-22 00:00:00,110.489586
2011-09-22 01:00:00,112.39825
2011-09-22 02:00:00,114.25098
2011-09-22 03:00:00,112.39825
2011-09-22 04:00:00,112.39825
2011-09-22 05:00:00,114.25098
2011-09-22 06:00:00,115.32679
2011-09-22 07:00:00,112.475945
2011-09-22 08:00:00,118.87499
2011-09-22 09:00:00,132.1721
2011-09-22 10:00:00,151.4884
2011-09-22 11:00:00,144.27237
2011-09-22 12:00:00,154.70184
2011-09-22 13:00:00,165.59854
2011-09-22 14:00:00,176.00806
2011-09-22 15:00:00,177.79756
2011-09-22 16:00:00,190.55849
2011-09-22 17:00:00,148.53943
2011-09-22 18:00:00,129.16351
2011-09-22 19:00:00,119.35368
2011-09-22 20:00:00,121.59597
2011-09-22 21:00:00,119.35368
2011-09-22 22:00:00,112.92651
2011-09-22 23:00:00,107.03547
2011-09-23 00:00:00,126.07136
2011-09-23 01:00:00,112.7849
2011-09-23 02:00:00,120.7681
2011-09-23 03:00:00,112.7849
2011-09-23 04:00:00,116.47173
2011-09-23 05:00:00,115.30518
2011-09-23 06:00:00,126.07136
2011-09-23 07:00:00,146.67766
2011-09-23 08:00:00,146.67766
2011-09-23 09:00:00,130.05302
2011-09-23 10:00:00,126.173584
2011-09-23 11:00:00,126.173584
2011-09-23 12:00:00,140.30972
2011-09-23 13:00:00,122.499016
2011-09-23 14:00:00,122.499016
2011-09-23 15:00:00,140.30974
2011-09-23 16:00:00,125.79122
2011-09-23 17:00:00,112.7849
2011-09-23 18:00:00,109.86719
2011-09-23 19:00:00,128.77869
2011-09-23 20:00:00,109.61679
2011-09-23 21:00:00,124.68725
2011-09-23 22:00:00,130.4453
2011-09-23 23:00:00,128.58105
2011-09-24 00:00:00,112.045944
2011-09-24 01:00:00,116.160805
2011-09-24 02:00:00,116.160805
2011-09-24 03:00:00,105.0271
2011-09-24 04:00:00,112.47802
2011-09-24 05:00:00,115.595375
2011-09-24 06:00:00,115.595375
2011-09-24 07:00:00,119.37553
2011-09-24 08:00:00,117.71284
2011-09-24 09:00:00,121.562065
2011-09-24 10:00:00,121.562065
2011-09-24 11:00:00,149.17853
2011-09-24 12:00:00,149.17853
2011-09-24 13:00:00,142.37949
2011-09-24 14:00:00,216.305
2011-09-24 15:00:00,216.305
2011-09-24 16:00:00,175.48383
2011-09-24 17:00:00,188.83159
2011-09-24 18:00:00,160.34973
2011-09-24 19:00:00,106.596725
2011-09-24 20:00:00,114.56671
2011-09-24 21:00:00,131.0787
2011-09-24 22:00:00,115.889366
2011-09-24 23:00:00,121.562065
2011-09-25 00:00:00,112.98974
2011-09-25 01:00:00,125.03409
2011-09-25 02:00:00,112.22685
2011-09-25 03:00:00,112.22685
2011-09-25 04:00:00,121.77616
2011-09-25 05:00:00,114.93853
2011-09-25 06:00:00,125.03409
2011-09-25 07:00:00,118.91631
2011-09-25 08:00:00,115.889366
2011-09-25 09:00:00,140.23453
2011-09-25 10:00:00,140.23453
2011-09-25 11:00:00,192.55194
2011-09-25 12:00:00,176.84683
2011-09-25 13:00:00,208.41087
2011-09-25 14:00:00,176.84683
2011-09-25 15:00:00,176.84683
2011-09-25 16:00:00,211.92801
2011-09-25 17:00:00,179.7154
2011-09-25 18:00:00,179.7154
2011-09-25 19:00:00,144.99562
2011-09-25 20:00:00,132.46222
2011-09-25 21:00:00,113.73347
2011-09-25 22:00:00,117.010155
2011-09-25 23:00:00,118.932594
2011-09-26 00:00:00,115.30518
2011-09-26 01:00:00,146.90475
2011-09-26 02:00:00,146.90475
2011-09-26 03:00:00,115.3052
2011-09-26 04:00:00,126.07134
2011-09-26 05:00:00,128.02951
2011-09-26 06:00:00,126.07136
2011-09-26 07:00:00,115.30518
2011-09-26 08:00:00,115.30518
2011-09-26 09:00:00,171.97052
2011-09-26 10:00:00,171.97052
2011-09-26 11:00:00,222.43658
2011-09-26 12:00:00,223.3237
2011-09-26 13:00:00,253.66594
2011-09-26 14:00:00,250.08633
2011-09-26 15:00:00,284.2756
2011-09-26 16:00:00,268.24194
2011-09-26 17:00:00,243.70981
2011-09-26 18:00:00,160.91632
2011-09-26 19:00:00,160.94159
2011-09-26 20:00:00,142.79303
2011-09-26 21:00:00,142.79303
2011-09-26 22:00:00,128.77869
2011-09-26 23:00:00,128.77869
2011-09-27 00:00:00,128.77869
2011-09-27 01:00:00,135.71567
2011-09-27 02:00:00,123.29836
2011-09-27 03:00:00,115.30518
2011-09-27 04:00:00,136.96266
2011-09-27 05:00:00,136.96266
2011-09-27 06:00:00,129.22165
2011-09-27 07:00:00,129.22165
2011-09-27 08:00:00,147.50366
2011-09-27 09:00:00,181.22829
2011-09-27 10:00:00,156.9841
2011-09-27 11:00:00,151.93538
2011-09-27 12:00:00,159.59113
2011-09-27 13:00:00,264.318
2011-09-27 14:00:00,203.96504
2011-09-27 15:00:00,182.77472
2011-09-27 16:00:00,205.27429
2011-09-27 17:00:00,176.86577
2011-09-27 18:00:00,178.30617
2011-09-27 19:00:00,155.63313
2011-09-27 20:00:00,151.31058
2011-09-27 21:00:00,125.354546
2011-09-27 22:00:00,125.75918
2011-09-27 23:00:00,125.75918
2011-09-28 00:00:00,112.021255
2011-09-28 01:00:00,112.021255
2011-09-28 02:00:00,168.5763
2011-09-28 03:00:00,122.51205
2011-09-28 04:00:00,112.021255
2011-09-28 05:00:00,113.30191
2011-09-28 06:00:00,143.3213
2011-09-28 07:00:00,143.3213
2011-09-28 08:00:00,160.6012
2011-09-28 09:00:00,160.6012
2011-09-28 10:00:00,115.30518
2011-09-28 11:00:00,178.8766
2011-09-28 12:00:00,184.73222
2011-09-28 13:00:00,256.94067
2011-09-28 14:00:00,309.58517
2011-09-28 15:00:00,243.70981
2011-09-28 16:00:00,255.97726
2011-09-28 17:00:00,262.05594
2011-09-28 18:00:00,218.7036
2011-09-28 19:00:00,218.70361
2011-09-28 20:00:00,195.6677
2011-09-28 21:00:00,176.92558
2011-09-28 22:00:00,125.75918
2011-09-28 23:00:00,125.01546
2011-09-29 00:00:00,136.60495
2011-09-29 01:00:00,131.54976
2011-09-29 02:00:00,131.54976
2011-09-29 03:00:00,142.29324
2011-09-29 04:00:00,165.40314
2011-09-29 05:00:00,142.99016
2011-09-29 06:00:00,138.96591
2011-09-29 07:00:00,138.94139
2011-09-29 08:00:00,125.354546
2011-09-29 09:00:00,213.81613
2011-09-29 10:00:00,257.16132
2011-09-29 11:00:00,268.90396
2011-09-29 12:00:00,271.6807
2011-09-29 13:00:00,274.54816
2011-09-29 14:00:00,347.53033
2011-09-29 15:00:00,391.96292
2011-09-29 16:00:00,404.42972
2011-09-29 17:00:00,357.08664
2011-09-29 18:00:00,374.59293
2011-09-29 19:00:00,302.67548
2011-09-29 20:00:00,286.90854
2011-09-29 21:00:00,248.61797
2011-09-29 22:00:00,181.43675
2011-09-29 23:00:00,152.63351
2011-09-30 00:00:00,132.15211
2011-09-30 01:00:00,149.16888
2011-09-30 02:00:00,132.15211
2011-09-30 03:00:00,132.15213
2011-09-30 04:00:00,155.25789
2011-09-30 05:00:00,155.25792
2011-09-30 06:00:00,160.41838
2011-09-30 07:00:00,160.41838
2011-09-30 08:00:00,165.03856
2011-09-30 09:00:00,203.12503
2011-09-30 10:00:00,218.08818
2011-09-30 11:00:00,275.06433
2011-09-30 12:00:00,305.27707
2011-09-30 13:00:00,370.57858
2011-09-30 14:00:00,364.04367
2011-09-30 15:00:00,338.79642
2011-09-30 16:00:00,309.8549
2011-09-30 17:00:00,304.42496
2011-09-30 18:00:00,311.47748
2011-09-30 19:00:00,281.96213
2011-09-30 20:00:00,281.96213
2011-09-30 21:00:00,260.47638
2011-09-30 22:00:00,256.7009
2011-09-30 23:00:00,256.7009
2011-10-20 00:00:00,152.91342
2011-10-20 01:00:00,168.80757
2011-10-20 02:00:00,174.5774
2011-10-20 03:00:00,169.2969
2011-10-20 04:00:00,169.2969
2011-10-20 05:00:00,157.7658
2011-10-20 06:00:00,148.93292
2011-10-20 07:00:00,154.06532
2011-10-20 08:00:00,191.18611
2011-10-20 09:00:00,193.20514
2011-10-20 10:00:00,216.35547
2011-10-20 11:00:00,237.32722
2011-10-20 12:00:00,258.61655
2011-10-20 13:00:00,273.31912
2011-10-20 14:00:00,252.71579
2011-10-20 15:00:00,252.0444
2011-10-20 16:00:00,252.0444
2011-10-20 17:00:00,266.80783
2011-10-20 18:00:00,251.88997
2011-10-20 19:00:00,244.81406
2011-10-20 20:00:00,248.69246
2011-10-20 21:00:00,240.21732
2011-10-20 22:00:00,236.98146
2011-10-20 23:00:00,210.48877
2011-10-21 00:00:00,186.02577
2011-10-21 01:00:00,189.29913
2011-10-21 02:00:00,165.25565
2011-10-21 03:00:00,126.88019
2011-10-21 04:00:00,131.00233
2011-10-21 05:00:00,116.81421
2011-10-21 06:00:00,131.00233
2011-10-21 07:00:00,131.00233
2011-10-21 08:00:00,191.36058
2011-10-21 09:00:00,237.56448
2011-10-21 10:00:00,261.47858
2011-10-21 11:00:00,295.74405
2011-10-21 12:00:00,294.27603
2011-10-21 13:00:00,268.6327
2011-10-21 14:00:00,319.05396
2011-10-21 15:00:00,295.6472
2011-10-21 16:00:00,296.35916
2011-10-21 17:00:00,257.77844
2011-10-21 18:00:00,237.4614
2011-10-21 19:00:00,223.24973
2011-10-21 20:00:00,243.55063
2011-10-21 21:00:00,222.59235
2011-10-21 22:00:00,241.27489
2011-10-21 23:00:00,189.29913
2011-10-22 00:00:00,165.14941
2011-10-22 01:00:00,165.14941
2011-10-22 02:00:00,163.81442
2011-10-22 03:00:00,170.40274
2011-10-22 04:00:00,133.18884
2011-10-22 05:00:00,129.65887
2011-10-22 06:00:00,94.61606
2011-10-22 07:00:00,96.22375
2011-10-22 08:00:00,111.351
2011-10-22 09:00:00,147.8849
2011-10-22 10:00:00,205.44778
2011-10-22 11:00:00,205.44778
2011-10-22 12:00:00,229.55188
2011-10-22 13:00:00,304.14194
2011-10-22 14:00:00,283.81815
2011-10-22 15:00:00,257.1822
2011-10-22 16:00:00,313.65686
2011-10-22 17:00:00,235.77531
2011-10-22 18:00:00,229.57718
2011-10-22 19:00:00,146.64555
2011-10-22 20:00:00,140.97433
2011-10-22 21:00:00,92.16579
2011-10-22 22:00:00,92.16579
2011-10-22 23:00:00,88.986946
2011-10-23 00:00:00,87.82435
2011-10-23 01:00:00,87.82435
2011-10-23 02:00:00,91.50407
2011-10-23 03:00:00,86.31324
2011-10-23 04:00:00,86.31324
2011-10-23 05:00:00,84.82247
2011-10-23 06:00:00,89.49326
2011-10-23 07:00:00,91.50407
2011-10-23 08:00:00,92.59339
2011-10-23 09:00:00,92.16579
2011-10-23 10:00:00,122.85389
2011-10-23 11:00:00,145.25294
2011-10-23 12:00:00,220.62012
2011-10-23 13:00:00,258.91302
2011-10-23 14:00:00,254.04813
2011-10-23 15:00:00,276.06924
2011-10-23 16:00:00,258.91302
2011-10-23 17:00:00,205.46986
2011-10-23 18:00:00,198.14677
2011-10-23 19:00:00,104.574646
2011-10-23 20:00:00,126.697784
2011-10-23 21:00:00,126.697784
2011-10-23 22:00:00,106.067986
2011-10-23 23:00:00,116.08451
2011-10-24 00:00:00,112.82176
2011-10-24 01:00:00,116.421585
2011-10-24 02:00:00,108.78471
2011-10-24 03:00:00,109.27502
2011-10-24 04:00:00,98.94331
2011-10-24 05:00:00,98.49658
2011-10-24 06:00:00,108.78471
2011-10-24 07:00:00,108.84166
2011-10-24 08:00:00,120.638275
2011-10-24 09:00:00,136.24316
2011-10-24 10:00:00,148.7127
2011-10-24 11:00:00,195.78976
2011-10-24 12:00:00,214.15018
2011-10-24 13:00:00,244.9287
2011-10-24 14:00:00,246.04724
2011-10-24 15:00:00,248.3395
2011-10-24 16:00:00,232.97604
2011-10-24 17:00:00,198.40909
2011-10-24 18:00:00,232.94507
2011-10-24 19:00:00,150.78128
2011-10-24 20:00:00,126.47503
2011-10-24 21:00:00,114.53811
2011-10-24 22:00:00,164.37051
2011-10-24 23:00:00,134.20937
2011-10-25 00:00:00,138.96964
2011-10-25 01:00:00,138.96964
2011-10-25 02:00:00,119.292366
2011-10-25 03:00:00,99.650085
2011-10-25 04:00:00,110.22651
2011-10-25 05:00:00,110.22651
2011-10-25 06:00:00,109.3929
2011-10-25 07:00:00,140.29762
2011-10-25 08:00:00,141.5436
2011-10-25 09:00:00,249.01492
2011-10-25 10:00:00,270.7164
2011-10-25 11:00:00,290.86395
2011-10-25 12:00:00,341.4459
2011-10-25 13:00:00,359.60242
2011-10-25 14:00:00,346.63748
2011-10-25 15:00:00,344.0119
2011-10-25 16:00:00,357.3493
2011-10-25 17:00:00,344.0119
2011-10-25 18:00:00,307.54544
2011-10-25 19:00:00,201.13074
2011-10-25 20:00:00,183.64307
2011-10-25 21:00:00,159.3601
2011-10-25 22:00:00,193.5417
2011-10-25 23:00:00,159.3601
2011-10-26 00:00:00,166.44907
2011-10-26 01:00:00,184.02362
2011-10-26 02:00:00,185.31046
2011-10-26 03:00:00,184.70953
2011-10-26 04:00:00,163.70459
2011-10-26 05:00:00,163.11734
2011-10-26 06:00:00,163.11734
2011-10-26 07:00:00,160.86432
2011-10-26 08:00:00,192.68633
2011-10-26 09:00:00,223.90399
2011-10-26 10:00:00,240.91525
2011-10-26 11:00:00,239.94714
2011-10-26 12:00:00,311.92746
2011-10-26 13:00:00,280.7408
2011-10-26 14:00:00,156.50136
2011-10-26 15:00:00,156.50136
2011-10-26 16:00:00,169.82741
2011-10-26 17:00:00,172.76498
2011-10-26 18:00:00,167.54816
2011-10-26 19:00:00,114.16253
2011-10-26 20:00:00,105.872505
2011-10-26 21:00:00,156.50136
2011-10-26 22:00:00,118.87557
2011-10-26 23:00:00,118.87557
2011-10-27 00:00:00,104.44915
2011-10-27 01:00:00,104.44915
2011-10-27 02:00:00,111.25005
2011-10-27 03:00:00,111.25006
2011-10-27 04:00:00,123.71765
2011-10-27 05:00:00,127.3774
2011-10-27 06:00:00,155.20648
2011-10-27 07:00:00,113.948746
2011-10-27 08:00:00,140.32654
2011-10-27 09:00:00,155.87424
2011-10-27 10:00:00,146.19615
2011-10-27 11:00:00,139.46825
2011-10-27 12:00:00,139.46825
2011-10-27 13:00:00,135.99619
2011-10-27 14:00:00,133.14044
2011-10-27 15:00:00,146.5245
2011-10-27 16:00:00,212.5275
2011-10-27 17:00:00,195.1757
2011-10-27 18:00:00,202.38882
2011-10-27 19:00:00,188.15532
2011-10-27 20:00:00,181.13818
2011-10-27 21:00:00,189.90475
2011-10-27 22:00:00,148.94926
2011-10-27 23:00:00,149.63492
2011-10-28 00:00:00,137.38354
2011-10-28 01:00:00,130.22636
2011-10-28 02:00:00,130.63364
2011-10-28 03:00:00,116.73415
2011-10-28 04:00:00,126.64908
2011-10-28 05:00:00,139.89992
2011-10-28 06:00:00,119.24354
2011-10-28 07:00:00,119.24354
2011-10-28 08:00:00,136.96898
2011-10-28 09:00:00,158.67053
2011-10-28 10:00:00,166.91025
2011-10-28 11:00:00,213.74707
2011-10-28 12:00:00,297.65604
2011-10-28 13:00:00,271.71646
2011-10-28 14:00:00,246.27814
2011-10-28 15:00:00,234.57593
2011-10-28 16:00:00,257.4456
2011-10-28 17:00:00,247.53986
2011-10-28 18:00:00,223.905
2011-10-28 19:00:00,247.53986
2011-10-28 20:00:00,160.25137
2011-10-28 21:00:00,129.27315
2011-10-28 22:00:00,112.08947
2011-10-28 23:00:00,99.6145
2011-10-29 00:00:00,67.83363
2011-10-29 01:00:00,71.74904
2011-10-29 02:00:00,71.74904
2011-10-29 03:00:00,81.53838
2011-10-29 04:00:00,81.53838
2011-10-29 05:00:00,58.579933
2011-10-29 06:00:00,61.895557
2011-10-29 07:00:00,61.895557
2011-10-29 08:00:00,67.69942
2011-10-29 09:00:00,67.69942
2011-10-29 10:00:00,58.863373
2011-10-29 11:00:00,58.72801
2011-10-29 12:00:00,61.581226
2011-10-29 13:00:00,62.38062
2011-10-29 14:00:00,59.521996
2011-10-29 15:00:00,56.527443
2011-10-29 16:00:00,53.26042
2011-10-29 17:00:00,53.26042
2011-10-29 18:00:00,53.26042
2011-10-29 19:00:00,59.970036
2011-10-29 20:00:00,59.970036
2011-10-29 21:00:00,59.97004
2011-10-29 22:00:00,61.765316
2011-10-29 23:00:00,64.902954
2011-10-30 00:00:00,61.765316
2011-10-30 01:00:00,60.38874
2011-10-30 02:00:00,59.458344
2011-10-30 03:00:00,69.75482
2011-10-30 04:00:00,60.33703
2011-10-30 05:00:00,67.244354
2011-10-30 06:00:00,71.08059
2011-10-30 07:00:00,77.65688
2011-10-30 08:00:00,85.68888
2011-10-30 09:00:00,104.92555
2011-10-30 10:00:00,127.7741
2011-10-30 11:00:00,175.5373
2011-10-30 12:00:00,219.00575
2011-10-30 13:00:00,263.32526
2011-10-30 14:00:00,321.14056
2011-10-30 15:00:00,344.02765
2011-10-30 16:00:00,360.69626
2011-10-30 17:00:00,330.24344
2011-10-30 18:00:00,273.59488
2011-10-30 19:00:00,304.53552
2011-10-30 20:00:00,162.60068
2011-10-30 21:00:00,102.16043
2011-10-30 22:00:00,82.20973
2011-10-30 23:00:00,79.99855
2011-10-31 00:00:00,89.971985
2011-10-31 01:00:00,89.27925
2011-10-31 02:00:00,88.56905
2011-10-31 03:00:00,92.18484
2011-10-31 04:00:00,88.569046
2011-10-31 05:00:00,88.2951
2011-10-31 06:00:00,88.56905
2011-10-31 07:00:00,89.60581
2011-10-31 08:00:00,94.129234
2011-10-31 09:00:00,113.42718
2011-10-31 10:00:00,201.69568
2011-10-31 11:00:00,252.56946
2011-10-31 12:00:00,274.58865
2011-10-31 13:00:00,289.58203
2011-10-31 14:00:00,275.43555
2011-10-31 15:00:00,272.3748
2011-10-31 16:00:00,241.27489
2011-10-31 17:00:00,239.46085
2011-10-31 18:00:00,172.36795
2011-10-31 19:00:00,172.36795
2011-10-31 20:00:00,172.36795
2011-10-31 21:00:00,123.51821
2011-10-31 22:00:00,123.51821
2011-10-31 23:00:00,123.51821
2011-11-20 00:00:00,138.7844
2011-11-20 01:00:00,163.81442
2011-11-20 02:00:00,163.56105
2011-11-20 03:00:00,154.00394
2011-11-20 04:00:00,138.19131
2011-11-20 05:00:00,158.55554
2011-11-20 06:00:00,158.15366
2011-11-20 07:00:00,153.056
2011-11-20 08:00:00,145.83862
2011-11-20 09:00:00,138.14282
2011-11-20 10:00:00,143.65158
2011-11-20 11:00:00,220.08318
2011-11-20 12:00:00,222.48299
2011-11-20 13:00:00,249.87555
2011-11-20 14:00:00,211.30273
2011-11-20 15:00:00,198.59024
2011-11-20 16:00:00,230.21466
2011-11-20 17:00:00,222.79272
2011-11-20 18:00:00,226.72112
2011-11-20 19:00:00,171.07533
2011-11-20 20:00:00,199.04611
2011-11-20 21:00:00,133.3083
2011-11-20 22:00:00,107.73756
2011-11-20 23:00:00,107.73756
2011-11-21 00:00:00,108.12375
2011-11-21 01:00:00,127.21759
2011-11-21 02:00:00,119.07647
2011-11-21 03:00:00,115.57086
2011-11-21 04:00:00,115.57086
2011-11-21 05:00:00,107.45335
2011-11-21 06:00:00,105.96491
2011-11-21 07:00:00,121.16282
2011-11-21 08:00:00,108.12375
2011-11-21 09:00:00,117.01356
2011-11-21 10:00:00,133.14044
2011-11-21 11:00:00,146.5245
2011-11-21 12:00:00,171.25998
2011-11-21 13:00:00,171.25998
2011-11-21 14:00:00,153.47188
2011-11-21 15:00:00,127.41262
2011-11-21 16:00:00,127.41262
2011-11-21 17:00:00,125.33643
2011-11-21 18:00:00,127.08354
2011-11-21 19:00:00,118.09069
2011-11-21 20:00:00,126.3444
2011-11-21 21:00:00,121.42529
2011-11-21 22:00:00,118.13356
2011-11-21 23:00:00,121.42529
2011-11-22 00:00:00,109.851524
2011-11-22 01:00:00,113.297966
2011-11-22 02:00:00,109.48582
2011-11-22 03:00:00,109.48582
2011-11-22 04:00:00,113.08581
2011-11-22 05:00:00,113.08581
2011-11-22 06:00:00,108.84166
2011-11-22 07:00:00,116.340546
2011-11-22 08:00:00,116.340546
2011-11-22 09:00:00,106.521065
2011-11-22 10:00:00,106.521065
2011-11-22 11:00:00,113.297966
2011-11-22 12:00:00,111.20204
2011-11-22 13:00:00,112.92208
2011-11-22 14:00:00,112.92208
2011-11-22 15:00:00,109.70814
2011-11-22 16:00:00,109.70814
2011-11-22 17:00:00,114.539055
2011-11-22 18:00:00,110.122696
2011-11-22 19:00:00,118.13517
2011-11-22 20:00:00,122.559906
2011-11-22 21:00:00,124.27236
2011-11-22 22:00:00,130.60107
2011-11-22 23:00:00,135.21243
2011-11-23 00:00:00,135.21243
2011-11-23 01:00:00,138.103
2011-11-23 02:00:00,145.35121
2011-11-23 03:00:00,145.35123
2011-11-23 04:00:00,159.95782
2011-11-23 05:00:00,124.34037
2011-11-23 06:00:00,107.45335
2011-11-23 07:00:00,114.01738
2011-11-23 08:00:00,117.01356
2011-11-23 09:00:00,134.12048
2011-11-23 10:00:00,134.12048
2011-11-23 11:00:00,192.53166
2011-11-23 12:00:00,236.20218
2011-11-23 13:00:00,224.06192
2011-11-23 14:00:00,217.1399
2011-11-23 15:00:00,216.54573
2011-11-23 16:00:00,188.07065
2011-11-23 17:00:00,153.85257
2011-11-23 18:00:00,199.71947
2011-11-23 19:00:00,188.67583
2011-11-23 20:00:00,157.00192
2011-11-23 21:00:00,171.79431
2011-11-23 22:00:00,151.02086
2011-11-23 23:00:00,147.73236
2011-11-24 00:00:00,122.05904
2011-11-24 01:00:00,125.77801
2011-11-24 02:00:00,106.5954
2011-11-24 03:00:00,89.30043
2011-11-24 04:00:00,103.67291
2011-11-24 05:00:00,104.74332
2011-11-24 06:00:00,103.67291
2011-11-24 07:00:00,75.85728
2011-11-24 08:00:00,91.21712
2011-11-24 09:00:00,125.80089
2011-11-24 10:00:00,164.2261
2011-11-24 11:00:00,269.02005
2011-11-24 12:00:00,357.86926
2011-11-24 13:00:00,390.50162
2011-11-24 14:00:00,394.63232
2011-11-24 15:00:00,407.76544
2011-11-24 16:00:00,378.85422
2011-11-24 17:00:00,387.7775
2011-11-24 18:00:00,250.14142
2011-11-24 19:00:00,217.06952
2011-11-24 20:00:00,93.93384
2011-11-24 21:00:00,100.87113
2011-11-24 22:00:00,100.87113
2011-11-24 23:00:00,88.7183
2011-11-25 00:00:00,113.22594
2011-11-25 01:00:00,95.23744
2011-11-25 02:00:00,97.86305
2011-11-25 03:00:00,100.15481
2011-11-25 04:00:00,104.39423
2011-11-25 05:00:00,90.26151
2011-11-25 06:00:00,95.722694
2011-11-25 07:00:00,89.27925
2011-11-25 08:00:00,97.29327
2011-11-25 09:00:00,93.43227
2011-11-25 10:00:00,131.00233
2011-11-25 11:00:00,174.42206
2011-11-25 12:00:00,257.34848
2011-11-25 13:00:00,295.74405
2011-11-25 14:00:00,336.75623
2011-11-25 15:00:00,350.03503
2011-11-25 16:00:00,322.45175
2011-11-25 17:00:00,340.25333
2011-11-25 18:00:00,284.38904
2011-11-25 19:00:00,158.38982
2011-11-25 20:00:00,210.88985
2011-11-25 21:00:00,118.41903
2011-11-25 22:00:00,117.97901
2011-11-25 23:00:00,108.62921
2011-11-26 00:00:00,93.86436
2011-11-26 01:00:00,90.67974
2011-11-26 02:00:00,88.80511
2011-11-26 03:00:00,82.67573
2011-11-26 04:00:00,82.67573
2011-11-26 05:00:00,90.07049
2011-11-26 06:00:00,90.63744
2011-11-26 07:00:00,77.09994
2011-11-26 08:00:00,90.67974
2011-11-26 09:00:00,92.62589
2011-11-26 10:00:00,87.2588
2011-11-26 11:00:00,171.19263
2011-11-26 12:00:00,234.5468
2011-11-26 13:00:00,302.58917
2011-11-26 14:00:00,303.24966
2011-11-26 15:00:00,343.94174
2011-11-26 16:00:00,300.48807
2011-11-26 17:00:00,300.48807
2011-11-26 18:00:00,185.73961
2011-11-26 19:00:00,128.43384
2011-11-26 20:00:00,215.299
2011-11-26 21:00:00,91.81062
2011-11-26 22:00:00,96.006325
2011-11-26 23:00:00,87.2588
2011-11-27 00:00:00,87.2588
2011-11-27 01:00:00,87.2588
2011-11-27 02:00:00,85.6996
2011-11-27 03:00:00,86.31324
2011-11-27 04:00:00,91.82235
2011-11-27 05:00:00,91.41961
2011-11-27 06:00:00,102.646484
2011-11-27 07:00:00,100.70974
2011-11-27 08:00:00,116.2214
2011-11-27 09:00:00,154.39798
2011-11-27 10:00:00,154.39798
2011-11-27 11:00:00,198.89178
2011-11-27 12:00:00,253.47311
2011-11-27 13:00:00,238.40027
2011-11-27 14:00:00,393.75272
2011-11-27 15:00:00,409.0639
2011-11-27 16:00:00,291.6396
2011-11-27 17:00:00,262.01047
2011-11-27 18:00:00,206.81326
2011-11-27 19:00:00,177.4898
2011-11-27 20:00:00,201.75598
2011-11-27 21:00:00,176.8522
2011-11-27 22:00:00,160.52261
2011-11-27 23:00:00,160.52261
2011-11-28 00:00:00,160.4573
2011-11-28 01:00:00,161.02042
2011-11-28 03:00:00,128.29346
2011-11-28 04:00:00,114.70693
2011-11-28 05:00:00,99.650085
2011-11-28 06:00:00,111.70034
2011-11-28 07:00:00,101.016335
2011-11-28 08:00:00,105.336205
2011-11-28 09:00:00,131.39247
2011-11-28 10:00:00,164.1027
2011-11-28 11:00:00,214.15018
2011-11-28 12:00:00,240.28926
2011-11-28 13:00:00,278.18857
2011-11-28 14:00:00,263.62714
2011-11-28 15:00:00,252.18999
2011-11-28 16:00:00,251.39493
2011-11-28 17:00:00,269.6018
2011-11-28 18:00:00,241.84857
2011-11-28 19:00:00,199.22261
2011-11-28 20:00:00,204.23701
2011-11-28 21:00:00,189.81946
2011-11-28 22:00:00,146.5245
2011-11-28 23:00:00,152.68115
2011-11-29 00:00:00,113.562294
2011-11-29 01:00:00,127.832054
2011-11-29 02:00:00,111.79214
2011-11-29 03:00:00,111.79214
2011-11-29 04:00:00,168.39969
2011-11-29 05:00:00,146.98282
2011-11-29 06:00:00,163.69171
2011-11-29 07:00:00,177.89954
2011-11-29 08:00:00,187.47594
2011-11-29 09:00:00,210.9967
2011-11-29 10:00:00,210.9967
2011-11-29 11:00:00,151.61891
2011-11-29 12:00:00,144.28368
2011-11-29 13:00:00,152.70425
2011-11-29 14:00:00,118.09069
2011-11-29 15:00:00,130.48145
2011-11-29 16:00:00,126.3444
2011-11-29 17:00:00,129.06445
2011-11-29 18:00:00,134.65623
2011-11-29 19:00:00,135.76834
2011-11-29 20:00:00,122.99379
2011-11-29 21:00:00,122.99379
2011-11-29 22:00:00,128.83148
2011-11-29 23:00:00,127.184105
2011-11-30 00:00:00,157.89584
2011-11-30 01:00:00,133.25903
2011-11-30 02:00:00,121.23208
2011-11-30 03:00:00,121.23208
2011-11-30 04:00:00,108.34856
2011-11-30 05:00:00,100.14835
2011-11-30 06:00:00,94.629265
2011-11-30 07:00:00,95.722694
2011-11-30 08:00:00,100.14835
2011-11-30 09:00:00,110.30723
2011-11-30 10:00:00,136.66727
2011-11-30 11:00:00,203.94122
2011-11-30 12:00:00,190.14694
2011-11-30 13:00:00,243.32999
2011-11-30 14:00:00,243.32999
2011-11-30 15:00:00,208.95628
2011-11-30 16:00:00,213.52481
2011-11-30 17:00:00,187.21051
2011-11-30 18:00:00,185.8329
2011-11-30 19:00:00,158.92674
2011-11-30 20:00:00,158.92674
2011-11-30 21:00:00,165.0037
2011-11-30 22:00:00,146.59961
2011-11-30 23:00:00,151.66245
2011-12-20 00:00:00,206.18973
2011-12-20 01:00:00,210.39943
2011-12-20 02:00:00,186.98355
2011-12-20 03:00:00,186.98355
2011-12-20 04:00:00,240.10774
2011-12-20 05:00:00,214.681
2011-12-20 06:00:00,214.681
2011-12-20 07:00:00,190.01022
2011-12-20 08:00:00,253.64456
2011-12-20 09:00:00,167.68323
2011-12-20 10:00:00,226.5455
2011-12-20 11:00:00,204.78848
2011-12-20 12:00:00,262.3005
2011-12-20 13:00:00,262.3005
2011-12-20 14:00:00,242.45631
2011-12-20 15:00:00,247.4676
2011-12-20 16:00:00,222.29251
2011-12-20 17:00:00,193.93231
2011-12-20 18:00:00,164.93042
2011-12-20 19:00:00,152.33185
2011-12-20 20:00:00,143.83348
2011-12-20 21:00:00,148.5644
2011-12-20 22:00:00,167.68323
2011-12-20 23:00:00,195.77634
2011-12-21 00:00:00,79.4147
2011-12-21 01:00:00,83.12482
2011-12-21 02:00:00,76.645966
2011-12-21 03:00:00,76.645966
2011-12-21 04:00:00,76.645966
2011-12-21 05:00:00,85.75647
2011-12-21 06:00:00,82.170334
2011-12-21 07:00:00,80.94156
2011-12-21 08:00:00,85.490204
2011-12-21 09:00:00,83.97146
2011-12-21 10:00:00,123.926384
2011-12-21 11:00:00,123.926384
2011-12-21 12:00:00,103.45516
2011-12-21 13:00:00,87.18307
2011-12-21 14:00:00,109.62638
2011-12-21 15:00:00,112.48981
2011-12-21 16:00:00,82.546135
2011-12-21 17:00:00,82.546135
2011-12-21 18:00:00,83.285416
2011-12-21 19:00:00,104.56918
2011-12-21 20:00:00,106.84281
2011-12-21 21:00:00,110.04361
2011-12-21 22:00:00,107.41426
2011-12-21 23:00:00,103.01072
2011-12-22 00:00:00,94.74876
2011-12-22 01:00:00,88.3193
2011-12-22 02:00:00,90.7288
2011-12-22 03:00:00,102.18453
2011-12-22 04:00:00,85.094
2011-12-22 05:00:00,78.64916
2011-12-22 06:00:00,79.9854
2011-12-22 07:00:00,80.15067
2011-12-22 08:00:00,82.170334
2011-12-22 09:00:00,85.84319
2011-12-22 10:00:00,86.70689
2011-12-22 11:00:00,82.07729
2011-12-22 12:00:00,94.10161
2011-12-22 13:00:00,80.70968
2011-12-22 14:00:00,80.70968
2011-12-22 15:00:00,84.50547
2011-12-22 16:00:00,80.70968
2011-12-22 17:00:00,105.18502
2011-12-22 18:00:00,93.2423
2011-12-22 19:00:00,79.131546
2011-12-22 20:00:00,82.73878
2011-12-22 21:00:00,82.73878
2011-12-22 22:00:00,78.80851
2011-12-22 23:00:00,86.11563
2011-12-23 00:00:00,84.30915
2011-12-23 01:00:00,84.30915
2011-12-23 02:00:00,80.9147
2011-12-23 03:00:00,80.9147
2011-12-23 04:00:00,74.950676
2011-12-23 05:00:00,72.765335
2011-12-23 06:00:00,85.21049
2011-12-23 07:00:00,84.4455
2011-12-23 08:00:00,97.331505
2011-12-23 09:00:00,113.83143
2011-12-23 10:00:00,125.912994
2011-12-23 11:00:00,142.14685
2011-12-23 12:00:00,150.87979
2011-12-23 13:00:00,156.7462
2011-12-23 14:00:00,147.30373
2011-12-23 15:00:00,135.56706
2011-12-23 16:00:00,137.33865
2011-12-23 17:00:00,108.842186
2011-12-23 18:00:00,115.6898
2011-12-23 19:00:00,99.55383
2011-12-23 20:00:00,93.97851
2011-12-23 21:00:00,86.886055
2011-12-23 22:00:00,81.07862
2011-12-23 23:00:00,79.58196
2011-12-24 00:00:00,59.327995
2011-12-24 01:00:00,66.04914
2011-12-24 02:00:00,66.025406
2011-12-24 03:00:00,64.33761
2011-12-24 04:00:00,62.541985
2011-12-24 05:00:00,62.541985
2011-12-24 06:00:00,52.77755
2011-12-24 07:00:00,61.218224
2011-12-24 08:00:00,50.449917
2011-12-24 09:00:00,106.98206
2011-12-24 10:00:00,112.612625
2011-12-24 11:00:00,126.398186
2011-12-24 12:00:00,133.70578
2011-12-24 13:00:00,131.44104
2011-12-24 14:00:00,131.44104
2011-12-24 15:00:00,116.14463
2011-12-24 16:00:00,106.47022
2011-12-24 17:00:00,76.398254
2011-12-24 18:00:00,83.48347
2011-12-24 19:00:00,67.6156
2011-12-24 20:00:00,58.07272
2011-12-24 21:00:00,56.725708
2011-12-24 22:00:00,55.484715
2011-12-24 23:00:00,54.28784
2011-12-25 00:00:00,47.97518
2011-12-25 01:00:00,43.910217
2011-12-25 02:00:00,51.538795
2011-12-25 03:00:00,56.541428
2011-12-25 05:00:00,46.398457
2011-12-25 06:00:00,46.398457
2011-12-25 07:00:00,49.06277
2011-12-25 08:00:00,40.462624
2011-12-25 09:00:00,45.0456
2011-12-25 10:00:00,44.255676
2011-12-25 11:00:00,56.291733
2011-12-25 12:00:00,52.888115
2011-12-25 13:00:00,60.822
2011-12-25 14:00:00,79.73113
2011-12-25 15:00:00,76.45095
2011-12-25 16:00:00,75.261955
2011-12-25 17:00:00,71.28511
2011-12-25 18:00:00,60.386375
2011-12-25 19:00:00,72.78791
2011-12-25 20:00:00,73.19434
2011-12-25 21:00:00,67.1198
2011-12-25 22:00:00,56.692566
2011-12-25 23:00:00,52.537167
2011-12-26 00:00:00,35.861248
2011-12-26 01:00:00,54.6856
2011-12-26 02:00:00,96.2453
2011-12-26 04:00:00,101.058754
2011-12-26 05:00:00,117.45367
2011-12-26 06:00:00,97.73457
2011-12-26 07:00:00,90.72399
2011-12-26 08:00:00,86.24114
2011-12-26 09:00:00,101.058754
2011-12-26 10:00:00,118.61811
2011-12-26 11:00:00,114.0487
2011-12-26 12:00:00,126.27474
2011-12-26 13:00:00,153.36856
2011-12-26 14:00:00,154.64836
2011-12-26 15:00:00,152.33066
2011-12-26 16:00:00,119.90969
2011-12-26 17:00:00,96.2453
2011-12-26 18:00:00,69.69366
2011-12-26 19:00:00,54.32587
2011-12-26 20:00:00,60.72273
2011-12-26 21:00:00,55.024567
2011-12-26 22:00:00,55.024574
2011-12-26 23:00:00,44.9412
2011-12-27 00:00:00,64.403076
2011-12-27 01:00:00,67.65548
2011-12-27 02:00:00,67.65548
2011-12-27 03:00:00,80.604744
2011-12-27 04:00:00,76.04572
2011-12-27 05:00:00,77.511826
2011-12-27 06:00:00,82.018684
2011-12-27 07:00:00,78.27761
2011-12-27 08:00:00,77.19543
2011-12-27 09:00:00,80.030525
2011-12-27 10:00:00,77.949715
2011-12-27 11:00:00,80.030525
2011-12-27 12:00:00,74.33815
2011-12-27 13:00:00,67.13273
2011-12-27 14:00:00,99.74766
2011-12-27 15:00:00,99.74766
2011-12-27 16:00:00,94.21528
2011-12-27 17:00:00,86.43329
2011-12-27 18:00:00,81.92132
2011-12-27 19:00:00,72.50678
2011-12-27 20:00:00,77.03613
2011-12-27 21:00:00,76.87388
2011-12-27 22:00:00,76.87388
2011-12-27 23:00:00,69.73774
2011-12-28 00:00:00,69.376976
2011-12-28 01:00:00,73.5201
2011-12-28 02:00:00,89.09935
2011-12-28 03:00:00,89.09935
2011-12-28 05:00:00,100.15405
2011-12-28 06:00:00,93.958206
2011-12-28 07:00:00,93.9582
2011-12-28 08:00:00,100.154045
2011-12-28 09:00:00,100.09867
2011-12-28 10:00:00,95.402374
2011-12-28 11:00:00,135.94693
2011-12-28 12:00:00,128.81613
2011-12-28 13:00:00,138.32964
2011-12-28 14:00:00,132.41077
2011-12-28 15:00:00,138.69592
2011-12-28 16:00:00,130.36545
2011-12-28 17:00:00,116.81608
2011-12-28 18:00:00,108.333755
2011-12-28 19:00:00,94.3739
2011-12-28 20:00:00,91.766335
2011-12-28 21:00:00,75.621956
2011-12-28 22:00:00,76.2072
2011-12-28 23:00:00,82.79638
2011-12-29 00:00:00,75.90531
2011-12-29 01:00:00,77.00146
2011-12-29 02:00:00,66.54862
2011-12-29 03:00:00,60.560402
2011-12-29 04:00:00,63.433582
2011-12-29 05:00:00,65.41967
2011-12-29 06:00:00,62.445267
2011-12-29 07:00:00,60.455887
2011-12-29 08:00:00,65.986305
2011-12-29 09:00:00,58.284176
2011-12-29 10:00:00,60.473427
2011-12-29 11:00:00,68.927216
2011-12-29 12:00:00,73.34939
2011-12-29 13:00:00,79.38288
2011-12-29 14:00:00,69.50132
2011-12-29 15:00:00,82.87231
2011-12-29 16:00:00,88.26484
2011-12-29 17:00:00,80.23206
2011-12-29 18:00:00,80.4264
2011-12-29 19:00:00,77.98298
2011-12-29 20:00:00,72.56481
2011-12-29 21:00:00,75.94074
2011-12-29 22:00:00,73.11803
2011-12-29 23:00:00,76.550224
2011-12-30 00:00:00,70.794914
2011-12-30 01:00:00,71.623085
2011-12-30 02:00:00,66.34631
2011-12-30 03:00:00,66.34631
2011-12-30 04:00:00,67.54943
2011-12-30 05:00:00,66.02192
2011-12-30 06:00:00,67.54943
2011-12-30 07:00:00,66.88105
2011-12-30 08:00:00,65.80574
2011-12-30 09:00:00,70.81545
2011-12-30 10:00:00,78.22915
2011-12-30 11:00:00,81.07862
2011-12-30 12:00:00,84.78351
2011-12-30 13:00:00,99.94803
2011-12-30 14:00:00,123.78481
2011-12-30 15:00:00,102.11289
2011-12-30 16:00:00,145.59903
2011-12-30 17:00:00,110.62176
2011-12-30 18:00:00,84.82019
2011-12-30 19:00:00,119.44375
2011-12-30 20:00:00,81.07564
2011-12-30 21:00:00,83.12482
2011-12-30 22:00:00,79.510506
2011-12-30 23:00:00,91.75652
2011-12-31 00:00:00,104.108986
2011-12-31 01:00:00,105.82499
2011-12-31 02:00:00,105.82499
2011-12-31 03:00:00,105.82499
2011-12-31 04:00:00,80.79767
2011-12-31 05:00:00,63.49254
2011-12-31 06:00:00,77.60505
2011-12-31 07:00:00,74.1514
2011-12-31 08:00:00,60.16415
2011-12-31 09:00:00,69.53205
2011-12-31 10:00:00,77.47492
2011-12-31 11:00:00,85.90613
2011-12-31 12:00:00,257.00656
2011-12-31 13:00:00,219.3804
2011-12-31 14:00:00,161.36076
2011-12-31 15:00:00,184.96353
2011-12-31 16:00:00,160.63345
2011-12-31 17:00:00,116.32592
2011-12-31 18:00:00,101.4452
2011-12-31 19:00:00,121.44209
2011-12-31 20:00:00,121.44209
2011-12-31 21:00:00,101.54186
2011-12-31 22:00:00,81.42038
2011-12-31 23:00:00,65.71735
2012-01-20 00:00:00,88.21152
2012-01-20 01:00:00,82.46394
2012-01-20 02:00:00,82.46394
2012-01-20 03:00:00,71.065254
2012-01-20 04:00:00,66.746025
2012-01-20 05:00:00,66.746025
2012-01-20 06:00:00,65.81016
2012-01-20 07:00:00,55.25893
2012-01-20 08:00:00,58.258064
2012-01-20 09:00:00,82.66251
2012-01-20 10:00:00,83.61722
2012-01-20 11:00:00,93.03445
2012-01-20 12:00:00,90.01075
2012-01-20 13:00:00,106.14453
2012-01-20 14:00:00,98.443726
2012-01-20 15:00:00,97.735886
2012-01-20 16:00:00,86.28378
2012-01-20 17:00:00,119.27702
2012-01-20 18:00:00,100.80231
2012-01-20 19:00:00,90.678566
2012-01-20 20:00:00,100.80231
2012-01-20 21:00:00,90.94713
2012-01-20 22:00:00,85.99304
2012-01-20 23:00:00,42.385345
2012-01-21 00:00:00,30.003862
2012-01-21 01:00:00,29.148773
2012-01-21 02:00:00,46.02715
2012-01-21 03:00:00,38.79008
2012-01-21 04:00:00,39.891525
2012-01-21 05:00:00,37.88254
2012-01-21 06:00:00,35.069016
2012-01-21 07:00:00,35.069016
2012-01-21 08:00:00,32.24275
2012-01-21 09:00:00,32.24275
2012-01-21 10:00:00,30.693928
2012-01-21 11:00:00,43.355125
2012-01-21 12:00:00,38.769432
2012-01-21 13:00:00,35.211555
2012-01-21 14:00:00,34.830383
2012-01-21 15:00:00,34.830395
2012-01-21 16:00:00,34.816345
2012-01-21 17:00:00,36.7893
2012-01-21 18:00:00,37.969868
2012-01-21 19:00:00,33.628162
2012-01-21 20:00:00,32.6512
2012-01-21 21:00:00,35.156563
2012-01-21 22:00:00,33.437904
2012-01-21 23:00:00,30.661665
2012-01-22 00:00:00,31.842714
2012-01-22 01:00:00,33.437904
2012-01-22 02:00:00,33.16293
2012-01-22 03:00:00,34.03166
2012-01-22 04:00:00,28.371616
2012-01-22 05:00:00,29.124132
2012-01-22 06:00:00,30.847134
2012-01-22 07:00:00,30.847134
2012-01-22 08:00:00,30.847134
2012-01-22 09:00:00,30.847134
2012-01-22 10:00:00,30.288076
2012-01-22 11:00:00,29.12941
2012-01-22 12:00:00,31.092113
2012-01-22 13:00:00,37.186283
2012-01-22 14:00:00,33.90102
2012-01-22 15:00:00,31.735996
2012-01-22 16:00:00,31.735996
2012-01-22 17:00:00,39.07291
2012-01-22 18:00:00,37.88254
2012-01-22 19:00:00,37.88254
2012-01-22 20:00:00,33.60447
2012-01-22 21:00:00,37.88254
2012-01-22 22:00:00,42.201508
2012-01-22 23:00:00,40.418816
2012-01-23 00:00:00,66.94258
2012-01-23 01:00:00,57.897633
2012-01-23 02:00:00,57.897633
2012-01-23 03:00:00,66.94257
2012-01-23 04:00:00,68.18371
2012-01-23 05:00:00,68.94892
2012-01-23 06:00:00,68.94892
2012-01-23 07:00:00,68.169846
2012-01-23 08:00:00,53.542816
2012-01-23 09:00:00,61.494595
2012-01-23 10:00:00,69.82253
2012-01-23 11:00:00,61.971836
2012-01-23 12:00:00,71.77723
2012-01-23 13:00:00,63.763252
2012-01-23 14:00:00,50.879444
2012-01-23 15:00:00,49.93729
2012-01-23 16:00:00,57.3048
2012-01-23 17:00:00,65.32846
2012-01-23 18:00:00,60.394146
2012-01-23 19:00:00,59.39306
2012-01-23 20:00:00,60.141182
2012-01-23 21:00:00,52.105797
2012-01-23 22:00:00,52.105797
2012-01-23 23:00:00,54.85777
2012-01-24 00:00:00,57.507217
2012-01-24 01:00:00,61.55764
2012-01-24 02:00:00,63.00331
2012-01-24 03:00:00,71.53319
2012-01-24 04:00:00,74.47378
2012-01-24 05:00:00,74.47378
2012-01-24 06:00:00,65.75136
2012-01-24 07:00:00,71.53319
2012-01-24 08:00:00,71.53319
2012-01-24 09:00:00,76.56399
2012-01-24 10:00:00,77.03613
2012-01-24 11:00:00,74.263405
2012-01-24 12:00:00,72.50678
2012-01-24 13:00:00,72.50678
2012-01-24 14:00:00,77.47807
2012-01-24 15:00:00,94.393486
2012-01-24 16:00:00,88.47818
2012-01-24 17:00:00,84.28523
2012-01-24 18:00:00,83.97218
2012-01-24 19:00:00,107.14489
2012-01-24 20:00:00,73.99907
2012-01-24 21:00:00,73.68836
2012-01-24 22:00:00,76.11596
2012-01-24 23:00:00,73.99907
2012-01-25 00:00:00,74.258865
2012-01-25 01:00:00,72.125114
2012-01-25 02:00:00,67.78127
2012-01-25 03:00:00,61.420525
2012-01-25 04:00:00,62.7639
2012-01-25 05:00:00,62.7639
2012-01-25 06:00:00,56.819458
2012-01-25 07:00:00,55.83377
2012-01-25 08:00:00,58.484802
2012-01-25 09:00:00,58.484802
2012-01-25 10:00:00,60.799183
2012-01-25 11:00:00,82.018684
2012-01-25 12:00:00,88.95782
2012-01-25 13:00:00,98.57032
2012-01-25 14:00:00,86.30511
2012-01-25 15:00:00,75.41505
2012-01-25 16:00:00,96.61657
2012-01-25 17:00:00,102.31699
2012-01-25 18:00:00,79.58196
2012-01-25 19:00:00,72.04449
2012-01-25 20:00:00,87.16457
2012-01-25 21:00:00,69.16109
2012-01-25 22:00:00,74.38877
2012-01-25 23:00:00,71.228645
2012-01-26 00:00:00,70.248085
2012-01-26 01:00:00,74.07288
2012-01-26 02:00:00,64.691826
2012-01-26 03:00:00,73.435295
2012-01-26 04:00:00,71.937614
2012-01-26 05:00:00,75.34711
2012-01-26 06:00:00,75.53025
2012-01-26 07:00:00,72.13122
2012-01-26 08:00:00,72.13122
2012-01-26 09:00:00,77.03394
2012-01-26 10:00:00,69.204346
2012-01-26 11:00:00,72.3503
2012-01-26 12:00:00,75.303535
2012-01-26 13:00:00,77.620926
2012-01-26 14:00:00,87.5601
2012-01-26 15:00:00,89.17517
2012-01-26 16:00:00,85.94174
2012-01-26 17:00:00,79.51226
2012-01-26 18:00:00,79.51226
2012-01-26 19:00:00,87.19796
2012-01-26 20:00:00,88.12592
2012-01-26 21:00:00,87.19796
2012-01-26 22:00:00,83.805695
2012-01-26 23:00:00,81.77874
2012-01-27 00:00:00,88.83431
2012-01-27 01:00:00,83.97146
2012-01-27 02:00:00,87.12423
2012-01-27 03:00:00,83.474945
2012-01-27 04:00:00,75.40087
2012-01-27 05:00:00,84.21328
2012-01-27 06:00:00,79.49778
2012-01-27 07:00:00,79.38487
2012-01-27 08:00:00,108.19337
2012-01-27 09:00:00,108.19337
2012-01-27 10:00:00,92.194984
2012-01-27 11:00:00,95.51758
2012-01-27 12:00:00,100.78097
2012-01-27 13:00:00,174.85373
2012-01-27 14:00:00,188.10217
2012-01-27 15:00:00,175.67493
2012-01-27 16:00:00,172.18973
2012-01-27 17:00:00,166.95741
2012-01-27 18:00:00,157.26556
2012-01-27 19:00:00,130.33057
2012-01-27 20:00:00,112.95176
2012-01-27 21:00:00,118.39588
2012-01-27 22:00:00,122.37168
2012-01-27 23:00:00,116.73729
2012-01-28 00:00:00,85.463875
2012-01-28 01:00:00,76.17749
2012-01-28 02:00:00,58.50191
2012-01-28 03:00:00,59.05783
2012-01-28 04:00:00,53.15583
2012-01-28 05:00:00,52.278015
2012-01-28 06:00:00,57.90274
2012-01-28 07:00:00,57.024788
2012-01-28 08:00:00,48.496014
2012-01-28 09:00:00,57.55548
2012-01-28 10:00:00,50.898758
2012-01-28 11:00:00,67.1198
2012-01-28 12:00:00,69.843666
2012-01-28 13:00:00,87.47016
2012-01-28 14:00:00,137.83022
2012-01-28 15:00:00,149.37698
2012-01-28 16:00:00,170.6445
2012-01-28 17:00:00,172.7634
2012-01-28 18:00:00,176.80554
2012-01-28 19:00:00,177.92072
2012-01-28 20:00:00,194.29224
2012-01-28 21:00:00,181.64641
2012-01-28 22:00:00,153.34683
2012-01-28 23:00:00,157.96675
2012-01-29 00:00:00,130.37517
2012-01-29 01:00:00,145.65527
2012-01-29 02:00:00,141.887
2012-01-29 03:00:00,131.21356
2012-01-29 04:00:00,96.74282
2012-01-29 05:00:00,47.6112
2012-01-29 06:00:00,61.533367
2012-01-29 07:00:00,64.60476
2012-01-29 08:00:00,55.371887
2012-01-29 09:00:00,51.082237
2012-01-29 10:00:00,84.1036
2012-01-29 11:00:00,144.55295
2012-01-29 12:00:00,182.17847
2012-01-29 13:00:00,182.17847
2012-01-29 14:00:00,180.44705
2012-01-29 15:00:00,209.4871
2012-01-29 16:00:00,175.9122
2012-01-29 17:00:00,175.91217
2012-01-29 18:00:00,187.91837
2012-01-29 19:00:00,164.0521
2012-01-29 20:00:00,107.972115
2012-01-29 21:00:00,135.56783
2012-01-29 22:00:00,160.13844
2012-01-29 23:00:00,132.65796
2012-01-30 00:00:00,136.73026
2012-01-30 01:00:00,74.68706
2012-01-30 02:00:00,87.11921
2012-01-30 03:00:00,77.910225
2012-01-30 04:00:00,66.591
2012-01-30 05:00:00,66.591
2012-01-30 06:00:00,82.79638
2012-01-30 07:00:00,85.07299
2012-01-30 08:00:00,71.529884
2012-01-30 09:00:00,71.529884
2012-01-30 10:00:00,90.03567
2012-01-30 11:00:00,70.76586
2012-01-30 12:00:00,113.24595
2012-01-30 13:00:00,142.10458
2012-01-30 14:00:00,173.8429
2012-01-30 15:00:00,183.85587
2012-01-30 16:00:00,188.83646
2012-01-30 17:00:00,205.53598
2012-01-30 18:00:00,188.91747
2012-01-30 19:00:00,93.53675
2012-01-30 20:00:00,116.40079
2012-01-30 21:00:00,108.48141
2012-01-30 22:00:00,92.66595
2012-01-30 23:00:00,71.765816
2012-01-31 00:00:00,89.81672
2012-01-31 01:00:00,116.26939
2012-01-31 02:00:00,110.87786
2012-01-31 03:00:00,103.525764
2012-01-31 04:00:00,93.47282
2012-01-31 05:00:00,93.47282
2012-01-31 06:00:00,82.33442
2012-01-31 07:00:00,71.765816
2012-01-31 08:00:00,70.81183
2012-01-31 09:00:00,88.64193
2012-01-31 10:00:00,90.2073
2012-01-31 11:00:00,184.43547
2012-01-31 12:00:00,162.81213
2012-01-31 13:00:00,209.46922
2012-01-31 14:00:00,270.0852
2012-01-31 15:00:00,269.42722
2012-01-31 16:00:00,269.42722
2012-01-31 17:00:00,278.73322
2012-01-31 18:00:00,275.92413
2012-01-31 19:00:00,264.2503
2012-01-31 20:00:00,90.218254
2012-01-31 21:00:00,237.34842
2012-01-31 22:00:00,217.38658
2012-01-31 23:00:00,199.51315
2012-02-20 00:00:00,43.8409
2012-02-20 01:00:00,43.8409
2012-02-20 02:00:00,43.8409
2012-02-20 03:00:00,34.35339
2012-02-20 05:00:00,46.71689
2012-02-20 06:00:00,56.935734
2012-02-20 07:00:00,45.066895
2012-02-20 08:00:00,40.53224
2012-02-20 09:00:00,40.53224
2012-02-20 10:00:00,52.304596
2012-02-20 11:00:00,69.07351
2012-02-20 12:00:00,78.0104
2012-02-20 13:00:00,96.84711
2012-02-20 14:00:00,121.35432
2012-02-20 15:00:00,142.7007
2012-02-20 16:00:00,200.43332
2012-02-20 17:00:00,226.7065
2012-02-20 18:00:00,142.7007
2012-02-20 19:00:00,142.7007
2012-02-20 20:00:00,147.79208
2012-02-20 21:00:00,96.766266
2012-02-20 22:00:00,71.411
2012-02-20 23:00:00,79.01768
2012-02-21 00:00:00,67.44806
2012-02-21 01:00:00,64.67006
2012-02-21 02:00:00,64.925896
2012-02-21 04:00:00,65.01716
2012-02-21 05:00:00,65.37902
2012-02-21 06:00:00,65.98697
2012-02-21 07:00:00,65.01716
2012-02-21 08:00:00,62.2138
2012-02-21 09:00:00,60.706894
2012-02-21 10:00:00,58.74281
2012-02-21 11:00:00,60.971684
2012-02-21 12:00:00,94.81166
2012-02-21 13:00:00,123.34738
2012-02-21 14:00:00,106.63111
2012-02-21 15:00:00,123.34738
2012-02-21 16:00:00,138.51181
2012-02-21 17:00:00,169.59247
2012-02-21 18:00:00,169.59247
2012-02-21 19:00:00,131.03954
2012-02-21 20:00:00,103.80883
2012-02-21 21:00:00,87.01379
2012-02-21 22:00:00,80.49314
2012-02-21 23:00:00,80.535736
2012-02-22 00:00:00,80.535736
2012-02-22 01:00:00,78.86475
2012-02-22 02:00:00,89.57234
2012-02-22 03:00:00,79.490616
2012-02-22 04:00:00,79.935196
2012-02-22 05:00:00,77.36627
2012-02-22 06:00:00,73.5201
2012-02-22 07:00:00,77.055885
2012-02-22 08:00:00,75.43842
2012-02-22 09:00:00,76.32335
2012-02-22 10:00:00,77.730576
2012-02-22 11:00:00,86.457695
2012-02-22 12:00:00,117.12798
2012-02-22 13:00:00,141.78104
2012-02-22 14:00:00,152.65054
2012-02-22 15:00:00,264.85736
2012-02-22 16:00:00,271.80487
2012-02-22 17:00:00,275.0255
2012-02-22 18:00:00,208.83968
2012-02-22 19:00:00,183.88855
2012-02-22 20:00:00,158.04314
2012-02-22 21:00:00,246.54814
2012-02-22 22:00:00,161.23338
2012-02-22 23:00:00,196.70602
2012-02-23 00:00:00,161.23338
2012-02-23 01:00:00,135.08527
2012-02-23 02:00:00,121.10053
2012-02-23 03:00:00,110.734116
2012-02-23 04:00:00,95.02623
2012-02-23 05:00:00,95.02623
2012-02-23 06:00:00,74.78809
2012-02-23 07:00:00,77.47807
2012-02-23 08:00:00,71.47651
2012-02-23 09:00:00,76.58858
2012-02-23 10:00:00,105.158134
2012-02-23 11:00:00,182.14398
2012-02-23 12:00:00,209.91649
2012-02-23 13:00:00,214.50258
2012-02-23 14:00:00,247.41562
2012-02-23 15:00:00,225.60823
2012-02-23 16:00:00,208.00433
2012-02-23 17:00:00,234.67914
2012-02-23 18:00:00,214.79016
2012-02-23 19:00:00,178.05582
2012-02-23 20:00:00,156.85873
2012-02-23 21:00:00,147.92232
2012-02-23 22:00:00,144.18224
2012-02-23 23:00:00,77.09974
2012-02-24 00:00:00,98.31362
2012-02-24 01:00:00,117.71113
2012-02-24 02:00:00,100.65076
2012-02-24 03:00:00,88.91661
2012-02-24 04:00:00,86.33175
2012-02-24 05:00:00,84.299065
2012-02-24 06:00:00,85.29383
2012-02-24 07:00:00,94.232765
2012-02-24 08:00:00,95.43966
2012-02-24 09:00:00,74.85217
2012-02-24 10:00:00,76.71628
2012-02-24 11:00:00,82.14537
2012-02-24 12:00:00,89.38096
2012-02-24 13:00:00,89.17517
2012-02-24 14:00:00,95.15298
2012-02-24 15:00:00,84.30915
2012-02-24 16:00:00,84.30915
2012-02-24 17:00:00,89.24642
2012-02-24 18:00:00,87.26481
2012-02-24 19:00:00,91.109184
2012-02-24 20:00:00,145.64348
2012-02-24 21:00:00,132.92542
2012-02-24 22:00:00,178.6332
2012-02-24 23:00:00,146.05548
2012-02-25 00:00:00,138.20879
2012-02-25 01:00:00,127.08253
2012-02-25 02:00:00,102.60308
2012-02-25 03:00:00,97.40087
2012-02-25 04:00:00,107.90487
2012-02-25 05:00:00,101.474106
2012-02-25 06:00:00,101.474106
2012-02-25 07:00:00,97.48854
2012-02-25 08:00:00,73.9954
2012-02-25 09:00:00,37.32054
2012-02-25 10:00:00,60.653683
2012-02-25 11:00:00,114.91977
2012-02-25 12:00:00,97.477486
2012-02-25 13:00:00,140.10866
2012-02-25 14:00:00,118.61302
2012-02-25 15:00:00,152.02649
2012-02-25 16:00:00,105.2725
2012-02-25 17:00:00,132.49783
2012-02-25 18:00:00,102.40217
2012-02-25 19:00:00,109.51823
2012-02-25 20:00:00,94.84284
2012-02-25 21:00:00,97.01664
2012-02-25 22:00:00,93.0802
2012-02-25 23:00:00,85.02146
2012-02-26 00:00:00,85.35747
2012-02-26 01:00:00,76.967995
2012-02-26 02:00:00,76.967995
2012-02-26 03:00:00,73.9406
2012-02-26 04:00:00,73.9406
2012-02-26 05:00:00,65.60369
2012-02-26 06:00:00,69.46272
2012-02-26 07:00:00,52.060867
2012-02-26 08:00:00,50.64038
2012-02-26 09:00:00,60.261936
2012-02-26 10:00:00,79.46717
2012-02-26 11:00:00,97.83288
2012-02-26 12:00:00,99.38238
2012-02-26 13:00:00,97.79864
2012-02-26 14:00:00,147.48116
2012-02-26 15:00:00,167.56993
2012-02-26 16:00:00,173.8009
2012-02-26 17:00:00,179.75452
2012-02-26 18:00:00,144.33167
2012-02-26 19:00:00,151.5459
2012-02-26 20:00:00,102.156845
2012-02-26 21:00:00,82.25287
2012-02-26 22:00:00,99.30497
2012-02-26 23:00:00,56.725708
2012-02-27 00:00:00,71.605644
2012-02-27 01:00:00,67.62519
2012-02-27 02:00:00,61.678993
2012-02-27 03:00:00,59.522858
2012-02-27 04:00:00,58.928074
2012-02-27 05:00:00,58.928074
2012-02-27 06:00:00,58.484802
2012-02-27 07:00:00,65.82904
2012-02-27 08:00:00,62.40232
2012-02-27 09:00:00,71.765816
2012-02-27 10:00:00,113.627464
2012-02-27 11:00:00,133.85913
2012-02-27 12:00:00,184.63602
2012-02-27 13:00:00,161.76775
2012-02-27 14:00:00,222.09555
2012-02-27 15:00:00,267.2551
2012-02-27 16:00:00,269.42722
2012-02-27 17:00:00,256.2783
2012-02-27 18:00:00,274.37952
2012-02-27 19:00:00,271.22183
2012-02-27 20:00:00,248.69455
2012-02-27 21:00:00,222.09555
2012-02-27 22:00:00,176.17917
2012-02-27 23:00:00,130.84354
2012-02-28 00:00:00,110.690636
2012-02-28 01:00:00,97.47124
2012-02-28 02:00:00,95.82797
2012-02-28 03:00:00,203.06886
2012-02-28 04:00:00,126.06631
2012-02-28 05:00:00,126.06631
2012-02-28 06:00:00,112.17634
2012-02-28 07:00:00,103.27865
2012-02-28 08:00:00,90.31748
2012-02-28 09:00:00,107.34616
2012-02-28 10:00:00,116.2694
2012-02-28 11:00:00,144.46808
2012-02-28 12:00:00,150.15257
2012-02-28 13:00:00,152.01022
2012-02-28 14:00:00,186.86388
2012-02-28 15:00:00,192.20737
2012-02-28 16:00:00,189.56282
2012-02-28 17:00:00,192.20737
2012-02-28 18:00:00,209.20242
2012-02-28 19:00:00,179.42072
2012-02-28 20:00:00,186.19333
2012-02-28 21:00:00,99.25258
2012-02-28 22:00:00,99.25258
2012-02-28 23:00:00,95.49385
2012-02-29 00:00:00,82.18743
2012-02-29 01:00:00,87.654625
2012-02-29 02:00:00,87.84252
2012-02-29 03:00:00,73.64606
2012-02-29 05:00:00,71.01944
2012-02-29 06:00:00,73.435295
2012-02-29 07:00:00,63.542873
2012-02-29 08:00:00,70.248085
2012-02-29 09:00:00,67.12109
2012-02-29 10:00:00,67.12109
2012-02-29 11:00:00,61.25981
2012-02-29 12:00:00,59.598194
2012-02-29 13:00:00,68.87971
2012-02-29 14:00:00,68.87971
2012-02-29 15:00:00,90.05558
2012-02-29 16:00:00,88.296036
2012-02-29 17:00:00,85.29383
2012-02-29 18:00:00,86.11562
2012-02-29 19:00:00,87.68179
2012-02-29 20:00:00,87.873215
2012-02-29 21:00:00,87.873215
2012-02-29 22:00:00,82.63873
2012-02-29 23:00:00,82.63873
2012-03-20 00:00:00,98.696495
2012-03-20 01:00:00,88.04827
2012-03-20 02:00:00,94.44529
2012-03-20 03:00:00,90.02974
2012-03-20 04:00:00,99.849106
2012-03-20 05:00:00,91.131966
2012-03-20 06:00:00,101.90673
2012-03-20 07:00:00,102.63277
2012-03-20 08:00:00,96.59558
2012-03-20 09:00:00,105.53437
2012-03-20 10:00:00,108.047745
2012-03-20 11:00:00,103.72997
2012-03-20 12:00:00,145.0615
2012-03-20 13:00:00,125.73735
2012-03-20 14:00:00,132.2627
2012-03-20 15:00:00,124.16372
2012-03-20 16:00:00,167.729
2012-03-20 17:00:00,136.9226
2012-03-20 18:00:00,163.0487
2012-03-20 19:00:00,109.66923
2012-03-20 20:00:00,103.09969
2012-03-20 21:00:00,86.68888
2012-03-20 22:00:00,85.7165
2012-03-20 23:00:00,85.45934
2012-03-21 00:00:00,92.53878
2012-03-21 01:00:00,98.914154
2012-03-21 02:00:00,102.549164
2012-03-21 03:00:00,111.50902
2012-03-21 04:00:00,105.48075
2012-03-21 05:00:00,105.48075
2012-03-21 06:00:00,105.928
2012-03-21 07:00:00,106.06002
2012-03-21 08:00:00,103.19086
2012-03-21 09:00:00,108.52797
2012-03-21 10:00:00,113.964096
2012-03-21 11:00:00,113.964096
2012-03-21 12:00:00,94.6995
2012-03-21 13:00:00,95.672455
2012-03-21 14:00:00,96.08851
2012-03-21 15:00:00,96.08851
2012-03-21 16:00:00,94.032646
2012-03-21 17:00:00,125.87531
2012-03-21 18:00:00,105.00692
2012-03-21 19:00:00,128.15782
2012-03-21 20:00:00,102.83437
2012-03-21 21:00:00,102.10949
2012-03-21 22:00:00,109.926956
2012-03-21 23:00:00,91.534325
2012-03-22 00:00:00,98.914154
2012-03-22 01:00:00,98.914154
2012-03-22 02:00:00,98.914154
2012-03-22 03:00:00,98.914154
2012-03-22 04:00:00,101.503296
2012-03-22 05:00:00,101.503296
2012-03-22 06:00:00,101.503296
2012-03-22 07:00:00,101.503296
2012-03-22 08:00:00,101.59809
2012-03-22 09:00:00,101.59809
2012-03-22 10:00:00,102.68673
2012-03-22 11:00:00,97.14895
2012-03-22 12:00:00,117.57504
2012-03-22 13:00:00,104.896675
2012-03-22 14:00:00,120.80464
2012-03-22 15:00:00,171.70543
2012-03-22 16:00:00,191.05031
2012-03-22 17:00:00,190.60748
2012-03-22 18:00:00,190.60748
2012-03-22 19:00:00,153.55165
2012-03-22 20:00:00,181.35306
2012-03-22 21:00:00,122.18837
2012-03-22 22:00:00,121.88043
2012-03-22 23:00:00,101.66937
2012-03-23 00:00:00,93.73361
2012-03-23 01:00:00,93.55004
2012-03-23 02:00:00,100.473854
2012-03-23 03:00:00,100.728775
2012-03-23 04:00:00,102.492805
2012-03-23 05:00:00,96.18073
2012-03-23 06:00:00,94.46879
2012-03-23 07:00:00,104.845276
2012-03-23 08:00:00,104.75391
2012-03-23 09:00:00,102.72775
2012-03-23 10:00:00,106.86573
2012-03-23 11:00:00,129.12048
2012-03-23 12:00:00,229.41422
2012-03-23 13:00:00,261.76993
2012-03-23 14:00:00,293.74695
2012-03-23 15:00:00,301.85135
2012-03-23 16:00:00,309.77005
2012-03-23 17:00:00,309.77005
2012-03-23 18:00:00,282.62814
2012-03-23 19:00:00,256.82443
2012-03-23 20:00:00,252.14627
2012-03-23 21:00:00,214.8317
2012-03-23 22:00:00,207.65744
2012-03-23 23:00:00,181.58545
2012-03-24 00:00:00,93.28028
2012-03-24 01:00:00,98.23426
2012-03-24 02:00:00,97.01629
2012-03-24 03:00:00,97.01629
2012-03-24 04:00:00,91.98417
2012-03-24 05:00:00,102.70711
2012-03-24 06:00:00,102.70711
2012-03-24 07:00:00,95.25658
2012-03-24 08:00:00,92.3944
2012-03-24 09:00:00,99.59199
2012-03-24 10:00:00,101.59652
2012-03-24 11:00:00,92.3944
2012-03-24 12:00:00,96.99315
2012-03-24 13:00:00,97.904205
2012-03-24 14:00:00,113.76998
2012-03-24 15:00:00,102.46778
2012-03-24 16:00:00,95.47999
2012-03-24 17:00:00,99.26596
2012-03-24 18:00:00,84.68086
2012-03-24 19:00:00,86.735344
2012-03-24 20:00:00,77.71279
2012-03-24 21:00:00,77.71279
2012-03-24 22:00:00,75.711044
2012-03-24 23:00:00,80.27304
2012-03-25 00:00:00,80.27304
2012-03-25 01:00:00,72.31503
2012-03-25 02:00:00,71.158066
2012-03-25 03:00:00,75.98995
2012-03-25 04:00:00,76.301895
2012-03-25 05:00:00,68.89434
2012-03-25 06:00:00,68.89434
2012-03-25 07:00:00,72.11821
2012-03-25 08:00:00,72.11821
2012-03-25 09:00:00,72.438484
2012-03-25 10:00:00,79.066536
2012-03-25 11:00:00,72.438484
2012-03-25 12:00:00,73.15162
2012-03-25 13:00:00,81.803474
2012-03-25 14:00:00,85.48308
2012-03-25 15:00:00,85.32815
2012-03-25 16:00:00,81.35245
2012-03-25 17:00:00,92.14249
2012-03-25 18:00:00,92.14249
2012-03-25 19:00:00,124.307945
2012-03-25 20:00:00,108.399345
2012-03-25 21:00:00,98.95927
2012-03-25 22:00:00,90.50616
2012-03-25 23:00:00,92.905334
2012-03-26 00:00:00,109.27924
2012-03-26 01:00:00,119.6583
2012-03-26 02:00:00,106.63105
2012-03-26 03:00:00,107.700096
2012-03-26 04:00:00,101.67629
2012-03-26 05:00:00,104.30294
2012-03-26 06:00:00,102.12489
2012-03-26 07:00:00,114.142
2012-03-26 08:00:00,137.58716
2012-03-26 09:00:00,198.49115
2012-03-26 10:00:00,250.24808
2012-03-26 11:00:00,230.79662
2012-03-26 12:00:00,257.00693
2012-03-26 13:00:00,186.73416
2012-03-26 14:00:00,267.21213
2012-03-26 15:00:00,214.44318
2012-03-26 16:00:00,177.98576
2012-03-26 17:00:00,254.21954
2012-03-26 18:00:00,256.49533
2012-03-26 19:00:00,265.7239
2012-03-26 20:00:00,197.53352
2012-03-26 21:00:00,194.86992
2012-03-26 22:00:00,217.36807
2012-03-26 23:00:00,143.08089
2012-03-27 00:00:00,140.41
2012-03-27 01:00:00,150.06326
2012-03-27 02:00:00,148.70195
2012-03-27 03:00:00,147.38249
2012-03-27 04:00:00,134.06584
2012-03-27 05:00:00,118.50248
2012-03-27 06:00:00,120.76923
2012-03-27 07:00:00,120.76923
2012-03-27 08:00:00,118.790886
2012-03-27 09:00:00,120.68618
2012-03-27 10:00:00,138.44183
2012-03-27 11:00:00,179.21553
2012-03-27 12:00:00,185.3896
2012-03-27 13:00:00,206.03583
2012-03-27 14:00:00,235.86897
2012-03-27 15:00:00,228.51747
2012-03-27 16:00:00,228.51747
2012-03-27 17:00:00,223.38834
2012-03-27 18:00:00,221.57584
2012-03-27 19:00:00,224.12802
2012-03-27 20:00:00,221.57584
2012-03-27 21:00:00,176.68854
2012-03-27 22:00:00,172.6464
2012-03-27 23:00:00,180.29874
2012-03-28 00:00:00,163.95377
2012-03-28 01:00:00,149.24841
2012-03-28 02:00:00,131.74866
2012-03-28 03:00:00,152.49861
2012-03-28 04:00:00,157.17401
2012-03-28 05:00:00,157.17401
2012-03-28 06:00:00,154.12012
2012-03-28 07:00:00,152.12003
2012-03-28 08:00:00,169.45895
2012-03-28 09:00:00,190.5138
2012-03-28 10:00:00,224.79166
2012-03-28 11:00:00,244.78955
2012-03-28 12:00:00,279.79483
2012-03-28 13:00:00,273.53836
2012-03-28 14:00:00,340.87766
2012-03-28 15:00:00,319.7626
2012-03-28 16:00:00,279.13806
2012-03-28 17:00:00,209.79254
2012-03-28 18:00:00,209.79254
2012-03-28 19:00:00,222.81233
2012-03-28 20:00:00,243.81207
2012-03-28 21:00:00,197.91998
2012-03-28 22:00:00,140.29083
2012-03-28 23:00:00,122.23904
2012-03-29 00:00:00,145.82448
2012-03-29 01:00:00,159.47829
2012-03-29 02:00:00,314.99026
2012-03-29 03:00:00,295.34286
2012-03-29 04:00:00,268.9016
2012-03-29 05:00:00,215.9743
2012-03-29 06:00:00,154.49857
2012-03-29 07:00:00,187.46817
2012-03-29 08:00:00,204.5831
2012-03-29 09:00:00,210.22737
2012-03-29 10:00:00,206.48004
2012-03-29 11:00:00,231.03986
2012-03-29 12:00:00,239.8577
2012-03-29 13:00:00,211.81674
2012-03-29 14:00:00,244.25803
2012-03-29 15:00:00,271.3607
2012-03-29 16:00:00,284.10297
2012-03-29 17:00:00,276.09268
2012-03-29 18:00:00,256.70496
2012-03-29 19:00:00,244.10645
2012-03-29 20:00:00,239.07738
2012-03-29 21:00:00,200.38426
2012-03-29 22:00:00,189.61182
2012-03-29 23:00:00,177.74207
2012-03-30 00:00:00,169.12978
2012-03-30 01:00:00,152.2147
2012-03-30 02:00:00,130.34897
2012-03-30 03:00:00,94.912575
2012-03-30 04:00:00,106.17789
2012-03-30 05:00:00,86.090645
2012-03-30 06:00:00,102.212296
2012-03-30 07:00:00,102.56962
2012-03-30 08:00:00,90.484825
2012-03-30 09:00:00,108.260925
2012-03-30 10:00:00,114.639824
2012-03-30 11:00:00,110.54717
2012-03-30 12:00:00,110.10717
2012-03-30 13:00:00,159.65707
2012-03-30 14:00:00,140.93135
2012-03-30 15:00:00,145.60246
2012-03-30 16:00:00,130.69397
2012-03-30 17:00:00,127.235
2012-03-30 18:00:00,149.73633
2012-03-30 19:00:00,125.68493
2012-03-30 20:00:00,118.35323
2012-03-30 21:00:00,100.10159
2012-03-30 22:00:00,92.83547
2012-03-30 23:00:00,79.991005
2012-03-31 00:00:00,78.22234
2012-03-31 01:00:00,88.68718
2012-03-31 02:00:00,95.32322
2012-03-31 03:00:00,83.01676
2012-03-31 04:00:00,110.36371
2012-03-31 05:00:00,82.391945
2012-03-31 06:00:00,67.73028
2012-03-31 07:00:00,67.73028
2012-03-31 08:00:00,66.18546
2012-03-31 09:00:00,88.68718
2012-03-31 10:00:00,86.20146
2012-03-31 11:00:00,95.05289
2012-03-31 12:00:00,80.13896
2012-03-31 13:00:00,142.34152
2012-03-31 14:00:00,143.45142
2012-03-31 15:00:00,167.76898
2012-03-31 16:00:00,148.97218
2012-03-31 17:00:00,149.15344
2012-03-31 18:00:00,126.82409
2012-03-31 19:00:00,123.432785
2012-03-31 20:00:00,104.6963
2012-03-31 21:00:00,104.6963
2012-03-31 22:00:00,93.48718
2012-03-31 23:00:00,73.541435
2012-04-20 00:00:00,104.99881
2012-04-20 01:00:00,107.700096
2012-04-20 02:00:00,101.965645
2012-04-20 03:00:00,95.34964
2012-04-20 04:00:00,94.93578
2012-04-20 05:00:00,90.61196
2012-04-20 06:00:00,88.09658
2012-04-20 07:00:00,90.61196
2012-04-20 08:00:00,91.32521
2012-04-20 09:00:00,95.37429
2012-04-20 10:00:00,118.4708
2012-04-20 11:00:00,133.56392
2012-04-20 12:00:00,210.38782
2012-04-20 13:00:00,278.5177
2012-04-20 14:00:00,285.93665
2012-04-20 15:00:00,265.27652
2012-04-20 16:00:00,282.3877
2012-04-20 17:00:00,289.40018
2012-04-20 18:00:00,271.02448
2012-04-20 19:00:00,234.27478
2012-04-20 20:00:00,191.64536
2012-04-20 21:00:00,126.575584
2012-04-20 22:00:00,159.90636
2012-04-20 23:00:00,112.01538
2012-04-21 00:00:00,117.126564
2012-04-21 01:00:00,117.126564
2012-04-21 02:00:00,99.81468
2012-04-21 03:00:00,106.72357
2012-04-21 04:00:00,110.253746
2012-04-21 05:00:00,110.253746
2012-04-21 06:00:00,106.723595
2012-04-21 07:00:00,114.28454
2012-04-21 08:00:00,117.209885
2012-04-21 09:00:00,108.98221
2012-04-21 10:00:00,203.97112
2012-04-21 11:00:00,229.62404
2012-04-21 12:00:00,243.4729
2012-04-21 13:00:00,264.885
2012-04-21 14:00:00,347.72363
2012-04-21 15:00:00,378.41336
2012-04-21 16:00:00,373.2273
2012-04-21 17:00:00,416.5302
2012-04-21 18:00:00,339.02563
2012-04-21 19:00:00,167.37427
2012-04-21 20:00:00,112.71497
2012-04-21 21:00:00,120.57543
2012-04-21 22:00:00,109.517845
2012-04-21 23:00:00,100.18889
2012-04-22 00:00:00,95.022964
2012-04-22 01:00:00,103.95271
2012-04-22 02:00:00,117.77968
2012-04-22 03:00:00,90.30055
2012-04-22 04:00:00,93.944664
2012-04-22 05:00:00,99.16573
2012-04-22 06:00:00,115.76583
2012-04-22 07:00:00,102.514824
2012-04-22 08:00:00,84.037285
2012-04-22 09:00:00,84.037285
2012-04-22 10:00:00,80.060585
2012-04-22 11:00:00,73.617455
2012-04-22 12:00:00,73.81885
2012-04-22 13:00:00,81.51429
2012-04-22 14:00:00,73.81885
2012-04-22 15:00:00,77.10192
2012-04-22 16:00:00,81.44039
2012-04-22 17:00:00,63.149445
2012-04-22 18:00:00,63.149445
2012-04-22 19:00:00,72.72255
2012-04-22 20:00:00,62.83975
2012-04-22 21:00:00,66.61208
2012-04-22 22:00:00,66.79387
2012-04-22 23:00:00,75.962654
2012-04-23 00:00:00,89.015305
2012-04-23 01:00:00,73.318474
2012-04-23 02:00:00,71.42636
2012-04-23 03:00:00,76.184044
2012-04-23 04:00:00,71.798294
2012-04-23 05:00:00,71.798294
2012-04-23 06:00:00,69.71233
2012-04-23 07:00:00,72.798096
2012-04-23 08:00:00,76.2979
2012-04-23 09:00:00,78.751305
2012-04-23 10:00:00,90.07826
2012-04-23 11:00:00,89.2527
2012-04-23 12:00:00,91.89184
2012-04-23 13:00:00,102.21028
2012-04-23 14:00:00,119.96664
2012-04-23 15:00:00,119.135506
2012-04-23 16:00:00,69.843895
2012-04-23 17:00:00,67.86402
2012-04-23 18:00:00,84.66807
2012-04-23 19:00:00,86.2365
2012-04-23 20:00:00,84.43437
2012-04-23 21:00:00,77.86295
2012-04-23 22:00:00,84.078606
2012-04-23 23:00:00,84.36174
2012-04-24 00:00:00,86.56226
2012-04-24 01:00:00,84.89417
2012-04-24 02:00:00,80.94902
2012-04-24 03:00:00,78.08065
2012-04-24 04:00:00,82.72132
2012-04-24 05:00:00,82.72132
2012-04-24 06:00:00,83.03407
2012-04-24 07:00:00,95.36591
2012-04-24 08:00:00,104.45403
2012-04-24 09:00:00,174.56674
2012-04-24 10:00:00,177.74207
2012-04-24 11:00:00,268.9799
2012-04-24 12:00:00,288.73615
2012-04-24 13:00:00,297.26947
2012-04-24 14:00:00,292.7264
2012-04-24 15:00:00,277.3596
2012-04-24 16:00:00,260.10254
2012-04-24 17:00:00,288.21506
2012-04-24 18:00:00,232.39914
2012-04-24 19:00:00,263.91492
2012-04-24 20:00:00,280.3448
2012-04-24 21:00:00,264.5043
2012-04-24 22:00:00,205.22842
2012-04-24 23:00:00,183.43297
2012-04-25 00:00:00,176.98946
2012-04-25 01:00:00,153.8924
2012-04-25 02:00:00,78.377174
2012-04-25 03:00:00,83.28991
2012-04-25 04:00:00,85.456154
2012-04-25 05:00:00,77.71557
2012-04-25 06:00:00,77.71557
2012-04-25 07:00:00,78.95426
2012-04-25 08:00:00,86.47393
2012-04-25 09:00:00,101.18401
2012-04-25 10:00:00,230.53883
2012-04-25 11:00:00,251.70149
2012-04-25 12:00:00,297.02618
2012-04-25 13:00:00,281.246
2012-04-25 14:00:00,302.55014
2012-04-25 15:00:00,251.77963
2012-04-25 16:00:00,300.74185
2012-04-25 17:00:00,294.6606
2012-04-25 18:00:00,291.64157
2012-04-25 19:00:00,266.2414
2012-04-25 20:00:00,238.77858
2012-04-25 21:00:00,176.80717
2012-04-25 22:00:00,134.7017
2012-04-25 23:00:00,175.02234
2012-04-26 00:00:00,100.44895
2012-04-26 01:00:00,179.84566
2012-04-26 02:00:00,158.67076
2012-04-26 03:00:00,153.47336
2012-04-26 04:00:00,136.07146
2012-04-26 05:00:00,134.4023
2012-04-26 06:00:00,150.33449
2012-04-26 07:00:00,121.137215
2012-04-26 08:00:00,111.948425
2012-04-26 09:00:00,104.6942
2012-04-26 10:00:00,101.732735
2012-04-26 11:00:00,101.960724
2012-04-26 12:00:00,109.01427
2012-04-26 13:00:00,112.00956
2012-04-26 14:00:00,129.94415
2012-04-26 15:00:00,133.8332
2012-04-26 16:00:00,123.35203
2012-04-26 17:00:00,117.17927
2012-04-26 18:00:00,129.94415
2012-04-26 19:00:00,136.50986
2012-04-26 20:00:00,125.203636
2012-04-26 21:00:00,121.14544
2012-04-26 22:00:00,109.926956
2012-04-26 23:00:00,106.20001
2012-04-27 00:00:00,192.24875
2012-04-27 01:00:00,190.43735
2012-04-27 02:00:00,180.39445
2012-04-27 03:00:00,198.81668
2012-04-27 04:00:00,189.08736
2012-04-27 05:00:00,192.01309
2012-04-27 06:00:00,183.14212
2012-04-27 07:00:00,152.2147
2012-04-27 08:00:00,110.97805
2012-04-27 09:00:00,196.9007
2012-04-27 10:00:00,224.88342
2012-04-27 11:00:00,227.40625
2012-04-27 12:00:00,249.46774
2012-04-27 13:00:00,260.33502
2012-04-27 14:00:00,264.4991
2012-04-27 15:00:00,290.45642
2012-04-27 16:00:00,285.93997
2012-04-27 17:00:00,303.23776
2012-04-27 18:00:00,299.3524
2012-04-27 19:00:00,295.49075
2012-04-27 20:00:00,269.56754
2012-04-27 21:00:00,251.91171
2012-04-27 22:00:00,214.1154
2012-04-27 23:00:00,195.92204
2012-04-28 00:00:00,165.42094
2012-04-28 01:00:00,123.76278
2012-04-28 02:00:00,141.47769
2012-04-28 03:00:00,112.07174
2012-04-28 04:00:00,109.19545
2012-04-28 05:00:00,118.58204
2012-04-28 06:00:00,110.87254
2012-04-28 07:00:00,109.19545
2012-04-28 08:00:00,179.01833
2012-04-28 09:00:00,211.46399
2012-04-28 10:00:00,185.93915
2012-04-28 11:00:00,189.81857
2012-04-28 12:00:00,166.93233
2012-04-28 13:00:00,220.85095
2012-04-28 14:00:00,204.23796
2012-04-28 15:00:00,200.88425
2012-04-28 16:00:00,232.68156
2012-04-28 17:00:00,203.29312
2012-04-28 18:00:00,179.07784
2012-04-28 19:00:00,78.96102
2012-04-28 20:00:00,76.64045
2012-04-28 21:00:00,80.59773
2012-04-28 22:00:00,78.02045
2012-04-28 23:00:00,81.977554
2012-04-29 00:00:00,71.56677
2012-04-29 01:00:00,71.771614
2012-04-29 02:00:00,73.780876
2012-04-29 03:00:00,66.18546
2012-04-29 04:00:00,69.497314
2012-04-29 05:00:00,74.6004
2012-04-29 06:00:00,67.21427
2012-04-29 07:00:00,66.610374
2012-04-29 08:00:00,82.37023
2012-04-29 09:00:00,87.08201
2012-04-29 10:00:00,85.59527
2012-04-29 11:00:00,117.34066
2012-04-29 12:00:00,195.1897
2012-04-29 13:00:00,198.81363
2012-04-29 14:00:00,284.98242
2012-04-29 15:00:00,283.991
2012-04-29 16:00:00,347.16397
2012-04-29 17:00:00,374.9844
2012-04-29 18:00:00,368.4666
2012-04-29 19:00:00,296.89395
2012-04-29 20:00:00,304.6533
2012-04-29 21:00:00,200.09277
2012-04-29 22:00:00,180.44965
2012-04-29 23:00:00,88.04368
2012-04-30 00:00:00,96.372894
2012-04-30 01:00:00,92.030235
2012-04-30 02:00:00,100.78549
2012-04-30 03:00:00,99.59374
2012-04-30 04:00:00,122.22001
2012-04-30 05:00:00,122.22001
2012-04-30 06:00:00,166.28148
2012-04-30 07:00:00,156.44064
2012-04-30 08:00:00,180.50769
2012-04-30 09:00:00,187.43211
2012-04-30 10:00:00,197.97276
2012-04-30 11:00:00,184.56023
2012-04-30 12:00:00,179.724
2012-04-30 13:00:00,169.68307
2012-04-30 14:00:00,171.21213
2012-04-30 15:00:00,170.00139
2012-04-30 16:00:00,177.15526
2012-04-30 17:00:00,169.1951
2012-04-30 18:00:00,189.87746
2012-04-30 19:00:00,170.26193
2012-04-30 20:00:00,173.21228
2012-04-30 21:00:00,173.21228
2012-04-30 22:00:00,181.9939
2012-04-30 23:00:00,192.62624
2012-05-20 00:00:00,191.9129
2012-05-20 01:00:00,159.95016
2012-05-20 02:00:00,159.95016
2012-05-20 03:00:00,145.53212
2012-05-20 04:00:00,96.50495
2012-05-20 05:00:00,94.66407
2012-05-20 06:00:00,115.001495
2012-05-20 07:00:00,128.21863
2012-05-20 08:00:00,183.5396
2012-05-20 09:00:00,368.92694
2012-05-20 10:00:00,385.26688
2012-05-20 11:00:00,388.42105
2012-05-20 12:00:00,397.11172
2012-05-20 13:00:00,387.16733
2012-05-20 14:00:00,407.76038
2012-05-20 15:00:00,395.47174
2012-05-20 16:00:00,389.39133
2012-05-20 17:00:00,368.37912
2012-05-20 18:00:00,330.895
2012-05-20 19:00:00,253.53719
2012-05-20 20:00:00,253.53719
2012-05-20 21:00:00,205.38472
2012-05-20 22:00:00,176.20633
2012-05-20 23:00:00,156.8772
2012-05-21 00:00:00,139.27242
2012-05-21 01:00:00,143.6597
2012-05-21 02:00:00,125.10916
2012-05-21 03:00:00,135.3645
2012-05-21 04:00:00,135.19817
2012-05-21 05:00:00,135.19817
2012-05-21 06:00:00,135.19817
2012-05-21 07:00:00,135.19817
2012-05-21 08:00:00,132.06456
2012-05-21 09:00:00,127.38042
2012-05-21 10:00:00,138.11897
2012-05-21 11:00:00,124.82576
2012-05-21 12:00:00,146.55925
2012-05-21 13:00:00,146.40274
2012-05-21 14:00:00,136.7381
2012-05-21 15:00:00,169.69153
2012-05-21 16:00:00,184.7969
2012-05-21 17:00:00,205.1245
2012-05-21 18:00:00,125.47155
2012-05-21 19:00:00,140.93379
2012-05-21 20:00:00,151.87088
2012-05-21 21:00:00,132.00212
2012-05-21 22:00:00,151.34174
2012-05-21 23:00:00,181.35306
2012-05-22 00:00:00,139.7385
2012-05-22 01:00:00,115.536896
2012-05-22 02:00:00,109.578026
2012-05-22 03:00:00,109.578026
2012-05-22 04:00:00,115.67147
2012-05-22 05:00:00,122.95504
2012-05-22 06:00:00,110.74002
2012-05-22 07:00:00,110.74002
2012-05-22 08:00:00,110.981125
2012-05-22 09:00:00,111.58297
2012-05-22 10:00:00,113.71484
2012-05-22 11:00:00,100.356445
2012-05-22 12:00:00,120.235664
2012-05-22 13:00:00,112.34932
2012-05-22 14:00:00,134.97906
2012-05-22 15:00:00,196.97652
2012-05-22 16:00:00,194.9385
2012-05-22 17:00:00,215.92735
2012-05-22 18:00:00,205.57236
2012-05-22 19:00:00,191.48523
2012-05-22 20:00:00,180.48651
2012-05-22 21:00:00,122.37426
2012-05-22 22:00:00,116.96558
2012-05-22 23:00:00,121.3661
2012-05-23 00:00:00,122.37426
2012-05-23 01:00:00,120.37357
2012-05-23 02:00:00,124.82576
2012-05-23 03:00:00,112.3903
2012-05-23 04:00:00,132.58226
2012-05-23 05:00:00,132.06456
2012-05-23 06:00:00,103.28401
2012-05-23 07:00:00,95.05007
2012-05-23 08:00:00,95.05007
2012-05-23 09:00:00,102.14367
2012-05-23 10:00:00,111.601875
2012-05-23 11:00:00,104.042274
2012-05-23 12:00:00,153.49048
2012-05-23 13:00:00,160.6564
2012-05-23 14:00:00,188.65373
2012-05-23 15:00:00,188.05579
2012-05-23 16:00:00,221.75487
2012-05-23 17:00:00,165.3754
2012-05-23 18:00:00,165.3754
2012-05-23 19:00:00,127.71331
2012-05-23 20:00:00,111.038155
2012-05-23 21:00:00,100.52448
2012-05-23 22:00:00,127.71331
2012-05-23 23:00:00,113.41572
2012-05-24 00:00:00,105.20926
2012-05-24 01:00:00,103.40646
2012-05-24 02:00:00,96.286476
2012-05-24 03:00:00,108.72157
2012-05-24 04:00:00,119.476006
2012-05-24 05:00:00,119.476006
2012-05-24 06:00:00,119.476006
2012-05-24 07:00:00,107.60592
2012-05-24 08:00:00,131.45657
2012-05-24 09:00:00,142.9787
2012-05-24 10:00:00,172.02602
2012-05-24 11:00:00,180.49142
2012-05-24 12:00:00,216.72754
2012-05-24 13:00:00,255.89514
2012-05-24 14:00:00,277.31458
2012-05-24 15:00:00,286.08047
2012-05-24 16:00:00,316.28427
2012-05-24 17:00:00,295.2236
2012-05-24 18:00:00,303.57703
2012-05-24 19:00:00,257.02277
2012-05-24 20:00:00,211.26468
2012-05-24 21:00:00,147.72028
2012-05-24 22:00:00,120.73447
2012-05-24 23:00:00,129.76804
2012-05-25 00:00:00,116.10943
2012-05-25 01:00:00,107.375114
2012-05-25 02:00:00,100.52448
2012-05-25 03:00:00,110.62932
2012-05-25 04:00:00,100.22369
2012-05-25 05:00:00,108.46072
2012-05-25 06:00:00,110.62932
2012-05-25 07:00:00,122.075066
2012-05-25 08:00:00,112.34667
2012-05-25 09:00:00,117.48826
2012-05-25 10:00:00,143.07356
2012-05-25 11:00:00,132.4513
2012-05-25 12:00:00,190.9672
2012-05-25 13:00:00,224.94992
2012-05-25 14:00:00,240.2001
2012-05-25 15:00:00,251.93231
2012-05-25 16:00:00,306.215
2012-05-25 17:00:00,277.35922
2012-05-25 18:00:00,251.93231
2012-05-25 19:00:00,256.78397
2012-05-25 20:00:00,206.0958
2012-05-25 21:00:00,197.01407
2012-05-25 22:00:00,128.10368
2012-05-25 23:00:00,161.2248
2012-05-26 00:00:00,117.04949
2012-05-26 01:00:00,110.422104
2012-05-26 02:00:00,107.89702
2012-05-26 03:00:00,101.25617
2012-05-26 04:00:00,106.001305
2012-05-26 05:00:00,137.73553
2012-05-26 06:00:00,116.55292
2012-05-26 07:00:00,113.5016
2012-05-26 08:00:00,115.71706
2012-05-26 09:00:00,124.3899
2012-05-26 10:00:00,157.21503
2012-05-26 11:00:00,173.98834
2012-05-26 12:00:00,244.52591
2012-05-26 13:00:00,251.77866
2012-05-26 14:00:00,258.9584
2012-05-26 15:00:00,275.72018
2012-05-26 16:00:00,332.50467
2012-05-26 17:00:00,353.74313
2012-05-26 18:00:00,325.5755
2012-05-26 19:00:00,254.6093
2012-05-26 20:00:00,299.68723
2012-05-26 21:00:00,258.06003
2012-05-26 22:00:00,196.09044
2012-05-26 23:00:00,196.09044
2012-05-27 00:00:00,186.25015
2012-05-27 01:00:00,167.18561
2012-05-27 02:00:00,164.0675
2012-05-27 03:00:00,139.69122
2012-05-27 04:00:00,122.96055
2012-05-27 05:00:00,122.96055
2012-05-27 06:00:00,115.83152
2012-05-27 07:00:00,111.04289
2012-05-27 08:00:00,124.3899
2012-05-27 09:00:00,140.14178
2012-05-27 10:00:00,184.00327
2012-05-27 11:00:00,234.68872
2012-05-27 12:00:00,252.71085
2012-05-27 13:00:00,288.17905
2012-05-27 14:00:00,306.6557
2012-05-27 15:00:00,353.96298
2012-05-27 16:00:00,353.96298
2012-05-27 17:00:00,373.58383
2012-05-27 18:00:00,321.12256
2012-05-27 19:00:00,288.17905
2012-05-27 20:00:00,281.10333
2012-05-27 21:00:00,213.74205
2012-05-27 22:00:00,99.85507
2012-05-27 23:00:00,115.896774
2012-05-28 00:00:00,127.466484
2012-05-28 01:00:00,151.76688
2012-05-28 02:00:00,122.959984
2012-05-28 03:00:00,133.29428
2012-05-28 04:00:00,109.75244
2012-05-28 05:00:00,109.75244
2012-05-28 06:00:00,133.29428
2012-05-28 07:00:00,105.70346
2012-05-28 08:00:00,116.39222
2012-05-28 09:00:00,189.64748
2012-05-28 10:00:00,189.64748
2012-05-28 11:00:00,211.75594
2012-05-28 12:00:00,256.65762
2012-05-28 13:00:00,325.81042
2012-05-28 14:00:00,325.81042
2012-05-28 15:00:00,372.86887
2012-05-28 16:00:00,379.6796
2012-05-28 17:00:00,372.86887
2012-05-28 18:00:00,346.5493
2012-05-28 19:00:00,363.41678
2012-05-28 20:00:00,314.75974
2012-05-28 21:00:00,278.51535
2012-05-28 22:00:00,208.52388
2012-05-28 23:00:00,177.12895
2012-05-29 00:00:00,162.46976
2012-05-29 01:00:00,162.46976
2012-05-29 02:00:00,126.157684
2012-05-29 03:00:00,184.49844
2012-05-29 04:00:00,161.2248
2012-05-29 05:00:00,161.2248
2012-05-29 06:00:00,161.2248
2012-05-29 07:00:00,161.2248
2012-05-29 08:00:00,181.38611
2012-05-29 09:00:00,220.90445
2012-05-29 10:00:00,240.64636
2012-05-29 11:00:00,282.48026
2012-05-29 12:00:00,340.62576
2012-05-29 13:00:00,377.7017
2012-05-29 14:00:00,385.204
2012-05-29 15:00:00,389.53882
2012-05-29 16:00:00,412.62408
2012-05-29 17:00:00,398.74637
2012-05-29 18:00:00,397.57974
2012-05-29 19:00:00,345.6298
2012-05-29 20:00:00,271.66724
2012-05-29 21:00:00,155.09683
2012-05-29 22:00:00,108.46072
2012-05-29 23:00:00,103.209915
2012-05-30 00:00:00,115.9959
2012-05-30 01:00:00,134.22125
2012-05-30 02:00:00,110.77098
2012-05-30 03:00:00,120.09353
2012-05-30 04:00:00,115.68587
2012-05-30 05:00:00,128.60884
2012-05-30 06:00:00,117.15719
2012-05-30 07:00:00,150.03517
2012-05-30 08:00:00,150.41031
2012-05-30 09:00:00,181.69196
2012-05-30 10:00:00,197.83234
2012-05-30 11:00:00,207.18178
2012-05-30 12:00:00,206.30525
2012-05-30 13:00:00,223.19696
2012-05-30 14:00:00,288.06863
2012-05-30 15:00:00,259.8005
2012-05-30 16:00:00,268.80698
2012-05-30 17:00:00,264.46103
2012-05-30 18:00:00,286.76627
2012-05-30 19:00:00,255.89514
2012-05-30 20:00:00,164.3219
2012-05-30 21:00:00,212.92192
2012-05-30 22:00:00,147.08704
2012-05-30 23:00:00,167.77597
2012-05-31 00:00:00,151.87088
2012-05-31 01:00:00,133.6783
2012-05-31 02:00:00,152.54706
2012-05-31 03:00:00,132.00212
2012-05-31 04:00:00,110.92193
2012-05-31 05:00:00,188.20477
2012-05-31 06:00:00,163.76932
2012-05-31 07:00:00,207.65744
2012-05-31 08:00:00,235.46698
2012-05-31 09:00:00,286.42758
2012-05-31 10:00:00,360.92532
2012-05-31 11:00:00,334.41757
2012-05-31 12:00:00,303.87726
2012-05-31 13:00:00,287.72342
2012-05-31 14:00:00,304.6956
2012-05-31 15:00:00,340.94998
2012-05-31 16:00:00,335.7467
2012-05-31 17:00:00,295.75772
2012-05-31 18:00:00,300.63528
2012-05-31 19:00:00,294.2195
2012-05-31 20:00:00,282.57913
2012-05-31 21:00:00,282.57913
2012-05-31 22:00:00,248.09402
2012-05-31 23:00:00,248.67703
2012-06-20 00:00:00,162.46976
2012-06-20 01:00:00,154.50313
2012-06-20 02:00:00,129.27298
2012-06-20 03:00:00,121.65384
2012-06-20 04:00:00,112.08063
2012-06-20 05:00:00,112.08063
2012-06-20 06:00:00,110.1571
2012-06-20 07:00:00,102.91464
2012-06-20 08:00:00,136.45302
2012-06-20 09:00:00,146.13522
2012-06-20 10:00:00,305.12793
2012-06-20 11:00:00,333.58475
2012-06-20 12:00:00,329.63202
2012-06-20 13:00:00,310.80722
2012-06-20 14:00:00,334.5452
2012-06-20 15:00:00,314.8607
2012-06-20 16:00:00,314.67545
2012-06-20 17:00:00,317.03647
2012-06-20 18:00:00,317.0364
2012-06-20 19:00:00,349.88504
2012-06-20 20:00:00,338.4298
2012-06-20 21:00:00,304.11874
2012-06-20 22:00:00,303.98703
2012-06-20 23:00:00,250.2735
2012-06-21 00:00:00,206.65991
2012-06-21 01:00:00,176.03934
2012-06-21 02:00:00,164.87747
2012-06-21 03:00:00,159.81374
2012-06-21 04:00:00,131.84753
2012-06-21 05:00:00,135.96397
2012-06-21 06:00:00,142.97095
2012-06-21 07:00:00,142.97095
2012-06-21 08:00:00,180.129
2012-06-21 09:00:00,328.8946
2012-06-21 10:00:00,338.5139
2012-06-21 11:00:00,346.95728
2012-06-21 12:00:00,361.3421
2012-06-21 13:00:00,351.39127
2012-06-21 14:00:00,352.87424
2012-06-21 15:00:00,351.12454
2012-06-21 16:00:00,345.74216
2012-06-21 17:00:00,349.75345
2012-06-21 18:00:00,362.78925
2012-06-21 19:00:00,372.22562
2012-06-21 20:00:00,364.28778
2012-06-21 21:00:00,351.12003
2012-06-21 22:00:00,296.16568
2012-06-21 23:00:00,289.60608
2012-06-22 00:00:00,239.23889
2012-06-22 01:00:00,229.129
2012-06-22 02:00:00,145.84988
2012-06-22 03:00:00,145.84988
2012-06-22 04:00:00,232.8241
2012-06-22 05:00:00,239.43073
2012-06-22 06:00:00,219.45322
2012-06-22 07:00:00,275.21442
2012-06-22 08:00:00,286.44864
2012-06-22 09:00:00,303.39532
2012-06-22 10:00:00,383.44528
2012-06-22 11:00:00,342.75845
2012-06-22 12:00:00,347.30807
2012-06-22 13:00:00,372.22562
2012-06-22 14:00:00,372.22562
2012-06-22 15:00:00,409.48337
2012-06-22 16:00:00,358.12912
2012-06-22 17:00:00,357.2878
2012-06-22 18:00:00,339.64944
2012-06-22 19:00:00,365.0351
2012-06-22 20:00:00,365.0351
2012-06-22 21:00:00,264.35934
2012-06-22 22:00:00,200.09077
2012-06-22 23:00:00,151.79794
2012-06-23 00:00:00,99.34024
2012-06-23 01:00:00,134.02838
2012-06-23 02:00:00,141.61551
2012-06-23 03:00:00,114.721306
2012-06-23 04:00:00,133.71114
2012-06-23 05:00:00,141.61551
2012-06-23 06:00:00,109.983665
2012-06-23 07:00:00,126.979904
2012-06-23 08:00:00,224.39232
2012-06-23 09:00:00,275.8635
2012-06-23 10:00:00,318.97144
2012-06-23 11:00:00,374.30545
2012-06-23 12:00:00,414.8392
2012-06-23 13:00:00,414.99222
2012-06-23 14:00:00,425.32077
2012-06-23 15:00:00,448.35782
2012-06-23 16:00:00,431.79068
2012-06-23 17:00:00,417.23645
2012-06-23 18:00:00,430.02783
2012-06-23 19:00:00,401.8331
2012-06-23 20:00:00,407.5812
2012-06-23 21:00:00,393.4297
2012-06-23 22:00:00,387.9334
2012-06-23 23:00:00,354.2491
2012-06-24 00:00:00,297.0358
2012-06-24 01:00:00,288.2474
2012-06-24 02:00:00,313.34897
2012-06-24 03:00:00,205.19159
2012-06-24 04:00:00,196.53854
2012-06-24 05:00:00,172.66248
2012-06-24 06:00:00,207.43582
2012-06-24 07:00:00,163.28255
2012-06-24 08:00:00,243.37636
2012-06-24 09:00:00,307.46744
2012-06-24 10:00:00,391.3676
2012-06-24 11:00:00,395.10043
2012-06-24 12:00:00,419.62173
2012-06-24 13:00:00,436.18576
2012-06-24 14:00:00,440.08752
2012-06-24 15:00:00,416.42783
2012-06-24 16:00:00,427.43073
2012-06-24 17:00:00,431.70456
2012-06-24 18:00:00,431.3281
2012-06-24 19:00:00,444.5887
2012-06-24 20:00:00,404.13477
2012-06-24 21:00:00,336.96823
2012-06-24 22:00:00,294.03098
2012-06-24 23:00:00,276.5863
2012-06-25 00:00:00,278.65753
2012-06-25 01:00:00,248.20459
2012-06-25 02:00:00,229.10245
2012-06-25 03:00:00,233.06525
2012-06-25 04:00:00,189.82712
2012-06-25 05:00:00,179.28162
2012-06-25 06:00:00,153.12112
2012-06-25 07:00:00,198.52132
2012-06-25 08:00:00,211.08737
2012-06-25 09:00:00,240.3424
2012-06-25 10:00:00,295.21494
2012-06-25 11:00:00,393.9677
2012-06-25 12:00:00,380.90146
2012-06-25 13:00:00,334.328
2012-06-25 14:00:00,363.87207
2012-06-25 15:00:00,416.0649
2012-06-25 16:00:00,394.8376
2012-06-25 17:00:00,374.11957
2012-06-25 18:00:00,389.28976
2012-06-25 19:00:00,385.61142
2012-06-25 20:00:00,390.6038
2012-06-25 21:00:00,360.85492
2012-06-25 22:00:00,372.06125
2012-06-25 23:00:00,360.309
2012-06-26 00:00:00,358.74002
2012-06-26 01:00:00,372.38037
2012-06-26 02:00:00,291.15836
2012-06-26 03:00:00,272.4295
2012-06-26 04:00:00,275.17642
2012-06-26 05:00:00,252.4118
2012-06-26 06:00:00,233.11243
2012-06-26 07:00:00,234.53806
2012-06-26 08:00:00,269.54288
2012-06-26 09:00:00,298.14352
2012-06-26 10:00:00,355.2657
2012-06-26 11:00:00,380.70676
2012-06-26 12:00:00,383.62628
2012-06-26 13:00:00,385.35367
2012-06-26 14:00:00,385.35367
2012-06-26 15:00:00,386.0556
2012-06-26 16:00:00,367.9579
2012-06-26 17:00:00,383.1028
2012-06-26 18:00:00,370.6675
2012-06-26 19:00:00,332.13132
2012-06-26 20:00:00,352.06506
2012-06-26 21:00:00,328.64304
2012-06-26 22:00:00,341.92902
2012-06-26 23:00:00,307.5306
2012-06-27 00:00:00,321.16342
2012-06-27 01:00:00,302.50452
2012-06-27 02:00:00,235.49284
2012-06-27 03:00:00,244.26343
2012-06-27 04:00:00,336.9649
2012-06-27 05:00:00,328.76007
2012-06-27 06:00:00,286.48843
2012-06-27 07:00:00,342.84723
2012-06-27 08:00:00,339.66858
2012-06-27 09:00:00,365.6661
2012-06-27 10:00:00,348.5659
2012-06-27 11:00:00,368.73862
2012-06-27 12:00:00,360.7303
2012-06-27 13:00:00,369.4625
2012-06-27 14:00:00,368.50504
2012-06-27 15:00:00,392.94363
2012-06-27 16:00:00,380.94443
2012-06-27 17:00:00,377.35367
2012-06-27 18:00:00,369.4625
2012-06-27 19:00:00,371.78836
2012-06-27 20:00:00,333.80795
2012-06-27 21:00:00,320.8116
2012-06-27 22:00:00,310.22687
2012-06-27 23:00:00,290.32388
2012-06-28 00:00:00,262.44955
2012-06-28 01:00:00,224.45886
2012-06-28 02:00:00,259.16187
2012-06-28 03:00:00,259.16187
2012-06-28 04:00:00,210.13353
2012-06-28 05:00:00,226.70927
2012-06-28 06:00:00,226.70927
2012-06-28 07:00:00,210.13353
2012-06-28 08:00:00,269.08688
2012-06-28 09:00:00,275.06708
2012-06-28 10:00:00,323.51965
2012-06-28 11:00:00,337.77744
2012-06-28 12:00:00,356.57367
2012-06-28 13:00:00,340.70007
2012-06-28 14:00:00,370.3571
2012-06-28 15:00:00,370.3571
2012-06-28 16:00:00,325.77734
2012-06-28 17:00:00,323.41202
2012-06-28 18:00:00,337.71384
2012-06-28 19:00:00,370.97324
2012-06-28 20:00:00,347.09332
2012-06-28 21:00:00,304.19016
2012-06-28 22:00:00,308.76962
2012-06-28 23:00:00,306.85623
2012-06-29 00:00:00,306.85623
2012-06-29 01:00:00,301.25446
2012-06-29 02:00:00,275.52014
2012-06-29 03:00:00,275.52014
2012-06-29 04:00:00,232.83133
2012-06-29 05:00:00,233.36467
2012-06-29 06:00:00,259.02487
2012-06-29 07:00:00,233.36467
2012-06-29 08:00:00,282.60428
2012-06-29 09:00:00,295.21494
2012-06-29 10:00:00,398.48734
2012-06-29 11:00:00,410.92807
2012-06-29 12:00:00,406.17172
2012-06-29 13:00:00,374.23593
2012-06-29 14:00:00,381.02704
2012-06-29 15:00:00,366.92798
2012-06-29 16:00:00,366.92798
2012-06-29 17:00:00,370.84464
2012-06-29 18:00:00,355.30093
2012-06-29 19:00:00,381.35046
2012-06-29 20:00:00,396.72662
2012-06-29 21:00:00,383.60843
2012-06-29 22:00:00,346.2362
2012-06-29 23:00:00,346.2362
2012-06-30 00:00:00,128.71338
2012-06-30 01:00:00,138.9691
2012-06-30 02:00:00,103.175575
2012-06-30 03:00:00,103.175575
2012-06-30 04:00:00,100.977165
2012-06-30 05:00:00,121.21502
2012-06-30 06:00:00,121.21502
2012-06-30 07:00:00,121.21502
2012-06-30 08:00:00,121.21502
2012-06-30 09:00:00,121.21502
2012-06-30 10:00:00,430.25253
2012-06-30 11:00:00,430.25253
2012-06-30 12:00:00,430.25253
2012-06-30 13:00:00,430.25253
2012-06-30 14:00:00,430.25253
2012-06-30 15:00:00,430.25253
2012-06-30 16:00:00,406.3649
2012-06-30 17:00:00,411.48944
2012-06-30 18:00:00,425.10602
2012-06-30 19:00:00,437.71
2012-06-30 20:00:00,374.666
2012-06-30 21:00:00,374.666
2012-06-30 22:00:00,301.71448
2012-06-30 23:00:00,279.63596
2012-07-20 00:00:00,127.06472
2012-07-20 01:00:00,125.50454
2012-07-20 02:00:00,121.393364
2012-07-20 03:00:00,124.42014
2012-07-20 04:00:00,139.35738
2012-07-20 05:00:00,131.26071
2012-07-20 06:00:00,139.35738
2012-07-20 07:00:00,148.39406
2012-07-20 08:00:00,161.8083
2012-07-20 09:00:00,177.41182
2012-07-20 10:00:00,188.60876
2012-07-20 11:00:00,242.37506
2012-07-20 12:00:00,176.44427
2012-07-20 13:00:00,158.33798
2012-07-20 14:00:00,181.43472
2012-07-20 15:00:00,204.87418
2012-07-20 16:00:00,198.29407
2012-07-20 17:00:00,180.64757
2012-07-20 18:00:00,200.65376
2012-07-20 19:00:00,175.3534
2012-07-20 20:00:00,182.79941
2012-07-20 21:00:00,174.58339
2012-07-20 22:00:00,156.62872
2012-07-20 23:00:00,171.37332
2012-07-21 00:00:00,155.697
2012-07-21 01:00:00,151.40077
2012-07-21 02:00:00,139.22672
2012-07-21 03:00:00,136.57498
2012-07-21 04:00:00,137.00812
2012-07-21 05:00:00,134.93423
2012-07-21 06:00:00,134.93423
2012-07-21 07:00:00,132.88998
2012-07-21 08:00:00,140.23541
2012-07-21 09:00:00,130.09003
2012-07-21 10:00:00,134.93423
2012-07-21 11:00:00,145.5824
2012-07-21 12:00:00,144.5704
2012-07-21 13:00:00,134.09406
2012-07-21 14:00:00,134.59406
2012-07-21 15:00:00,136.57498
2012-07-21 16:00:00,127.43975
2012-07-21 17:00:00,123.10978
2012-07-21 18:00:00,124.779305
2012-07-21 19:00:00,119.9571
2012-07-21 20:00:00,123.10978
2012-07-21 21:00:00,119.957115
2012-07-21 22:00:00,110.46452
2012-07-21 23:00:00,100.16925
2012-07-22 00:00:00,110.46452
2012-07-22 01:00:00,119.957115
2012-07-22 02:00:00,110.46452
2012-07-22 03:00:00,110.46452
2012-07-22 04:00:00,96.67385
2012-07-22 05:00:00,96.67385
2012-07-22 06:00:00,114.29371
2012-07-22 07:00:00,104.18113
2012-07-22 08:00:00,116.35427
2012-07-22 09:00:00,169.28166
2012-07-22 10:00:00,143.70102
2012-07-22 11:00:00,143.70102
2012-07-22 12:00:00,197.65187
2012-07-22 13:00:00,224.44258
2012-07-22 14:00:00,226.04185
2012-07-22 15:00:00,226.04185
2012-07-22 16:00:00,236.19687
2012-07-22 17:00:00,272.36356
2012-07-22 18:00:00,256.09836
2012-07-22 19:00:00,222.70575
2012-07-22 20:00:00,190.65672
2012-07-22 21:00:00,141.8596
2012-07-22 22:00:00,202.28067
2012-07-22 23:00:00,152.47597
2012-07-23 00:00:00,117.10987
2012-07-23 01:00:00,140.93907
2012-07-23 02:00:00,119.78509
2012-07-23 03:00:00,119.78509
2012-07-23 04:00:00,127.18493
2012-07-23 05:00:00,127.18493
2012-07-23 06:00:00,127.44863
2012-07-23 07:00:00,145.28487
2012-07-23 08:00:00,164.87747
2012-07-23 09:00:00,222.92792
2012-07-23 10:00:00,263.46082
2012-07-23 11:00:00,341.59732
2012-07-23 12:00:00,341.59732
2012-07-23 13:00:00,326.95938
2012-07-23 14:00:00,305.5598
2012-07-23 15:00:00,328.8946
2012-07-23 16:00:00,334.10504
2012-07-23 17:00:00,334.10504
2012-07-23 18:00:00,334.2303
2012-07-23 19:00:00,354.91714
2012-07-23 20:00:00,270.94995
2012-07-23 21:00:00,278.91122
2012-07-23 22:00:00,267.814
2012-07-23 23:00:00,241.1289
2012-07-24 00:00:00,187.91284
2012-07-24 01:00:00,163.6421
2012-07-24 02:00:00,143.75887
2012-07-24 03:00:00,143.75887
2012-07-24 04:00:00,122.42855
2012-07-24 05:00:00,126.19206
2012-07-24 06:00:00,134.59676
2012-07-24 07:00:00,199.90681
2012-07-24 08:00:00,239.83804
2012-07-24 09:00:00,331.50177
2012-07-24 10:00:00,365.94656
2012-07-24 11:00:00,403.76926
2012-07-24 12:00:00,356.51794
2012-07-24 13:00:00,397.4994
2012-07-24 14:00:00,378.2972
2012-07-24 15:00:00,389.40598
2012-07-24 16:00:00,357.6609
2012-07-24 17:00:00,375.97623
2012-07-24 18:00:00,315.39526
2012-07-24 19:00:00,270.94995
2012-07-24 20:00:00,248.45532
2012-07-24 21:00:00,262.7197
2012-07-24 22:00:00,270.39825
2012-07-24 23:00:00,320.8315
2012-07-25 00:00:00,304.11353
2012-07-25 01:00:00,267.74945
2012-07-25 02:00:00,255.36667
2012-07-25 03:00:00,233.23244
2012-07-25 04:00:00,226.24007
2012-07-25 05:00:00,212.52925
2012-07-25 06:00:00,219.35376
2012-07-25 07:00:00,319.84805
2012-07-25 08:00:00,347.17877
2012-07-25 09:00:00,366.1432
2012-07-25 10:00:00,317.83298
2012-07-25 11:00:00,323.99698
2012-07-25 12:00:00,323.99698
2012-07-25 13:00:00,328.9667
2012-07-25 14:00:00,320.32996
2012-07-25 15:00:00,319.39267
2012-07-25 16:00:00,326.74362
2012-07-25 17:00:00,329.1469
2012-07-25 18:00:00,315.4672
2012-07-25 19:00:00,322.1445
2012-07-25 20:00:00,328.96915
2012-07-25 21:00:00,311.49527
2012-07-25 22:00:00,252.6208
2012-07-25 23:00:00,290.0471
2012-07-26 00:00:00,226.21786
2012-07-26 01:00:00,233.23244
2012-07-26 02:00:00,225.59964
2012-07-26 03:00:00,217.83366
2012-07-26 04:00:00,189.74527
2012-07-26 05:00:00,189.74527
2012-07-26 06:00:00,189.82712
2012-07-26 07:00:00,224.83105
2012-07-26 08:00:00,233.04085
2012-07-26 09:00:00,228.1601
2012-07-26 10:00:00,247.63445
2012-07-26 11:00:00,304.12637
2012-07-26 12:00:00,366.46686
2012-07-26 13:00:00,398.21524
2012-07-26 14:00:00,396.95197
2012-07-26 15:00:00,408.48703
2012-07-26 16:00:00,430.95703
2012-07-26 17:00:00,444.9739
2012-07-26 18:00:00,424.1595
2012-07-26 19:00:00,415.67325
2012-07-26 20:00:00,386.24356
2012-07-26 21:00:00,422.65213
2012-07-26 22:00:00,422.65213
2012-07-26 23:00:00,216.38377
2012-07-27 00:00:00,172.20467
2012-07-27 01:00:00,205.14296
2012-07-27 02:00:00,163.77492
2012-07-27 03:00:00,199.90683
2012-07-27 04:00:00,127.15942
2012-07-27 05:00:00,116.57448
2012-07-27 06:00:00,127.15942
2012-07-27 07:00:00,232.88486
2012-07-27 08:00:00,238.85713
2012-07-27 09:00:00,384.85922
2012-07-27 10:00:00,337.02472
2012-07-27 11:00:00,403.20413
2012-07-27 12:00:00,414.02533
2012-07-27 13:00:00,387.92767
2012-07-27 14:00:00,397.72412
2012-07-27 15:00:00,370.78055
2012-07-27 16:00:00,370.45605
2012-07-27 17:00:00,387.8013
2012-07-27 18:00:00,350.5328
2012-07-27 19:00:00,351.12003
2012-07-27 20:00:00,279.61337
2012-07-27 21:00:00,279.61337
2012-07-27 22:00:00,286.84515
2012-07-27 23:00:00,213.13287
2012-07-28 00:00:00,264.78287
2012-07-28 01:00:00,194.25075
2012-07-28 02:00:00,175.96146
2012-07-28 03:00:00,175.96146
2012-07-28 04:00:00,176.7364
2012-07-28 05:00:00,152.47597
2012-07-28 06:00:00,183.65527
2012-07-28 07:00:00,211.57214
2012-07-28 08:00:00,256.09836
2012-07-28 09:00:00,300.19223
2012-07-28 10:00:00,390.0043
2012-07-28 11:00:00,428.1003
2012-07-28 12:00:00,428.9955
2012-07-28 13:00:00,450.1907
2012-07-28 14:00:00,440.13303
2012-07-28 15:00:00,443.2356
2012-07-28 16:00:00,431.593
2012-07-28 17:00:00,414.53876
2012-07-28 18:00:00,443.88986
2012-07-28 19:00:00,107.299675
2012-07-28 20:00:00,154.42772
2012-07-28 21:00:00,120.28277
2012-07-28 22:00:00,120.28277
2012-07-28 23:00:00,113.691505
2012-07-29 00:00:00,117.58262
2012-07-29 01:00:00,116.66104
2012-07-29 02:00:00,156.0986
2012-07-29 03:00:00,215.74358
2012-07-29 04:00:00,196.87689
2012-07-29 05:00:00,150.49242
2012-07-29 06:00:00,165.46872
2012-07-29 07:00:00,223.53003
2012-07-29 08:00:00,253.4784
2012-07-29 09:00:00,291.05164
2012-07-29 10:00:00,233.65067
2012-07-29 11:00:00,336.96823
2012-07-29 12:00:00,367.05453
2012-07-29 13:00:00,394.38025
2012-07-29 14:00:00,402.21237
2012-07-29 15:00:00,400.3061
2012-07-29 16:00:00,400.3061
2012-07-29 17:00:00,412.26254
2012-07-29 18:00:00,445.4058
2012-07-29 19:00:00,319.71603
2012-07-29 20:00:00,236.19687
2012-07-29 21:00:00,211.57214
2012-07-29 22:00:00,183.65527
2012-07-29 23:00:00,160.31808
2012-07-30 00:00:00,171.01169
2012-07-30 01:00:00,147.8354
2012-07-30 02:00:00,137.45605
2012-07-30 03:00:00,108.48329
2012-07-30 04:00:00,108.48329
2012-07-30 05:00:00,126.19206
2012-07-30 06:00:00,143.75887
2012-07-30 07:00:00,147.3613
2012-07-30 08:00:00,203.86156
2012-07-30 09:00:00,199.68893
2012-07-30 10:00:00,271.4325
2012-07-30 11:00:00,310.39432
2012-07-30 12:00:00,282.97894
2012-07-30 13:00:00,342.75845
2012-07-30 14:00:00,358.76852
2012-07-30 15:00:00,366.86423
2012-07-30 16:00:00,375.02756
2012-07-30 17:00:00,342.5859
2012-07-30 18:00:00,354.216
2012-07-30 19:00:00,342.59158
2012-07-30 20:00:00,240.05435
2012-07-30 21:00:00,232.88486
2012-07-30 22:00:00,227.73384
2012-07-30 23:00:00,209.39363
2012-07-31 00:00:00,152.29404
2012-07-31 01:00:00,134.59676
2012-07-31 02:00:00,134.59674
2012-07-31 03:00:00,122.42856
2012-07-31 04:00:00,122.42855
2012-07-31 05:00:00,143.75887
2012-07-31 06:00:00,129.92859
2012-07-31 07:00:00,174.14647
2012-07-31 08:00:00,163.7749
2012-07-31 09:00:00,205.14296
2012-07-31 10:00:00,191.8895
2012-07-31 11:00:00,251.39192
2012-07-31 12:00:00,324.77792
2012-07-31 13:00:00,353.77222
2012-07-31 14:00:00,353.77222
2012-07-31 15:00:00,263.5053
2012-07-31 16:00:00,303.39532
2012-07-31 17:00:00,334.52304
2012-07-31 18:00:00,329.8853
2012-07-31 19:00:00,311.72913
2012-07-31 20:00:00,241.22609
2012-07-31 21:00:00,175.21039
2012-07-31 22:00:00,213.73582
2012-07-31 23:00:00,154.70184
2012-08-20 00:00:00,125.47251
2012-08-20 01:00:00,134.13217
2012-08-20 02:00:00,134.13217
2012-08-20 03:00:00,114.13297
2012-08-20 04:00:00,121.40899
2012-08-20 05:00:00,107.67225
2012-08-20 06:00:00,150.12364
2012-08-20 07:00:00,154.82556
2012-08-20 08:00:00,166.88353
2012-08-20 09:00:00,168.24384
2012-08-20 10:00:00,186.05255
2012-08-20 11:00:00,200.98921
2012-08-20 12:00:00,231.61911
2012-08-20 13:00:00,252.6208
2012-08-20 14:00:00,282.78226
2012-08-20 15:00:00,309.38538
2012-08-20 16:00:00,309.38538
2012-08-20 17:00:00,291.4983
2012-08-20 18:00:00,186.98282
2012-08-20 19:00:00,175.34468
2012-08-20 20:00:00,171.37332
2012-08-20 21:00:00,103.51774
2012-08-20 22:00:00,107.67225
2012-08-20 23:00:00,107.67225
2012-08-21 00:00:00,121.40899
2012-08-21 01:00:00,134.26198
2012-08-21 02:00:00,150.41602
2012-08-21 03:00:00,101.452324
2012-08-21 04:00:00,101.452324
2012-08-21 05:00:00,111.217384
2012-08-21 06:00:00,114.103615
2012-08-21 07:00:00,128.04608
2012-08-21 08:00:00,137.5362
2012-08-21 09:00:00,146.7579
2012-08-21 10:00:00,218.6677
2012-08-21 11:00:00,241.43625
2012-08-21 12:00:00,301.49448
2012-08-21 13:00:00,314.8633
2012-08-21 14:00:00,316.49112
2012-08-21 15:00:00,322.31097
2012-08-21 16:00:00,322.31097
2012-08-21 17:00:00,335.57776
2012-08-21 18:00:00,300.62668
2012-08-21 19:00:00,184.51257
2012-08-21 20:00:00,129.1484
2012-08-21 21:00:00,129.1484
2012-08-21 22:00:00,110.36187
2012-08-21 23:00:00,104.93043
2012-08-22 00:00:00,120.94294
2012-08-22 01:00:00,109.55221
2012-08-22 02:00:00,109.55221
2012-08-22 03:00:00,109.55221
2012-08-22 04:00:00,116.32329
2012-08-22 05:00:00,106.739525
2012-08-22 06:00:00,123.80493
2012-08-22 07:00:00,109.55221
2012-08-22 08:00:00,150.6937
2012-08-22 09:00:00,176.14708
2012-08-22 10:00:00,228.76611
2012-08-22 11:00:00,248.8256
2012-08-22 12:00:00,274.43976
2012-08-22 13:00:00,306.33707
2012-08-22 14:00:00,316.77585
2012-08-22 15:00:00,314.9597
2012-08-22 16:00:00,322.6368
2012-08-22 17:00:00,322.6368
2012-08-22 18:00:00,264.45456
2012-08-22 19:00:00,151.79794
2012-08-22 20:00:00,187.00404
2012-08-22 21:00:00,129.1484
2012-08-22 22:00:00,129.1484
2012-08-22 23:00:00,105.199066
2012-08-23 00:00:00,110.36187
2012-08-23 01:00:00,104.93043
2012-08-23 02:00:00,104.93044
2012-08-23 03:00:00,117.69578
2012-08-23 04:00:00,104.93043
2012-08-23 05:00:00,104.93043
2012-08-23 06:00:00,115.96439
2012-08-23 07:00:00,124.34399
2012-08-23 08:00:00,169.23514
2012-08-23 09:00:00,182.7632
2012-08-23 10:00:00,255.85336
2012-08-23 11:00:00,302.26883
2012-08-23 12:00:00,326.05435
2012-08-23 13:00:00,329.53998
2012-08-23 14:00:00,353.50354
2012-08-23 15:00:00,328.78207
2012-08-23 16:00:00,323.8502
2012-08-23 17:00:00,349.88354
2012-08-23 18:00:00,331.55246
2012-08-23 19:00:00,276.71518
2012-08-23 20:00:00,233.36467
2012-08-23 21:00:00,241.29465
2012-08-23 22:00:00,238.69827
2012-08-23 23:00:00,174.37564
2012-08-24 00:00:00,174.37564
2012-08-24 01:00:00,150.05975
2012-08-24 02:00:00,153.05312
2012-08-24 03:00:00,129.1484
2012-08-24 04:00:00,150.05975
2012-08-24 05:00:00,110.36187
2012-08-24 06:00:00,109.64982
2012-08-24 07:00:00,125.46813
2012-08-24 08:00:00,151.79794
2012-08-24 09:00:00,250.48033
2012-08-24 10:00:00,325.48563
2012-08-24 11:00:00,319.34305
2012-08-24 12:00:00,331.83078
2012-08-24 13:00:00,346.08487
2012-08-24 14:00:00,323.0105
2012-08-24 15:00:00,327.00537
2012-08-24 16:00:00,327.00537
2012-08-24 17:00:00,328.109
2012-08-24 18:00:00,274.45898
2012-08-24 19:00:00,278.0625
2012-08-24 20:00:00,256.2158
2012-08-24 21:00:00,259.02487
2012-08-24 22:00:00,226.96628
2012-08-24 23:00:00,198.76752
2012-08-25 00:00:00,247.14958
2012-08-25 01:00:00,177.4432
2012-08-25 02:00:00,154.2235
2012-08-25 03:00:00,165.97266
2012-08-25 04:00:00,186.04778
2012-08-25 05:00:00,178.75873
2012-08-25 06:00:00,150.65488
2012-08-25 07:00:00,159.23431
2012-08-25 08:00:00,202.28653
2012-08-25 09:00:00,238.779
2012-08-25 10:00:00,272.53122
2012-08-25 11:00:00,304.92072
2012-08-25 12:00:00,351.94608
2012-08-25 13:00:00,373.04837
2012-08-25 14:00:00,248.52968
2012-08-25 15:00:00,198.7824
2012-08-25 16:00:00,202.42154
2012-08-25 17:00:00,204.41156
2012-08-25 18:00:00,240.012
2012-08-25 19:00:00,176.63515
2012-08-25 20:00:00,152.65472
2012-08-25 21:00:00,166.51459
2012-08-25 22:00:00,166.51459
2012-08-25 23:00:00,151.40077
2012-08-26 00:00:00,139.93228
2012-08-26 01:00:00,127.46859
2012-08-26 02:00:00,136.22052
2012-08-26 03:00:00,142.19745
2012-08-26 04:00:00,130.82881
2012-08-26 05:00:00,127.46859
2012-08-26 06:00:00,145.15451
2012-08-26 07:00:00,127.46859
2012-08-26 08:00:00,191.89845
2012-08-26 09:00:00,187.06726
2012-08-26 10:00:00,304.3583
2012-08-26 11:00:00,303.07892
2012-08-26 12:00:00,246.11479
2012-08-26 13:00:00,196.63231
2012-08-26 14:00:00,110.10544
2012-08-26 15:00:00,147.69159
2012-08-26 16:00:00,147.69159
2012-08-26 17:00:00,133.5823
2012-08-26 18:00:00,111.99854
2012-08-26 19:00:00,125.03944
2012-08-26 20:00:00,121.21502
2012-08-26 21:00:00,119.13796
2012-08-26 22:00:00,106.32458
2012-08-26 23:00:00,109.58229
2012-08-27 00:00:00,104.93043
2012-08-27 01:00:00,113.65085
2012-08-27 02:00:00,121.71816
2012-08-27 03:00:00,113.65084
2012-08-27 04:00:00,104.93043
2012-08-27 05:00:00,104.040276
2012-08-27 06:00:00,104.040276
2012-08-27 07:00:00,108.48329
2012-08-27 08:00:00,122.42855
2012-08-27 09:00:00,126.19206
2012-08-27 10:00:00,201.72449
2012-08-27 11:00:00,255.54892
2012-08-27 12:00:00,228.77373
2012-08-27 13:00:00,290.07208
2012-08-27 14:00:00,321.2944
2012-08-27 15:00:00,357.6609
2012-08-27 16:00:00,345.7707
2012-08-27 17:00:00,360.7945
2012-08-27 18:00:00,342.59012
2012-08-27 19:00:00,247.63445
2012-08-27 20:00:00,239.83804
2012-08-27 21:00:00,222.41415
2012-08-27 22:00:00,168.08183
2012-08-27 23:00:00,156.28598
2012-08-28 00:00:00,190.57684
2012-08-28 01:00:00,147.82904
2012-08-28 02:00:00,185.04663
2012-08-28 03:00:00,125.50454
2012-08-28 04:00:00,134.59676
2012-08-28 05:00:00,131.0065
2012-08-28 06:00:00,124.42014
2012-08-28 07:00:00,135.2049
2012-08-28 08:00:00,133.51793
2012-08-28 09:00:00,188.60873
2012-08-28 10:00:00,283.41733
2012-08-28 11:00:00,333.70032
2012-08-28 12:00:00,375.02756
2012-08-28 13:00:00,386.7919
2012-08-28 14:00:00,395.12183
2012-08-28 15:00:00,378.0872
2012-08-28 16:00:00,385.34787
2012-08-28 17:00:00,401.26624
2012-08-28 18:00:00,362.53275
2012-08-28 19:00:00,327.6946
2012-08-28 20:00:00,294.6251
2012-08-28 21:00:00,291.1475
2012-08-28 22:00:00,241.43625
2012-08-28 23:00:00,215.8753
2012-08-29 00:00:00,153.05312
2012-08-29 01:00:00,184.98001
2012-08-29 02:00:00,159.83005
2012-08-29 03:00:00,149.61421
2012-08-29 04:00:00,187.29765
2012-08-29 05:00:00,179.08315
2012-08-29 06:00:00,179.08315
2012-08-29 07:00:00,188.20126
2012-08-29 08:00:00,233.90038
2012-08-29 09:00:00,296.56003
2012-08-29 10:00:00,310.4423
2012-08-29 11:00:00,301.49448
2012-08-29 12:00:00,321.61304
2012-08-29 13:00:00,314.3788
2012-08-29 14:00:00,316.65482
2012-08-29 15:00:00,342.02255
2012-08-29 16:00:00,324.1756
2012-08-29 17:00:00,347.93753
2012-08-29 18:00:00,331.26147
2012-08-29 19:00:00,283.44427
2012-08-29 20:00:00,215.8753
2012-08-29 21:00:00,246.51297
2012-08-29 22:00:00,224.45886
2012-08-29 23:00:00,208.31833
2012-08-30 00:00:00,146.7579
2012-08-30 01:00:00,163.91374
2012-08-30 02:00:00,123.80493
2012-08-30 03:00:00,123.80493
2012-08-30 04:00:00,123.80493
2012-08-30 05:00:00,123.80493
2012-08-30 06:00:00,134.13217
2012-08-30 07:00:00,129.1484
2012-08-30 08:00:00,169.6502
2012-08-30 09:00:00,218.52547
2012-08-30 10:00:00,250.71451
2012-08-30 11:00:00,316.65482
2012-08-30 12:00:00,325.1683
2012-08-30 13:00:00,306.33707
2012-08-30 14:00:00,314.9597
2012-08-30 15:00:00,343.97003
2012-08-30 16:00:00,343.94998
2012-08-30 17:00:00,354.88467
2012-08-30 18:00:00,331.73285
2012-08-30 19:00:00,314.9597
2012-08-30 20:00:00,275.21442
2012-08-30 21:00:00,233.64537
2012-08-30 22:00:00,160.73166
2012-08-30 23:00:00,176.62645
2012-08-31 00:00:00,150.50272
2012-08-31 01:00:00,150.50272
2012-08-31 02:00:00,125.50454
2012-08-31 03:00:00,119.5537
2012-08-31 04:00:00,123.25701
2012-08-31 05:00:00,129.92859
2012-08-31 06:00:00,136.35521
2012-08-31 07:00:00,119.35368
2012-08-31 08:00:00,168.59502
2012-08-31 09:00:00,180.129
2012-08-31 10:00:00,251.98984
2012-08-31 11:00:00,368.5806
2012-08-31 12:00:00,350.0305
2012-08-31 13:00:00,377.78842
2012-08-31 14:00:00,342.42007
2012-08-31 15:00:00,371.0585
2012-08-31 16:00:00,357.11224
2012-08-31 17:00:00,342.093
2012-08-31 18:00:00,371.75497
2012-08-31 19:00:00,334.19305
2012-08-31 20:00:00,334.19305
2012-08-31 21:00:00,294.53018
2012-08-31 22:00:00,294.53018
2012-08-31 23:00:00,243.88821
2012-09-20 00:00:00,131.36612
2012-09-20 01:00:00,117.241325
2012-09-20 02:00:00,112.85631
2012-09-20 03:00:00,92.7359
2012-09-20 04:00:00,105.637924
2012-09-20 05:00:00,105.637924
2012-09-20 06:00:00,92.7359
2012-09-20 07:00:00,105.01939
2012-09-20 08:00:00,132.41101
2012-09-20 09:00:00,182.94658
2012-09-20 10:00:00,217.15686
2012-09-20 11:00:00,289.4364
2012-09-20 12:00:00,297.53192
2012-09-20 13:00:00,294.84006
2012-09-20 14:00:00,295.34158
2012-09-20 15:00:00,297.81558
2012-09-20 16:00:00,287.44083
2012-09-20 17:00:00,289.7675
2012-09-20 18:00:00,266.80554
2012-09-20 19:00:00,219.82164
2012-09-20 20:00:00,179.38033
2012-09-20 21:00:00,194.28717
2012-09-20 22:00:00,127.49158
2012-09-20 23:00:00,145.79233
2012-09-21 00:00:00,120.61157
2012-09-21 01:00:00,103.058784
2012-09-21 02:00:00,103.058784
2012-09-21 03:00:00,108.77579
2012-09-21 04:00:00,96.52857
2012-09-21 05:00:00,96.917206
2012-09-21 06:00:00,108.77579
2012-09-21 07:00:00,97.8106
2012-09-21 08:00:00,137.03384
2012-09-21 09:00:00,166.72047
2012-09-21 10:00:00,239.05757
2012-09-21 11:00:00,263.5803
2012-09-21 12:00:00,256.5949
2012-09-21 13:00:00,275.06708
2012-09-21 14:00:00,312.5779
2012-09-21 15:00:00,292.094
2012-09-21 16:00:00,283.44424
2012-09-21 17:00:00,286.8022
2012-09-21 18:00:00,255.80237
2012-09-21 19:00:00,233.04628
2012-09-21 20:00:00,202.24045
2012-09-21 21:00:00,193.60919
2012-09-21 22:00:00,179.08315
2012-09-21 23:00:00,201.0531
2012-09-22 00:00:00,183.66293
2012-09-22 01:00:00,144.54047
2012-09-22 02:00:00,126.629326
2012-09-22 03:00:00,137.5547
2012-09-22 04:00:00,137.5547
2012-09-22 05:00:00,142.89197
2012-09-22 06:00:00,139.06482
2012-09-22 07:00:00,149.6146
2012-09-22 08:00:00,184.56868
2012-09-22 09:00:00,214.08888
2012-09-22 10:00:00,251.24504
2012-09-22 11:00:00,306.16196
2012-09-22 12:00:00,344.08066
2012-09-22 13:00:00,379.94556
2012-09-22 14:00:00,391.3388
2012-09-22 15:00:00,400.0809
2012-09-22 16:00:00,373.93777
2012-09-22 17:00:00,373.93777
2012-09-22 18:00:00,340.13162
2012-09-22 19:00:00,282.28494
2012-09-22 20:00:00,321.15457
2012-09-22 21:00:00,277.96832
2012-09-22 22:00:00,263.1055
2012-09-22 23:00:00,301.53647
2012-09-23 00:00:00,435.22684
2012-09-23 01:00:00,273.06796
2012-09-23 02:00:00,295.65942
2012-09-23 03:00:00,226.56546
2012-09-23 04:00:00,223.25159
2012-09-23 05:00:00,201.32703
2012-09-23 06:00:00,180.16055
2012-09-23 07:00:00,205.08202
2012-09-23 08:00:00,226.70924
2012-09-23 09:00:00,257.51382
2012-09-23 10:00:00,330.83255
2012-09-23 11:00:00,335.2481
2012-09-23 12:00:00,342.05286
2012-09-23 13:00:00,418.9995
2012-09-23 14:00:00,424.31485
2012-09-23 15:00:00,451.5169
2012-09-23 16:00:00,463.46524
2012-09-23 17:00:00,409.78818
2012-09-23 18:00:00,385.53464
2012-09-23 19:00:00,340.67984
2012-09-23 20:00:00,340.67984
2012-09-23 21:00:00,317.9538
2012-09-23 22:00:00,290.06674
2012-09-23 23:00:00,243.95386
2012-09-24 00:00:00,210.9217
2012-09-24 01:00:00,189.08743
2012-09-24 02:00:00,227.1346
2012-09-24 03:00:00,211.6762
2012-09-24 04:00:00,179.63895
2012-09-24 05:00:00,184.90762
2012-09-24 06:00:00,203.0944
2012-09-24 07:00:00,189.08743
2012-09-24 08:00:00,256.13135
2012-09-24 09:00:00,271.5327
2012-09-24 10:00:00,289.9141
2012-09-24 11:00:00,357.34927
2012-09-24 12:00:00,372.9874
2012-09-24 13:00:00,391.84787
2012-09-24 14:00:00,360.68332
2012-09-24 15:00:00,363.95438
2012-09-24 16:00:00,372.69516
2012-09-24 17:00:00,355.5264
2012-09-24 18:00:00,346.6133
2012-09-24 19:00:00,324.338
2012-09-24 20:00:00,266.3843
2012-09-24 21:00:00,267.20786
2012-09-24 22:00:00,270.22842
2012-09-24 23:00:00,208.14337
2012-09-25 00:00:00,192.79498
2012-09-25 01:00:00,159.3601
2012-09-25 02:00:00,132.93243
2012-09-25 03:00:00,150.73341
2012-09-25 04:00:00,155.9674
2012-09-25 05:00:00,123.7644
2012-09-25 06:00:00,151.87456
2012-09-25 07:00:00,150.19235
2012-09-25 08:00:00,201.13072
2012-09-25 09:00:00,265.7355
2012-09-25 10:00:00,290.39185
2012-09-25 11:00:00,353.48013
2012-09-25 12:00:00,368.80707
2012-09-25 13:00:00,347.2497
2012-09-25 14:00:00,397.23947
2012-09-25 15:00:00,397.65036
2012-09-25 16:00:00,392.8857
2012-09-25 17:00:00,391.24597
2012-09-25 18:00:00,374.59293
2012-09-25 19:00:00,330.11014
2012-09-25 20:00:00,306.49564
2012-09-25 21:00:00,306.49564
2012-09-25 22:00:00,304.10654
2012-09-25 23:00:00,311.02652
2012-09-26 00:00:00,249.48288
2012-09-26 01:00:00,246.48886
2012-09-26 02:00:00,254.2023
2012-09-26 03:00:00,254.2023
2012-09-26 04:00:00,207.32819
2012-09-26 05:00:00,206.78177
2012-09-26 06:00:00,197.40787
2012-09-26 07:00:00,165.03856
2012-09-26 08:00:00,204.86975
2012-09-26 09:00:00,256.46643
2012-09-26 10:00:00,230.56918
2012-09-26 11:00:00,286.02408
2012-09-26 12:00:00,288.5473
2012-09-26 13:00:00,307.51346
2012-09-26 14:00:00,379.75174
2012-09-26 15:00:00,382.89816
2012-09-26 16:00:00,393.68198
2012-09-26 17:00:00,382.89816
2012-09-26 18:00:00,365.5939
2012-09-26 19:00:00,311.36472
2012-09-26 20:00:00,248.9906
2012-09-26 21:00:00,262.60312
2012-09-26 22:00:00,267.8605
2012-09-26 23:00:00,214.42957
2012-09-27 00:00:00,166.14325
2012-09-27 01:00:00,166.14325
2012-09-27 02:00:00,166.14326
2012-09-27 03:00:00,147.48232
2012-09-27 04:00:00,125.73149
2012-09-27 05:00:00,122.013405
2012-09-27 06:00:00,122.375175
2012-09-27 07:00:00,147.48233
2012-09-27 08:00:00,204.33017
2012-09-27 09:00:00,224.88759
2012-09-27 10:00:00,362.26083
2012-09-27 11:00:00,350.95856
2012-09-27 12:00:00,367.28546
2012-09-27 13:00:00,376.8824
2012-09-27 14:00:00,382.4888
2012-09-27 15:00:00,393.88406
2012-09-27 16:00:00,344.05844
2012-09-27 17:00:00,273.63583
2012-09-27 18:00:00,266.80457
2012-09-27 19:00:00,251.90262
2012-09-27 20:00:00,261.65317
2012-09-27 21:00:00,201.84747
2012-09-27 22:00:00,201.84747
2012-09-27 23:00:00,200.52249
2012-09-28 00:00:00,168.4281
2012-09-28 01:00:00,145.71625
2012-09-28 02:00:00,178.68622
2012-09-28 03:00:00,172.76753
2012-09-28 04:00:00,151.83017
2012-09-28 05:00:00,109.81505
2012-09-28 06:00:00,123.47808
2012-09-28 07:00:00,113.7508
2012-09-28 08:00:00,143.5183
2012-09-28 09:00:00,169.45259
2012-09-28 10:00:00,203.07724
2012-09-28 11:00:00,231.89249
2012-09-28 12:00:00,344.05435
2012-09-28 13:00:00,358.05148
2012-09-28 14:00:00,344.05435
2012-09-28 15:00:00,340.58713
2012-09-28 16:00:00,345.27554
2012-09-28 17:00:00,334.6379
2012-09-28 18:00:00,341.4569
2012-09-28 19:00:00,354.9246
2012-09-28 20:00:00,334.96536
2012-09-28 21:00:00,334.45657
2012-09-28 22:00:00,298.4786
2012-09-28 23:00:00,280.76822
2012-09-29 00:00:00,236.91394
2012-09-29 01:00:00,236.91394
2012-09-29 02:00:00,266.2206
2012-09-29 03:00:00,245.74622
2012-09-29 04:00:00,230.50995
2012-09-29 05:00:00,205.16254
2012-09-29 06:00:00,201.75598
2012-09-29 07:00:00,176.8522
2012-09-29 08:00:00,180.42921
2012-09-29 09:00:00,205.16254
2012-09-29 10:00:00,255.54019
2012-09-29 11:00:00,286.64938
2012-09-29 12:00:00,422.1103
2012-09-29 13:00:00,422.1103
2012-09-29 14:00:00,421.42404
2012-09-29 15:00:00,403.1109
2012-09-29 16:00:00,418.33237
2012-09-29 17:00:00,436.55936
2012-09-29 18:00:00,333.74994
2012-09-29 19:00:00,258.30276
2012-09-29 20:00:00,258.91302
2012-09-29 21:00:00,253.95715
2012-09-29 22:00:00,198.14677
2012-09-29 23:00:00,217.57451
2012-09-30 00:00:00,206.51616
2012-09-30 01:00:00,206.51616
2012-09-30 02:00:00,176.54561
2012-09-30 03:00:00,164.75365
2012-09-30 04:00:00,164.75365
2012-09-30 05:00:00,122.35717
2012-09-30 06:00:00,126.697784
2012-09-30 07:00:00,98.75338
2012-09-30 08:00:00,172.88338
2012-09-30 09:00:00,203.55467
2012-09-30 10:00:00,338.40372
2012-09-30 11:00:00,399.04306
2012-09-30 12:00:00,422.1103
2012-09-30 13:00:00,418.33237
2012-09-30 14:00:00,418.33237
2012-09-30 15:00:00,448.32065
2012-09-30 16:00:00,444.4784
2012-09-30 17:00:00,452.9595
2012-09-30 18:00:00,230.36629
2012-09-30 19:00:00,184.01584
2012-09-30 20:00:00,184.01584
2012-09-30 21:00:00,154.83188
2012-09-30 22:00:00,132.35883
2012-09-30 23:00:00,144.29214
2012-10-20 00:00:00,111.18604
2012-10-20 01:00:00,141.10483
2012-10-20 02:00:00,109.851494
2012-10-20 03:00:00,110.97376
2012-10-20 04:00:00,122.35717
2012-10-20 05:00:00,90.786644
2012-10-20 06:00:00,119.81358
2012-10-20 07:00:00,90.786644
2012-10-20 08:00:00,167.9422
2012-10-20 09:00:00,226.2894
2012-10-20 10:00:00,272.3771
2012-10-20 11:00:00,285.18637
2012-10-20 12:00:00,323.08322
2012-10-20 13:00:00,350.55502
2012-10-20 14:00:00,360.5347
2012-10-20 15:00:00,341.9548
2012-10-20 16:00:00,348.17538
2012-10-20 17:00:00,387.63092
2012-10-20 18:00:00,365.0462
2012-10-20 19:00:00,308.99826
2012-10-20 20:00:00,355.3875
2012-10-20 21:00:00,272.89627
2012-10-20 22:00:00,247.90225
2012-10-20 23:00:00,186.3718
2012-10-21 00:00:00,232.28252
2012-10-21 01:00:00,191.7586
2012-10-21 02:00:00,166.8648
2012-10-21 03:00:00,133.18884
2012-10-21 04:00:00,107.50312
2012-10-21 05:00:00,133.18884
2012-10-21 06:00:00,160.54489
2012-10-21 07:00:00,160.54489
2012-10-21 08:00:00,140.97433
2012-10-21 09:00:00,235.29778
2012-10-21 10:00:00,274.4677
2012-10-21 11:00:00,310.95248
2012-10-21 12:00:00,361.19498
2012-10-21 13:00:00,397.29337
2012-10-21 14:00:00,404.2046
2012-10-21 15:00:00,405.1304
2012-10-21 16:00:00,387.63092
2012-10-21 17:00:00,363.47873
2012-10-21 18:00:00,363.6763
2012-10-21 19:00:00,332.29077
2012-10-21 20:00:00,310.65994
2012-10-21 21:00:00,222.6866
2012-10-21 22:00:00,209.77216
2012-10-21 23:00:00,216.39099
2012-10-22 00:00:00,176.59908
2012-10-22 01:00:00,134.51172
2012-10-22 02:00:00,126.46461
2012-10-22 03:00:00,176.59908
2012-10-22 04:00:00,152.33185
2012-10-22 05:00:00,116.47777
2012-10-22 06:00:00,109.18122
2012-10-22 07:00:00,163.71016
2012-10-22 08:00:00,161.95459
2012-10-22 09:00:00,199.47409
2012-10-22 10:00:00,231.04645
2012-10-22 11:00:00,353.34644
2012-10-22 12:00:00,353.8361
2012-10-22 13:00:00,368.30673
2012-10-22 14:00:00,366.70703
2012-10-22 15:00:00,365.9783
2012-10-22 16:00:00,371.54233
2012-10-22 17:00:00,362.3239
2012-10-22 18:00:00,215.82433
2012-10-22 19:00:00,266.3843
2012-10-22 20:00:00,230.93721
2012-10-22 21:00:00,184.70435
2012-10-22 22:00:00,128.09909
2012-10-22 23:00:00,121.95544
2012-10-23 00:00:00,123.1657
2012-10-23 01:00:00,151.70187
2012-10-23 02:00:00,116.16585
2012-10-23 03:00:00,138.96964
2012-10-23 04:00:00,126.41338
2012-10-23 05:00:00,128.53676
2012-10-23 06:00:00,109.27502
2012-10-23 07:00:00,145.06972
2012-10-23 08:00:00,180.49571
2012-10-23 09:00:00,191.09636
2012-10-23 10:00:00,215.66699
2012-10-23 11:00:00,281.15793
2012-10-23 12:00:00,345.01636
2012-10-23 13:00:00,371.66718
2012-10-23 14:00:00,369.9003
2012-10-23 15:00:00,381.51086
2012-10-23 16:00:00,346.6587
2012-10-23 17:00:00,361.1701
2012-10-23 18:00:00,289.4492
2012-10-23 19:00:00,272.3621
2012-10-23 20:00:00,232.08694
2012-10-23 21:00:00,181.43675
2012-10-23 22:00:00,200.66908
2012-10-23 23:00:00,173.31166
2012-10-24 00:00:00,170.06963
2012-10-24 01:00:00,177.40579
2012-10-24 02:00:00,177.4058
2012-10-24 03:00:00,144.99568
2012-10-24 04:00:00,144.99568
2012-10-24 05:00:00,114.16253
2012-10-24 06:00:00,126.47503
2012-10-24 07:00:00,115.75408
2012-10-24 08:00:00,146.5245
2012-10-24 09:00:00,169.82741
2012-10-24 10:00:00,177.7589
2012-10-24 11:00:00,205.54031
2012-10-24 12:00:00,253.36322
2012-10-24 13:00:00,287.28204
2012-10-24 14:00:00,383.49045
2012-10-24 15:00:00,360.8878
2012-10-24 16:00:00,361.53882
2012-10-24 17:00:00,329.02454
2012-10-24 18:00:00,346.6432
2012-10-24 19:00:00,313.027
2012-10-24 20:00:00,273.1939
2012-10-24 21:00:00,274.7601
2012-10-24 22:00:00,262.81525
2012-10-24 23:00:00,224.03656
2012-10-25 00:00:00,259.275
2012-10-25 01:00:00,185.44067
2012-10-25 02:00:00,137.50696
2012-10-25 03:00:00,136.33594
2012-10-25 04:00:00,130.1307
2012-10-25 05:00:00,142.34424
2012-10-25 06:00:00,146.72244
2012-10-25 07:00:00,146.72244
2012-10-25 08:00:00,158.2396
2012-10-25 09:00:00,163.31744
2012-10-25 10:00:00,157.57076
2012-10-25 11:00:00,151.29169
2012-10-25 12:00:00,176.64977
2012-10-25 13:00:00,159.58551
2012-10-25 14:00:00,204.12987
2012-10-25 15:00:00,244.5749
2012-10-25 16:00:00,230.08636
2012-10-25 17:00:00,230.08636
2012-10-25 18:00:00,139.05367
2012-10-25 19:00:00,160.15843
2012-10-25 20:00:00,136.33594
2012-10-25 21:00:00,136.33594
2012-10-25 22:00:00,148.37627
2012-10-25 23:00:00,157.57076
2012-10-26 00:00:00,160.16402
2012-10-26 01:00:00,127.33958
2012-10-26 02:00:00,130.1307
2012-10-26 03:00:00,142.34424
2012-10-26 04:00:00,142.34424
2012-10-26 05:00:00,130.1307
2012-10-26 06:00:00,127.33958
2012-10-26 07:00:00,130.1307
2012-10-26 08:00:00,141.89334
2012-10-26 09:00:00,141.89334
2012-10-26 10:00:00,135.10144
2012-10-26 11:00:00,190.14673
2012-10-26 12:00:00,222.33237
2012-10-26 13:00:00,234.25423
2012-10-26 14:00:00,262.81525
2012-10-26 15:00:00,274.7601
2012-10-26 16:00:00,218.01549
2012-10-26 17:00:00,202.03067
2012-10-26 18:00:00,183.38809
2012-10-26 19:00:00,163.29837
2012-10-26 20:00:00,163.29836
2012-10-26 21:00:00,183.12708
2012-10-26 22:00:00,152.68115
2012-10-26 23:00:00,148.459
2012-10-27 00:00:00,111.633934
2012-10-27 01:00:00,115.0834
2012-10-27 02:00:00,123.2542
2012-10-27 03:00:00,115.69486
2012-10-27 04:00:00,119.089775
2012-10-27 05:00:00,135.63896
2012-10-27 06:00:00,135.63896
2012-10-27 07:00:00,123.18305
2012-10-27 08:00:00,151.46667
2012-10-27 09:00:00,151.46667
2012-10-27 10:00:00,178.6365
2012-10-27 11:00:00,223.37712
2012-10-27 12:00:00,333.68747
2012-10-27 13:00:00,403.1109
2012-10-27 14:00:00,382.77417
2012-10-27 15:00:00,246.62315
2012-10-27 16:00:00,227.42929
2012-10-27 17:00:00,227.42929
2012-10-27 18:00:00,227.42929
2012-10-27 19:00:00,178.09807
2012-10-27 20:00:00,178.09807
2012-10-27 21:00:00,178.09807
2012-10-27 22:00:00,177.76266
2012-10-27 23:00:00,193.30573
2012-10-28 00:00:00,192.90527
2012-10-28 01:00:00,172.32277
2012-10-28 02:00:00,183.12485
2012-10-28 03:00:00,199.277
2012-10-28 04:00:00,200.13919
2012-10-28 05:00:00,201.46005
2012-10-28 06:00:00,218.1304
2012-10-28 07:00:00,220.48718
2012-10-28 08:00:00,226.70697
2012-10-28 09:00:00,237.9252
2012-10-28 10:00:00,247.05411
2012-10-28 11:00:00,258.1842
2012-10-28 12:00:00,216.12836
2012-10-28 13:00:00,210.87897
2012-10-28 14:00:00,221.30087
2012-10-28 15:00:00,210.88757
2012-10-28 16:00:00,187.93887
2012-10-28 17:00:00,156.02872
2012-10-28 18:00:00,109.31888
2012-10-28 19:00:00,104.6368
2012-10-28 20:00:00,108.08146
2012-10-28 21:00:00,122.093925
2012-10-28 22:00:00,120.51832
2012-10-28 23:00:00,104.6368
2012-10-29 00:00:00,138.99113
2012-10-30 13:00:00,99.61133
2012-10-30 14:00:00,99.61133
2012-10-30 15:00:00,96.88833
2012-10-30 16:00:00,96.88833
2012-10-30 17:00:00,98.3807
2012-10-30 18:00:00,101.91601
2012-10-30 19:00:00,214.0132
2012-10-30 20:00:00,104.68988
2012-10-30 21:00:00,101.065186
2012-10-30 22:00:00,101.37769
2012-10-30 23:00:00,101.37769
2012-10-31 00:00:00,102.96303
2012-10-31 01:00:00,102.13624
2012-10-31 02:00:00,103.21348
2012-10-31 03:00:00,102.96303
2012-10-31 04:00:00,98.871506
2012-10-31 05:00:00,103.21348
2012-10-31 06:00:00,103.621056
2012-10-31 07:00:00,100.652145
2012-10-31 08:00:00,105.40095
2012-10-31 09:00:00,109.94659
2012-10-31 10:00:00,131.34708
2012-10-31 11:00:00,151.89853
2012-10-31 12:00:00,210.71701
2012-10-31 13:00:00,247.8089
2012-10-31 14:00:00,252.45413
2012-10-31 15:00:00,241.27489
2012-10-31 16:00:00,235.17181
2012-10-31 17:00:00,226.7355
2012-10-31 18:00:00,226.7355
2012-10-31 19:00:00,254.01987
2012-10-31 20:00:00,254.01987
2012-10-31 21:00:00,254.01987
2012-10-31 22:00:00,199.49905
2012-10-31 23:00:00,204.75473
2012-11-20 00:00:00,121.79413
2012-11-20 01:00:00,139.71179
2012-11-20 02:00:00,109.08433
2012-11-20 03:00:00,129.74323
2012-11-20 04:00:00,144.90901
2012-11-20 05:00:00,146.22475
2012-11-20 06:00:00,129.05286
2012-11-20 07:00:00,104.10747
2012-11-20 08:00:00,120.89408
2012-11-20 09:00:00,140.86151
2012-11-20 10:00:00,193.02643
2012-11-20 11:00:00,194.50037
2012-11-20 12:00:00,181.1231
2012-11-20 13:00:00,226.83711
2012-11-20 14:00:00,242.45631
2012-11-20 15:00:00,260.28485
2012-11-20 16:00:00,218.9834
2012-11-20 17:00:00,160.88828
2012-11-20 18:00:00,193.02643
2012-11-20 19:00:00,157.5936
2012-11-20 20:00:00,123.73179
2012-11-20 21:00:00,118.41903
2012-11-20 22:00:00,118.41903
2012-11-20 23:00:00,102.76512
2012-11-21 00:00:00,95.061424
2012-11-21 01:00:00,102.76512
2012-11-21 02:00:00,96.79655
2012-11-21 03:00:00,96.79655
2012-11-21 04:00:00,96.79655
2012-11-21 05:00:00,96.79655
2012-11-21 06:00:00,97.23407
2012-11-21 07:00:00,95.29189
2012-11-21 08:00:00,99.9172
2012-11-21 09:00:00,104.10748
2012-11-21 10:00:00,165.93536
2012-11-21 11:00:00,247.6026
2012-11-21 12:00:00,295.87863
2012-11-21 13:00:00,329.2999
2012-11-21 14:00:00,345.10803
2012-11-21 15:00:00,317.87115
2012-11-21 16:00:00,330.9008
2012-11-21 17:00:00,290.27658
2012-11-21 18:00:00,301.3481
2012-11-21 19:00:00,269.73593
2012-11-21 20:00:00,171.27919
2012-11-21 21:00:00,224.23987
2012-11-21 22:00:00,224.53763
2012-11-21 23:00:00,153.63095
2012-11-22 00:00:00,93.67266
2012-11-22 01:00:00,87.443184
2012-11-22 02:00:00,72.151474
2012-11-22 03:00:00,71.99636
2012-11-22 04:00:00,61.514996
2012-11-22 05:00:00,71.99636
2012-11-22 06:00:00,79.2931
2012-11-22 07:00:00,65.14339
2012-11-22 08:00:00,68.99816
2012-11-22 09:00:00,86.22192
2012-11-22 10:00:00,162.94421
2012-11-22 11:00:00,310.9209
2012-11-22 12:00:00,355.22104
2012-11-22 13:00:00,389.67905
2012-11-22 14:00:00,410.55624
2012-11-22 15:00:00,410.55624
2012-11-22 16:00:00,376.75943
2012-11-22 17:00:00,355.22104
2012-11-22 18:00:00,281.18088
2012-11-22 19:00:00,84.57927
2012-11-22 20:00:00,83.86131
2012-11-22 21:00:00,123.9673
2012-11-22 22:00:00,119.83671
2012-11-22 23:00:00,79.665665
2012-11-23 00:00:00,116.43691
2012-11-23 01:00:00,98.16093
2012-11-23 02:00:00,98.30583
2012-11-23 03:00:00,91.21087
2012-11-23 04:00:00,95.68066
2012-11-23 05:00:00,87.81255
2012-11-23 06:00:00,87.81255
2012-11-23 07:00:00,87.81255
2012-11-23 08:00:00,91.68436
2012-11-23 09:00:00,100.15481
2012-11-23 10:00:00,159.30864
2012-11-23 11:00:00,247.6026
2012-11-23 12:00:00,309.83896
2012-11-23 13:00:00,313.48984
2012-11-23 14:00:00,346.46146
2012-11-23 15:00:00,310.40402
2012-11-23 16:00:00,323.6457
2012-11-23 17:00:00,330.94006
2012-11-23 18:00:00,306.28
2012-11-23 19:00:00,292.0165
2012-11-23 20:00:00,296.87448
2012-11-23 21:00:00,271.53174
2012-11-23 22:00:00,286.58456
2012-11-23 23:00:00,274.71753
2012-11-24 00:00:00,271.01004
2012-11-24 01:00:00,192.17
2012-11-24 02:00:00,182.03265
2012-11-24 03:00:00,171.89653
2012-11-24 04:00:00,155.38293
2012-11-24 05:00:00,157.34428
2012-11-24 06:00:00,135.88887
2012-11-24 07:00:00,159.12021
2012-11-24 08:00:00,145.06583
2012-11-24 09:00:00,153.71846
2012-11-24 10:00:00,146.51112
2012-11-24 11:00:00,174.92546
2012-11-24 12:00:00,163.87775
2012-11-24 13:00:00,226.2308
2012-11-24 14:00:00,214.86644
2012-11-24 15:00:00,194.25296
2012-11-24 16:00:00,176.5169
2012-11-24 17:00:00,158.19699
2012-11-24 18:00:00,169.20033
2012-11-24 19:00:00,163.86243
2012-11-24 20:00:00,135.88889
2012-11-24 21:00:00,146.4609
2012-11-24 22:00:00,140.2471
2012-11-24 23:00:00,146.4609
2012-11-25 00:00:00,121.04258
2012-11-25 01:00:00,140.93437
2012-11-25 02:00:00,130.49785
2012-11-25 03:00:00,182.2775
2012-11-25 04:00:00,182.2775
2012-11-25 05:00:00,134.40904
2012-11-25 06:00:00,158.29416
2012-11-25 07:00:00,131.6064
2012-11-25 08:00:00,115.89882
2012-11-25 09:00:00,130.38266
2012-11-25 10:00:00,125.817055
2012-11-25 11:00:00,179.60217
2012-11-25 12:00:00,179.60217
2012-11-25 13:00:00,202.70279
2012-11-25 14:00:00,191.44077
2012-11-25 15:00:00,186.82227
2012-11-25 16:00:00,214.69998
2012-11-25 17:00:00,210.14668
2012-11-25 18:00:00,174.7225
2012-11-25 19:00:00,225.01706
2012-11-25 20:00:00,94.29022
2012-11-25 21:00:00,178.46625
2012-11-25 22:00:00,94.29022
2012-11-25 23:00:00,81.295105
2012-11-26 00:00:00,86.487465
2012-11-26 01:00:00,84.34815
2012-11-26 02:00:00,84.34815
2012-11-26 03:00:00,84.34815
2012-11-26 04:00:00,86.487465
2012-11-26 05:00:00,98.34033
2012-11-26 06:00:00,86.487465
2012-11-26 07:00:00,100.96507
2012-11-26 08:00:00,100.96507
2012-11-26 09:00:00,171.93819
2012-11-26 10:00:00,219.39496
2012-11-26 11:00:00,281.91165
2012-11-26 12:00:00,313.88416
2012-11-26 13:00:00,313.88416
2012-11-26 14:00:00,309.6617
2012-11-26 15:00:00,312.69946
2012-11-26 16:00:00,339.1876
2012-11-26 17:00:00,323.3982
2012-11-26 18:00:00,231.72795
2012-11-26 19:00:00,205.65016
2012-11-26 20:00:00,224.53763
2012-11-26 21:00:00,224.53763
2012-11-26 22:00:00,153.63097
2012-11-26 23:00:00,143.0103
2012-11-27 00:00:00,144.15858
2012-11-27 01:00:00,128.5202
2012-11-27 02:00:00,125.272224
2012-11-27 03:00:00,133.86716
2012-11-27 04:00:00,105.216545
2012-11-27 05:00:00,103.91807
2012-11-27 06:00:00,105.72506
2012-11-27 07:00:00,105.3411
2012-11-27 08:00:00,110.765564
2012-11-27 09:00:00,107.484505
2012-11-27 10:00:00,111.229485
2012-11-27 11:00:00,92.27241
2012-11-27 12:00:00,85.543785
2012-11-27 13:00:00,92.6555
2012-11-27 14:00:00,85.89677
2012-11-27 15:00:00,108.504906
2012-11-27 16:00:00,108.504906
2012-11-27 17:00:00,109.47625
2012-11-27 18:00:00,84.79
2012-11-27 19:00:00,103.57075
2012-11-27 20:00:00,92.93416
2012-11-27 21:00:00,82.82193
2012-11-27 22:00:00,93.28579
2012-11-27 23:00:00,91.28042
2012-11-28 00:00:00,98.45748
2012-11-28 01:00:00,101.732506
2012-11-28 02:00:00,101.732506
2012-11-28 03:00:00,106.51201
2012-11-28 04:00:00,106.1883
2012-11-28 05:00:00,108.75579
2012-11-28 06:00:00,115.192474
2012-11-28 07:00:00,142.84074
2012-11-28 08:00:00,111.37397
2012-11-28 09:00:00,162.59581
2012-11-28 10:00:00,225.03214
2012-11-28 11:00:00,239.46785
2012-11-28 12:00:00,208.26523
2012-11-28 13:00:00,251.22577
2012-11-28 14:00:00,235.82002
2012-11-28 15:00:00,267.8991
2012-11-28 16:00:00,302.5913
2012-11-28 17:00:00,307.56396
2012-11-28 18:00:00,251.06895
2012-11-28 19:00:00,278.5427
2012-11-28 20:00:00,284.82465
2012-11-28 21:00:00,258.34702
2012-11-28 22:00:00,213.50313
2012-11-28 23:00:00,197.05974
2012-11-29 00:00:00,143.69144
2012-11-29 01:00:00,107.73379
2012-11-29 02:00:00,97.57719
2012-11-29 04:00:00,89.27263
2012-11-29 05:00:00,84.34815
2012-11-29 06:00:00,86.487465
2012-11-29 07:00:00,91.6249
2012-11-29 08:00:00,94.151955
2012-11-29 09:00:00,124.93438
2012-11-29 10:00:00,121.168816
2012-11-29 11:00:00,273.7794
2012-11-29 12:00:00,274.45163
2012-11-29 13:00:00,318.81372
2012-11-29 14:00:00,244.78433
2012-11-29 15:00:00,224.5968
2012-11-29 16:00:00,259.13437
2012-11-29 17:00:00,265.4558
2012-11-29 18:00:00,219.83882
2012-11-29 19:00:00,173.75824
2012-11-29 20:00:00,188.04604
2012-11-29 21:00:00,115.57382
2012-11-29 22:00:00,103.60491
2012-11-29 23:00:00,136.35548
2012-11-30 00:00:00,104.702675
2012-11-30 01:00:00,97.807014
2012-11-30 02:00:00,87.22235
2012-11-30 03:00:00,87.22235
2012-11-30 04:00:00,85.70798
2012-11-30 05:00:00,84.75734
2012-11-30 06:00:00,85.6271
2012-11-30 07:00:00,86.22402
2012-11-30 08:00:00,93.17429
2012-11-30 09:00:00,94.24986
2012-11-30 10:00:00,145.7514
2012-11-30 11:00:00,235.65616
2012-11-30 12:00:00,273.2337
2012-11-30 13:00:00,304.38312
2012-11-30 14:00:00,307.5529
2012-11-30 15:00:00,322.22842
2012-11-30 16:00:00,277.97852
2012-11-30 17:00:00,223.55608
2012-11-30 18:00:00,186.98355
2012-11-30 19:00:00,127.35537
2012-11-30 20:00:00,127.35537
2012-11-30 21:00:00,102.930855
2012-11-30 22:00:00,91.99673
2012-11-30 23:00:00,107.326035
2012-12-20 00:00:00,158.0405
2012-12-20 01:00:00,127.35537
2012-12-20 02:00:00,127.35537
2012-12-20 03:00:00,119.33454
2012-12-20 04:00:00,119.33454
2012-12-20 05:00:00,120.24284
2012-12-20 06:00:00,145.7514
2012-12-20 07:00:00,119.315315
2012-12-20 08:00:00,119.315315
2012-12-20 09:00:00,119.315315
2012-12-20 10:00:00,145.46254
2012-12-20 11:00:00,170.57053
2012-12-20 12:00:00,223.905
2012-12-20 13:00:00,192.44635
2012-12-20 14:00:00,214.12672
2012-12-20 15:00:00,180.97253
2012-12-20 16:00:00,173.72025
2012-12-20 17:00:00,144.90901
2012-12-20 18:00:00,129.86362
2012-12-20 19:00:00,129.68771
2012-12-20 20:00:00,120.38166
2012-12-20 21:00:00,120.38166
2012-12-20 22:00:00,110.3372
2012-12-20 23:00:00,136.17488
2012-12-21 00:00:00,88.21583
2012-12-21 01:00:00,97.591606
2012-12-21 02:00:00,95.26199
2012-12-21 03:00:00,95.26199
2012-12-21 04:00:00,94.8749
2012-12-21 05:00:00,79.9009
2012-12-21 06:00:00,109.52077
2012-12-21 07:00:00,90.207306
2012-12-21 08:00:00,95.03509
2012-12-21 09:00:00,119.4002
2012-12-21 10:00:00,128.22293
2012-12-21 11:00:00,122.498665
2012-12-21 12:00:00,127.39501
2012-12-21 13:00:00,127.832565
2012-12-21 14:00:00,128.36844
2012-12-21 15:00:00,114.82368
2012-12-21 16:00:00,120.040596
2012-12-21 17:00:00,76.77243
2012-12-21 18:00:00,75.128
2012-12-21 19:00:00,103.27865
2012-12-21 20:00:00,109.52509
2012-12-21 21:00:00,104.288246
2012-12-21 22:00:00,96.44244
2012-12-21 23:00:00,97.55507
2012-12-22 00:00:00,94.57873
2012-12-22 01:00:00,88.15202
2012-12-22 02:00:00,92.10515
2012-12-22 03:00:00,81.315
2012-12-22 04:00:00,71.23607
2012-12-22 05:00:00,82.051186
2012-12-22 06:00:00,90.230194
2012-12-22 07:00:00,90.230194
2012-12-22 08:00:00,94.19798
2012-12-22 09:00:00,80.277245
2012-12-22 10:00:00,75.944786
2012-12-22 11:00:00,104.83561
2012-12-22 12:00:00,105.18514
2012-12-22 13:00:00,134.68672
2012-12-22 14:00:00,134.97281
2012-12-22 15:00:00,120.11405
2012-12-22 16:00:00,120.673195
2012-12-22 17:00:00,99.29609
2012-12-22 18:00:00,88.903336
2012-12-22 19:00:00,70.99089
2012-12-22 20:00:00,62.09387
2012-12-22 21:00:00,58.61515
2012-12-22 22:00:00,58.61515
2012-12-22 23:00:00,53.88932
2012-12-23 00:00:00,64.2694
2012-12-23 01:00:00,60.112816
2012-12-23 02:00:00,47.475
2012-12-23 03:00:00,47.6112
2012-12-23 04:00:00,51.33178
2012-12-23 05:00:00,52.430054
2012-12-23 06:00:00,42.630432
2012-12-23 07:00:00,42.630432
2012-12-23 08:00:00,38.03272
2012-12-23 09:00:00,46.917973
2012-12-23 10:00:00,43.219124
2012-12-23 11:00:00,55.91221
2012-12-23 12:00:00,95.35487
2012-12-23 13:00:00,116.14463
2012-12-23 14:00:00,158.52309
2012-12-23 15:00:00,147.50285
2012-12-23 16:00:00,153.34683
2012-12-23 17:00:00,88.84648
2012-12-23 18:00:00,86.4564
2012-12-23 19:00:00,66.33757
2012-12-23 20:00:00,59.463104
2012-12-23 21:00:00,57.90274
2012-12-23 22:00:00,52.82344
2012-12-23 23:00:00,57.15328
2012-12-24 00:00:00,66.62405
2012-12-24 01:00:00,66.62405
2012-12-24 02:00:00,65.98697
2012-12-24 03:00:00,65.98697
2012-12-24 05:00:00,54.701443
2012-12-24 06:00:00,65.98697
2012-12-24 07:00:00,65.37902
2012-12-24 08:00:00,66.62405
2012-12-24 09:00:00,67.63877
2012-12-24 10:00:00,70.31954
2012-12-24 11:00:00,71.27549
2012-12-24 12:00:00,76.87594
2012-12-24 13:00:00,62.643585
2012-12-24 14:00:00,62.434402
2012-12-24 15:00:00,50.26486
2012-12-24 16:00:00,50.26486
2012-12-24 17:00:00,55.41444
2012-12-24 18:00:00,62.92147
2012-12-24 19:00:00,60.394146
2012-12-24 20:00:00,58.42517
2012-12-24 21:00:00,64.51475
2012-12-24 22:00:00,73.70748
2012-12-24 23:00:00,73.505486
2012-12-25 00:00:00,42.52536
2012-12-25 01:00:00,38.695423
2012-12-25 02:00:00,38.695423
2012-12-25 04:00:00,43.8409
2012-12-25 05:00:00,38.38476
2012-12-25 06:00:00,38.38476
2012-12-25 07:00:00,36.402588
2012-12-25 08:00:00,53.645493
2012-12-25 09:00:00,51.042423
2012-12-25 10:00:00,58.029587
2012-12-25 11:00:00,52.424366
2012-12-25 12:00:00,54.771805
2012-12-25 13:00:00,131.26183
2012-12-25 14:00:00,131.58992
2012-12-25 15:00:00,98.04557
2012-12-25 16:00:00,96.179565
2012-12-25 17:00:00,69.63237
2012-12-25 18:00:00,55.305237
2012-12-25 19:00:00,53.2097
2012-12-25 20:00:00,57.960083
2012-12-25 21:00:00,48.725555
2012-12-25 22:00:00,46.830833
2012-12-25 23:00:00,46.767643
2012-12-26 00:00:00,71.64985
2012-12-26 01:00:00,64.30995
2012-12-26 02:00:00,64.30995
2012-12-26 03:00:00,58.096718
2012-12-26 04:00:00,56.93563
2012-12-26 05:00:00,54.020214
2012-12-26 06:00:00,53.306236
2012-12-26 07:00:00,42.83979
2012-12-26 08:00:00,42.83979
2012-12-26 09:00:00,42.83979
2012-12-26 10:00:00,42.753002
2012-12-26 11:00:00,44.25058
2012-12-26 12:00:00,45.169968
2012-12-26 13:00:00,45.169968
2012-12-26 14:00:00,46.946293
2012-12-26 15:00:00,51.245132
2012-12-26 16:00:00,51.245132
2012-12-26 17:00:00,49.399002
2012-12-26 18:00:00,52.60708
2012-12-26 19:00:00,61.25981
2012-12-26 20:00:00,59.82129
2012-12-26 21:00:00,59.164772
2012-12-26 22:00:00,47.615475
2012-12-26 23:00:00,50.274147
2012-12-27 00:00:00,50.274147
2012-12-27 01:00:00,47.615475
2012-12-27 02:00:00,51.249302
2012-12-27 03:00:00,51.99651
2012-12-27 04:00:00,49.9287
2012-12-27 05:00:00,59.522858
2012-12-27 06:00:00,63.60218
2012-12-27 07:00:00,58.45839
2012-12-27 08:00:00,68.822815
2012-12-27 09:00:00,78.105576
2012-12-27 10:00:00,89.84437
2012-12-27 11:00:00,87.37923
2012-12-27 12:00:00,111.25961
2012-12-27 13:00:00,111.25961
2012-12-27 14:00:00,80.767166
2012-12-27 15:00:00,78.86639
2012-12-27 16:00:00,83.395744
2012-12-27 17:00:00,83.395744
2012-12-27 18:00:00,65.03367
2012-12-27 19:00:00,65.81016
2012-12-27 20:00:00,66.76522
2012-12-27 21:00:00,65.03367
2012-12-27 22:00:00,64.1067
2012-12-27 23:00:00,65.03367
2012-12-28 00:00:00,67.26293
2012-12-28 01:00:00,65.46795
2012-12-28 02:00:00,66.422485
2012-12-28 03:00:00,67.26293
2012-12-28 04:00:00,69.37825
2012-12-28 05:00:00,68.927216
2012-12-28 06:00:00,58.62127
2012-12-28 07:00:00,60.780357
2012-12-28 08:00:00,67.030075
2012-12-28 09:00:00,64.1067
2012-12-28 10:00:00,75.24008
2012-12-28 11:00:00,86.16492
2012-12-28 12:00:00,91.8954
2012-12-28 13:00:00,91.8954
2012-12-28 14:00:00,91.8954
2012-12-28 15:00:00,69.04209
2012-12-28 16:00:00,89.45284
2012-12-28 17:00:00,66.863754
2012-12-28 18:00:00,66.863754
2012-12-28 19:00:00,60.643616
2012-12-28 20:00:00,67.63877
2012-12-28 21:00:00,62.02416
2012-12-28 22:00:00,66.98837
2012-12-28 23:00:00,68.27965
2012-12-29 00:00:00,55.8847
2012-12-29 01:00:00,48.97314
2012-12-29 02:00:00,55.8847
2012-12-29 03:00:00,56.5027
2012-12-29 04:00:00,48.97314
2012-12-29 05:00:00,48.97314
2012-12-29 06:00:00,48.568184
2012-12-29 07:00:00,46.684837
2012-12-29 08:00:00,57.98462
2012-12-29 09:00:00,57.98462
2012-12-29 10:00:00,43.902077
2012-12-29 11:00:00,46.716377
2012-12-29 12:00:00,53.6407
2012-12-29 13:00:00,53.6407
2012-12-29 14:00:00,50.05687
2012-12-29 15:00:00,57.186638
2012-12-29 16:00:00,54.191666
2012-12-29 17:00:00,50.908447
2012-12-29 18:00:00,50.716206
2012-12-29 19:00:00,58.592495
2012-12-29 20:00:00,83.51476
2012-12-29 21:00:00,75.883705
2012-12-29 22:00:00,64.86141
2012-12-29 23:00:00,56.421753
2012-12-30 00:00:00,52.58762
2012-12-30 01:00:00,65.77108
2012-12-30 02:00:00,61.144196
2012-12-30 03:00:00,65.77108
2012-12-30 04:00:00,59.074417
2012-12-30 05:00:00,71.785034
2012-12-30 06:00:00,62.857426
2012-12-30 07:00:00,59.904926
2012-12-30 08:00:00,68.467964
2012-12-30 09:00:00,66.41515
2012-12-30 10:00:00,97.21359
2012-12-30 11:00:00,95.99627
2012-12-30 12:00:00,106.66275
2012-12-30 13:00:00,105.18514
2012-12-30 14:00:00,126.99233
2012-12-30 15:00:00,110.70779
2012-12-30 16:00:00,110.274345
2012-12-30 17:00:00,91.10003
2012-12-30 18:00:00,72.39452
2012-12-30 19:00:00,63.363197
2012-12-30 20:00:00,64.40265
2012-12-30 21:00:00,47.475
2012-12-30 22:00:00,43.30076
2012-12-30 23:00:00,48.216705
2012-12-31 00:00:00,56.015766
2012-12-31 01:00:00,56.015766
2012-12-31 02:00:00,50.934464
2012-12-31 03:00:00,56.126404
2012-12-31 04:00:00,52.47351
2012-12-31 05:00:00,46.18026
2012-12-31 06:00:00,49.121758
2012-12-31 07:00:00,52.8238
2012-12-31 08:00:00,48.272854
2012-12-31 09:00:00,59.0663
2012-12-31 10:00:00,56.291565
2012-12-31 11:00:00,62.486946
2012-12-31 12:00:00,68.05546
2012-12-31 13:00:00,88.57838
2012-12-31 14:00:00,96.89544
2012-12-31 15:00:00,95.12815
2012-12-31 16:00:00,83.92371
2012-12-31 17:00:00,82.89369
2012-12-31 18:00:00,83.78337
2012-12-31 19:00:00,71.27549
2012-12-31 20:00:00,71.27549
2012-12-31 21:00:00,70.84211
2012-12-31 22:00:00,74.56133
2012-12-31 23:00:00,69.87701
