datetime,count
2011-01-20 00:00:00,82.49725
2011-01-20 01:00:00,86.874535
2011-01-20 02:00:00,86.874535
2011-01-20 03:00:00,80.93337
2011-01-20 04:00:00,80.93337
2011-01-20 05:00:00,82.99931
2011-01-20 06:00:00,78.41994
2011-01-20 07:00:00,79.82236
2011-01-20 08:00:00,73.646126
2011-01-20 09:00:00,81.79805
2011-01-20 10:00:00,102.65364
2011-01-20 11:00:00,98.27634
2011-01-20 12:00:00,119.0729
2011-01-20 13:00:00,100.82326
2011-01-20 14:00:00,114.00489
2011-01-20 15:00:00,114.41753
2011-01-20 16:00:00,103.59247
2011-01-20 17:00:00,108.226105
2011-01-20 18:00:00,81.86367
2011-01-20 19:00:00,85.410995
2011-01-20 20:00:00,69.25074
2011-01-20 21:00:00,67.011444
2011-01-20 22:00:00,53.930424
2011-01-20 23:00:00,57.380257
2011-01-21 00:00:00,58.75881
2011-01-21 01:00:00,58.75881
2011-01-21 02:00:00,66.78317
2011-01-21 03:00:00,52.16866
2011-01-21 04:00:00,74.82344
2011-01-21 05:00:00,77.68631
2011-01-21 06:00:00,78.75372
2011-01-21 07:00:00,65.36776
2011-01-21 08:00:00,73.96837
2011-01-21 09:00:00,68.8232
2011-01-21 10:00:00,84.17795
2011-01-21 11:00:00,80.473434
2011-01-21 12:00:00,106.732635
2011-01-21 13:00:00,95.55165
2011-01-21 14:00:00,95.33778
2011-01-21 15:00:00,71.8377
2011-01-21 16:00:00,85.69826
2011-01-21 17:00:00,82.79395
2011-01-21 18:00:00,77.92529
2011-01-21 19:00:00,74.83374
2011-01-21 20:00:00,94.85812
2011-01-21 21:00:00,46.067726
2011-01-21 22:00:00,31.12048
2011-01-21 23:00:00,37.51733
2011-01-22 00:00:00,12.422146
2011-01-22 01:00:00,1.4708318
2011-01-22 02:00:00,2.6926317
2011-01-22 03:00:00,1.0434026
2011-01-22 04:00:00,-0.759656
2011-01-22 06:00:00,10.216208
2011-01-22 07:00:00,0.2458419
2011-01-22 08:00:00,-7.4793825
2011-01-22 09:00:00,9.613392
2011-01-22 10:00:00,28.589582
2011-01-22 11:00:00,37.753464
2011-01-22 12:00:00,42.905025
2011-01-22 13:00:00,48.921078
2011-01-22 14:00:00,73.022675
2011-01-22 15:00:00,65.069214
2011-01-22 16:00:00,78.93625
2011-01-22 17:00:00,96.27182
2011-01-22 18:00:00,24.311953
2011-01-22 19:00:00,48.05264
2011-01-22 20:00:00,47.18311
2011-01-22 21:00:00,46.958202
2011-01-22 22:00:00,32.72368
2011-01-22 23:00:00,36.922447
2011-01-23 00:00:00,36.922447
2011-01-23 01:00:00,36.922447
2011-01-23 02:00:00,43.630714
2011-01-23 03:00:00,43.630714
2011-01-23 05:00:00,36.330235
2011-01-23 06:00:00,36.330235
2011-01-23 07:00:00,50.561527
2011-01-23 08:00:00,49.28948
2011-01-23 09:00:00,19.856062
2011-01-23 10:00:00,28.926401
2011-01-23 11:00:00,51.737507
2011-01-23 12:00:00,106.83255
2011-01-23 13:00:00,86.61195
2011-01-23 14:00:00,79.54051
2011-01-23 15:00:00,79.54051
2011-01-23 16:00:00,91.58949
2011-01-23 17:00:00,88.499054
2011-01-23 18:00:00,55.3968
2011-01-23 19:00:00,59.921062
2011-01-23 20:00:00,29.059269
2011-01-23 21:00:00,31.83499
2011-01-23 22:00:00,27.831047
2011-01-23 23:00:00,21.346062
2011-01-24 00:00:00,68.77888
2011-01-24 01:00:00,60.24412
2011-01-24 03:00:00,51.32986
2011-01-24 04:00:00,69.80896
2011-01-24 05:00:00,69.80896
2011-01-24 06:00:00,60.565647
2011-01-24 07:00:00,54.946316
2011-01-24 08:00:00,55.903744
2011-01-24 09:00:00,47.015957
2011-01-24 10:00:00,47.290707
2011-01-24 11:00:00,75.66402
2011-01-24 12:00:00,55.566696
2011-01-24 13:00:00,48.887604
2011-01-24 14:00:00,48.31149
2011-01-24 15:00:00,75.94611
2011-01-24 16:00:00,62.371418
2011-01-24 17:00:00,56.439426
2011-01-24 18:00:00,65.5374
2011-01-24 19:00:00,70.16615
2011-01-24 20:00:00,65.5374
2011-01-24 21:00:00,64.88525
2011-01-24 22:00:00,45.50059
2011-01-24 23:00:00,48.78552
2011-01-25 00:00:00,55.834408
2011-01-25 01:00:00,57.577854
2011-01-25 02:00:00,54.62105
2011-01-25 04:00:00,64.05902
2011-01-25 05:00:00,51.765842
2011-01-25 06:00:00,68.14724
2011-01-25 07:00:00,54.15999
2011-01-25 08:00:00,59.147564
2011-01-25 09:00:00,80.55014
2011-01-25 10:00:00,77.79877
2011-01-25 11:00:00,82.14702
2011-01-25 12:00:00,92.12246
2011-01-25 13:00:00,85.43556
2011-01-25 14:00:00,114.13577
2011-01-25 15:00:00,133.78458
2011-01-25 16:00:00,133.78458
2011-01-25 17:00:00,108.04078
2011-01-25 18:00:00,109.10198
2011-01-25 19:00:00,85.752655
2011-01-25 20:00:00,83.46933
2011-01-25 21:00:00,83.46933
2011-01-25 22:00:00,82.55299
2011-01-25 23:00:00,78.390114
2011-01-26 00:00:00,79.05336
2011-01-26 01:00:00,84.1218
2011-01-26 02:00:00,63.023838
2011-01-26 05:00:00,52.47351
2011-01-26 06:00:00,52.47351
2011-01-26 07:00:00,53.889523
2011-01-26 08:00:00,53.889523
2011-01-26 09:00:00,53.889523
2011-01-26 10:00:00,55.66291
2011-01-26 11:00:00,62.724567
2011-01-26 12:00:00,62.724567
2011-01-26 13:00:00,62.724567
2011-01-26 14:00:00,71.687485
2011-01-26 15:00:00,52.19131
2011-01-26 16:00:00,62.591053
2011-01-26 17:00:00,70.51794
2011-01-27 16:00:00,82.223785
2011-01-27 17:00:00,79.44856
2011-01-27 18:00:00,75.31047
2011-01-27 19:00:00,75.31047
2011-01-27 20:00:00,68.997406
2011-01-27 21:00:00,68.997406
2011-01-27 22:00:00,68.997406
2011-01-27 23:00:00,63.368324
2011-01-28 00:00:00,68.289566
2011-01-28 01:00:00,68.289566
2011-01-28 02:00:00,65.31679
2011-01-28 03:00:00,72.67204
2011-01-28 05:00:00,66.49599
2011-01-28 06:00:00,60.05447
2011-01-28 07:00:00,59.856266
2011-01-28 08:00:00,59.856266
2011-01-28 09:00:00,61.921852
2011-01-28 10:00:00,58.03281
2011-01-28 11:00:00,54.735104
2011-01-28 12:00:00,54.735104
2011-01-28 13:00:00,54.735104
2011-01-28 14:00:00,85.988945
2011-01-28 15:00:00,72.79488
2011-01-28 16:00:00,71.855316
2011-01-28 17:00:00,79.1402
2011-01-28 18:00:00,73.92897
2011-01-28 19:00:00,78.78813
2011-01-28 20:00:00,71.137665
2011-01-28 21:00:00,73.066956
2011-01-28 22:00:00,63.01152
2011-01-28 23:00:00,82.99931
2011-01-29 00:00:00,58.336193
2011-01-29 01:00:00,38.12959
2011-01-29 02:00:00,38.601772
2011-01-29 03:00:00,37.925518
2011-01-29 04:00:00,31.858938
2011-01-29 06:00:00,33.047085
2011-01-29 07:00:00,34.814625
2011-01-29 08:00:00,35.37762
2011-01-29 09:00:00,37.95788
2011-01-29 10:00:00,36.401028
2011-01-29 11:00:00,33.592285
2011-01-29 12:00:00,45.30472
2011-01-29 13:00:00,37.455376
2011-01-29 14:00:00,38.876545
2011-01-29 15:00:00,56.10869
2011-01-29 16:00:00,42.568897
2011-01-29 17:00:00,59.46887
2011-01-29 18:00:00,39.67145
2011-01-29 19:00:00,55.864433
2011-01-29 20:00:00,34.695625
2011-01-29 21:00:00,34.695625
2011-01-29 22:00:00,28.296535
2011-01-29 23:00:00,28.296535
2011-01-30 00:00:00,26.847889
2011-01-30 01:00:00,30.08046
2011-01-30 02:00:00,32.01733
2011-01-30 03:00:00,25.086145
2011-01-30 04:00:00,25.086145
2011-01-30 05:00:00,28.260307
2011-01-30 07:00:00,28.260307
2011-01-30 08:00:00,28.352057
2011-01-30 09:00:00,33.93962
2011-01-30 10:00:00,37.105835
2011-01-30 11:00:00,37.986286
2011-01-30 12:00:00,83.25374
2011-01-30 13:00:00,71.49726
2011-01-30 14:00:00,76.775894
2011-01-30 15:00:00,77.3433
2011-01-30 16:00:00,77.3433
2011-01-30 17:00:00,76.17493
2011-01-30 18:00:00,43.91453
2011-01-30 19:00:00,43.31435
2011-01-30 20:00:00,59.07432
2011-01-30 21:00:00,38.39783
2011-01-30 22:00:00,38.400097
2011-01-30 23:00:00,58.36999
2011-01-31 00:00:00,70.30397
2011-01-31 01:00:00,66.86317
2011-01-31 02:00:00,81.8959
2011-01-31 03:00:00,81.8959
2011-01-31 04:00:00,73.36923
2011-01-31 05:00:00,55.10601
2011-01-31 06:00:00,73.43146
2011-01-31 07:00:00,57.11935
2011-01-31 08:00:00,58.02428
2011-01-31 09:00:00,62.44157
2011-01-31 10:00:00,55.42336
2011-01-31 11:00:00,55.42336
2011-01-31 12:00:00,71.30133
2011-01-31 13:00:00,70.2755
2011-01-31 14:00:00,73.055214
2011-01-31 15:00:00,69.05007
2011-01-31 16:00:00,61.916912
2011-01-31 17:00:00,55.42336
2011-01-31 18:00:00,50.491066
2011-01-31 19:00:00,103.8212
2011-01-31 20:00:00,56.128227
2011-01-31 21:00:00,69.41461
2011-01-31 22:00:00,71.75426
2011-01-31 23:00:00,74.78146
2011-02-20 00:00:00,99.81959
2011-02-20 01:00:00,80.55722
2011-02-20 02:00:00,138.235
2011-02-20 03:00:00,161.31953
2011-02-20 04:00:00,161.31953
2011-02-20 06:00:00,67.241516
2011-02-20 07:00:00,59.052395
2011-02-20 08:00:00,47.69581
2011-02-20 09:00:00,58.115612
2011-02-20 10:00:00,83.03587
2011-02-20 11:00:00,131.55867
2011-02-20 12:00:00,173.24883
2011-02-20 13:00:00,221.36037
2011-02-20 14:00:00,240.29411
2011-02-20 15:00:00,252.62064
2011-02-20 16:00:00,235.17676
2011-02-20 17:00:00,201.74173
2011-02-20 18:00:00,162.32808
2011-02-20 19:00:00,162.32808
2011-02-20 20:00:00,203.81345
2011-02-20 21:00:00,114.30497
2011-02-20 22:00:00,74.548965
2011-02-20 23:00:00,60.96375
2011-02-21 00:00:00,95.25819
2011-02-21 01:00:00,95.25819
2011-02-21 02:00:00,95.25819
2011-02-21 03:00:00,97.449875
2011-02-21 04:00:00,120.00708
2011-02-21 05:00:00,142.62761
2011-02-21 06:00:00,201.12642
2011-02-21 07:00:00,205.97589
2011-02-21 08:00:00,106.25519
2011-02-21 09:00:00,95.812775
2011-02-21 10:00:00,82.651
2011-02-21 11:00:00,75.83085
2011-02-21 12:00:00,55.363823
2011-02-21 13:00:00,54.450573
2011-02-21 14:00:00,61.678295
2011-02-21 15:00:00,90.56532
2011-02-21 16:00:00,38.84104
2011-02-21 17:00:00,52.304165
2011-02-21 18:00:00,43.876892
2011-02-21 19:00:00,43.876892
2011-02-21 20:00:00,34.676243
2011-02-21 21:00:00,31.111921
2011-02-21 22:00:00,26.916561
2011-02-21 23:00:00,26.916561
2011-02-22 06:00:00,58.904156
2011-02-22 07:00:00,58.904156
2011-02-22 08:00:00,50.95805
2011-02-22 09:00:00,49.014645
2011-02-22 10:00:00,64.83931
2011-02-22 11:00:00,71.00235
2011-02-22 12:00:00,76.96004
2011-02-22 13:00:00,78.38797
2011-02-22 14:00:00,82.223785
2011-02-22 15:00:00,86.41368
2011-02-22 16:00:00,74.90297
2011-02-22 17:00:00,85.554565
2011-02-22 18:00:00,67.45622
2011-02-22 19:00:00,76.66365
2011-02-22 20:00:00,84.78784
2011-02-22 21:00:00,83.50689
2011-02-22 22:00:00,72.44057
2011-02-22 23:00:00,72.44057
2011-02-23 00:00:00,76.19505
2011-02-23 01:00:00,73.41254
2011-02-23 02:00:00,70.05752
2011-02-23 03:00:00,74.06055
2011-02-23 05:00:00,66.376236
2011-02-23 06:00:00,66.376236
2011-02-23 07:00:00,70.69234
2011-02-23 08:00:00,70.16615
2011-02-23 09:00:00,66.70792
2011-02-23 10:00:00,71.01163
2011-02-23 11:00:00,86.45933
2011-02-23 12:00:00,143.75745
2011-02-23 13:00:00,173.7778
2011-02-23 14:00:00,186.6568
2011-02-23 15:00:00,198.12877
2011-02-23 16:00:00,190.25781
2011-02-23 17:00:00,198.12877
2011-02-23 18:00:00,187.62689
2011-02-23 19:00:00,155.28992
2011-02-23 20:00:00,83.313774
2011-02-23 21:00:00,85.057526
2011-02-23 22:00:00,85.057526
2011-02-23 23:00:00,83.92057
2011-02-24 00:00:00,83.92057
2011-02-24 01:00:00,85.23199
2011-02-24 02:00:00,78.67203
2011-02-24 03:00:00,81.03196
2011-02-24 05:00:00,78.28143
2011-02-24 06:00:00,68.56908
2011-02-24 07:00:00,66.91313
2011-02-24 08:00:00,73.73364
2011-02-24 09:00:00,57.19088
2011-02-24 10:00:00,59.14871
2011-02-24 11:00:00,100.58542
2011-02-24 12:00:00,133.61462
2011-02-24 13:00:00,143.30016
2011-02-24 14:00:00,157.11923
2011-02-24 15:00:00,140.61417
2011-02-24 16:00:00,124.54276
2011-02-24 17:00:00,112.12428
2011-02-24 18:00:00,67.332466
2011-02-24 19:00:00,63.786983
2011-02-24 20:00:00,66.50448
2011-02-24 21:00:00,67.332466
2011-02-24 22:00:00,67.01071
2011-02-24 23:00:00,73.72723
2011-02-25 00:00:00,101.33894
2011-02-25 01:00:00,85.25112
2011-02-25 02:00:00,85.25112
2011-02-25 03:00:00,91.502975
2011-02-25 05:00:00,91.502975
2011-02-25 06:00:00,109.65019
2011-02-25 07:00:00,86.03952
2011-02-25 08:00:00,112.20281
2011-02-25 09:00:00,65.4322
2011-02-25 10:00:00,84.574265
2011-02-25 11:00:00,194.84311
2011-02-25 12:00:00,192.83061
2011-02-25 13:00:00,192.83061
2011-02-25 14:00:00,191.33499
2011-02-25 15:00:00,110.18086
2011-02-25 16:00:00,132.35138
2011-02-25 17:00:00,125.84044
2011-02-25 18:00:00,130.0468
2011-02-25 19:00:00,117.68316
2011-02-25 20:00:00,108.422516
2011-02-25 21:00:00,116.44122
2011-02-25 22:00:00,89.40214
2011-02-25 23:00:00,104.1994
2011-02-26 00:00:00,49.71633
2011-02-26 01:00:00,63.23122
2011-02-26 02:00:00,60.840527
2011-02-26 03:00:00,45.71147
2011-02-26 04:00:00,50.30698
2011-02-26 05:00:00,41.70454
2011-02-26 06:00:00,52.245373
2011-02-26 07:00:00,52.39193
2011-02-26 08:00:00,70.27858
2011-02-26 09:00:00,47.274555
2011-02-26 10:00:00,89.02907
2011-02-26 11:00:00,98.285446
2011-02-26 12:00:00,108.283035
2011-02-26 13:00:00,125.589005
2011-02-26 14:00:00,121.11937
2011-02-26 15:00:00,135.4565
2011-02-26 16:00:00,148.27924
2011-02-26 17:00:00,160.35571
2011-02-26 18:00:00,132.29692
2011-02-26 19:00:00,116.38603
2011-02-26 20:00:00,83.42504
2011-02-26 21:00:00,49.113926
2011-02-26 22:00:00,41.117973
2011-02-26 23:00:00,60.617268
2011-02-27 00:00:00,56.681324
2011-02-27 01:00:00,39.172245
2011-02-27 02:00:00,43.37234
2011-02-27 03:00:00,44.813198
2011-02-27 04:00:00,39.941563
2011-02-27 06:00:00,37.59897
2011-02-27 07:00:00,39.941563
2011-02-27 08:00:00,39.157475
2011-02-27 09:00:00,45.90771
2011-02-27 10:00:00,47.831127
2011-02-27 11:00:00,94.03988
2011-02-27 12:00:00,117.86383
2011-02-27 13:00:00,149.1472
2011-02-27 14:00:00,189.90192
2011-02-27 15:00:00,256.69302
2011-02-27 16:00:00,284.51907
2011-02-27 17:00:00,169.37003
2011-02-27 18:00:00,154.24866
2011-02-27 19:00:00,131.51328
2011-02-27 20:00:00,117.86383
2011-02-27 21:00:00,117.15236
2011-02-27 22:00:00,113.9332
2011-02-27 23:00:00,100.92386
2011-02-28 00:00:00,125.16826
2011-02-28 01:00:00,64.7419
2011-02-28 03:00:00,79.280655
2011-02-28 05:00:00,106.07553
2011-02-28 06:00:00,97.87996
2011-02-28 07:00:00,123.007965
2011-02-28 08:00:00,69.23836
2011-02-28 09:00:00,136.3149
2011-02-28 10:00:00,196.12936
2011-02-28 11:00:00,233.90613
2011-02-28 12:00:00,233.90613
2011-02-28 13:00:00,151.75772
2011-02-28 14:00:00,86.349045
2011-02-28 15:00:00,86.349045
2011-02-28 16:00:00,157.64113
2011-02-28 17:00:00,82.61606
2011-02-28 18:00:00,160.20139
2011-02-28 19:00:00,121.44437
2011-02-28 20:00:00,121.44437
2011-02-28 21:00:00,78.01306
2011-02-28 22:00:00,81.25191
2011-02-28 23:00:00,67.85791
2011-03-20 00:00:00,119.39511
2011-03-20 01:00:00,96.89154
2011-03-20 02:00:00,95.19449
2011-03-20 03:00:00,64.390854
2011-03-20 04:00:00,55.310688
2011-03-20 05:00:00,47.136444
2011-03-20 06:00:00,47.600994
2011-03-20 07:00:00,43.85271
2011-03-20 08:00:00,62.903507
2011-03-20 09:00:00,84.4102
2011-03-20 10:00:00,165.91331
2011-03-20 11:00:00,163.80234
2011-03-20 12:00:00,174.80759
2011-03-20 13:00:00,228.95467
2011-03-20 14:00:00,285.54648
2011-03-20 15:00:00,252.43867
2011-03-20 16:00:00,283.0736
2011-03-20 17:00:00,215.52856
2011-03-20 18:00:00,176.53336
2011-03-20 19:00:00,153.05666
2011-03-20 20:00:00,148.27924
2011-03-20 21:00:00,103.45622
2011-03-20 22:00:00,90.92412
2011-03-20 23:00:00,89.7057
2011-03-21 00:00:00,64.64726
2011-03-21 01:00:00,83.43797
2011-03-21 02:00:00,97.06808
2011-03-21 03:00:00,97.06808
2011-03-21 05:00:00,86.40985
2011-03-21 06:00:00,67.40291
2011-03-21 07:00:00,73.0782
2011-03-21 08:00:00,85.26104
2011-03-21 09:00:00,63.055916
2011-03-21 10:00:00,97.732895
2011-03-21 11:00:00,112.06868
2011-03-21 12:00:00,105.90097
2011-03-21 13:00:00,154.0751
2011-03-21 14:00:00,175.28204
2011-03-21 15:00:00,211.41443
2011-03-21 16:00:00,169.55357
2011-03-21 17:00:00,171.33961
2011-03-21 18:00:00,142.38367
2011-03-21 19:00:00,224.60904
2011-03-21 20:00:00,189.27997
2011-03-21 21:00:00,97.81314
2011-03-21 22:00:00,98.64263
2011-03-21 23:00:00,98.11748
2011-03-22 00:00:00,95.67659
2011-03-22 01:00:00,93.62224
2011-03-22 02:00:00,96.88783
2011-03-22 03:00:00,95.009605
2011-03-22 04:00:00,93.72058
2011-03-22 05:00:00,94.75342
2011-03-22 06:00:00,81.65535
2011-03-22 07:00:00,90.72753
2011-03-22 08:00:00,117.372574
2011-03-22 09:00:00,131.58328
2011-03-22 10:00:00,135.73987
2011-03-22 11:00:00,160.97089
2011-03-22 12:00:00,179.88057
2011-03-22 13:00:00,221.33725
2011-03-22 14:00:00,208.00858
2011-03-22 15:00:00,227.081
2011-03-22 16:00:00,208.51422
2011-03-22 17:00:00,208.51422
2011-03-22 18:00:00,191.26631
2011-03-22 19:00:00,126.314354
2011-03-22 20:00:00,153.94482
2011-03-22 21:00:00,123.90454
2011-03-22 22:00:00,106.45415
2011-03-22 23:00:00,106.45415
2011-03-23 00:00:00,74.46376
2011-03-23 01:00:00,68.76821
2011-03-23 02:00:00,68.76821
2011-03-23 03:00:00,82.30153
2011-03-23 05:00:00,66.08237
2011-03-23 06:00:00,64.44644
2011-03-23 07:00:00,60.584793
2011-03-23 08:00:00,70.88248
2011-03-23 09:00:00,73.8813
2011-03-23 10:00:00,73.06763
2011-03-23 11:00:00,73.187614
2011-03-23 12:00:00,68.88471
2011-03-23 13:00:00,77.375
2011-03-23 14:00:00,83.87341
2011-03-23 15:00:00,81.52435
2011-03-23 16:00:00,87.80295
2011-03-23 17:00:00,87.80295
2011-03-23 18:00:00,80.324265
2011-03-23 19:00:00,80.324265
2011-03-23 20:00:00,88.29198
2011-03-23 21:00:00,76.92346
2011-03-23 22:00:00,70.81508
2011-03-23 23:00:00,71.348145
2011-03-24 00:00:00,60.584793
2011-03-24 01:00:00,54.157276
2011-03-24 02:00:00,51.515194
2011-03-24 03:00:00,52.82226
2011-03-24 04:00:00,52.82226
2011-03-24 05:00:00,55.184673
2011-03-24 06:00:00,55.184673
2011-03-24 07:00:00,46.29526
2011-03-24 08:00:00,51.568848
2011-03-24 09:00:00,57.02679
2011-03-24 10:00:00,66.561584
2011-03-24 11:00:00,65.3586
2011-03-24 12:00:00,80.83264
2011-03-24 13:00:00,87.085594
2011-03-24 14:00:00,65.93945
2011-03-24 15:00:00,90.68895
2011-03-24 16:00:00,92.93474
2011-03-24 17:00:00,90.42414
2011-03-24 18:00:00,117.92644
2011-03-24 19:00:00,132.28842
2011-03-24 20:00:00,134.6841
2011-03-24 21:00:00,113.54181
2011-03-24 22:00:00,88.33141
2011-03-24 23:00:00,112.58615
2011-03-25 00:00:00,111.21936
2011-03-25 01:00:00,110.63278
2011-03-25 02:00:00,108.52472
2011-03-25 03:00:00,84.56451
2011-03-25 04:00:00,82.56616
2011-03-25 05:00:00,100.171364
2011-03-25 06:00:00,89.01489
2011-03-25 07:00:00,52.987103
2011-03-25 08:00:00,133.46866
2011-03-25 09:00:00,139.7825
2011-03-25 10:00:00,63.45291
2011-03-25 11:00:00,141.93335
2011-03-25 12:00:00,136.85345
2011-03-25 13:00:00,124.43404
2011-03-25 14:00:00,205.2269
2011-03-25 15:00:00,134.07826
2011-03-25 16:00:00,162.45477
2011-03-25 17:00:00,147.51495
2011-03-25 18:00:00,139.6413
2011-03-25 19:00:00,137.54633
2011-03-25 20:00:00,152.9921
2011-03-25 21:00:00,127.77633
2011-03-25 22:00:00,130.38309
2011-03-25 23:00:00,125.1679
2011-03-26 00:00:00,130.8091
2011-03-26 01:00:00,155.41327
2011-03-26 02:00:00,124.606384
2011-03-26 03:00:00,121.461044
2011-03-26 04:00:00,124.60637
2011-03-26 05:00:00,95.66004
2011-03-26 06:00:00,52.798183
2011-03-26 07:00:00,95.660095
2011-03-26 08:00:00,116.78027
2011-03-26 09:00:00,121.403305
2011-03-26 10:00:00,130.578
2011-03-26 11:00:00,144.19594
2011-03-26 12:00:00,163.26038
2011-03-26 13:00:00,188.97574
2011-03-26 14:00:00,234.83171
2011-03-26 15:00:00,244.38972
2011-03-26 16:00:00,328.16068
2011-03-26 17:00:00,275.80673
2011-03-26 18:00:00,296.42007
2011-03-26 19:00:00,114.33894
2011-03-26 20:00:00,114.33894
2011-03-26 21:00:00,120.21232
2011-03-26 22:00:00,120.98302
2011-03-26 23:00:00,112.82808
2011-03-27 00:00:00,127.04788
2011-03-27 01:00:00,99.679855
2011-03-27 02:00:00,55.135654
2011-03-27 03:00:00,54.802105
2011-03-27 04:00:00,41.377884
2011-03-27 06:00:00,30.414103
2011-03-27 07:00:00,36.93491
2011-03-27 08:00:00,59.815384
2011-03-27 09:00:00,106.49244
2011-03-27 10:00:00,47.309288
2011-03-27 11:00:00,106.2775
2011-03-27 12:00:00,116.54549
2011-03-27 13:00:00,157.17694
2011-03-27 14:00:00,175.22862
2011-03-27 15:00:00,181.59378
2011-03-27 16:00:00,255.11917
2011-03-27 17:00:00,215.5287
2011-03-27 18:00:00,176.54994
2011-03-27 19:00:00,193.40677
2011-03-27 20:00:00,156.75116
2011-03-27 21:00:00,130.578
2011-03-27 22:00:00,130.578
2011-03-27 23:00:00,132.92354
2011-03-28 00:00:00,114.51091
2011-03-28 01:00:00,129.07996
2011-03-28 02:00:00,117.599365
2011-03-28 03:00:00,117.599365
2011-03-28 05:00:00,136.52808
2011-03-28 06:00:00,138.79727
2011-03-28 07:00:00,150.36833
2011-03-28 08:00:00,142.79227
2011-03-28 09:00:00,128.48584
2011-03-28 10:00:00,146.09814
2011-03-28 11:00:00,149.87666
2011-03-28 12:00:00,209.42831
2011-03-28 13:00:00,191.53629
2011-03-28 14:00:00,232.01657
2011-03-28 15:00:00,239.63156
2011-03-28 16:00:00,235.35034
2011-03-28 17:00:00,258.07074
2011-03-28 18:00:00,260.3967
2011-03-28 19:00:00,225.11502
2011-03-28 20:00:00,233.64929
2011-03-28 21:00:00,245.82089
2011-03-28 22:00:00,221.97693
2011-03-28 23:00:00,220.17184
2011-03-29 00:00:00,185.42563
2011-03-29 01:00:00,164.35495
2011-03-29 02:00:00,164.35495
2011-03-29 03:00:00,164.35495
2011-03-29 04:00:00,120.28888
2011-03-29 05:00:00,141.899
2011-03-29 06:00:00,135.67209
2011-03-29 07:00:00,130.84068
2011-03-29 08:00:00,154.85194
2011-03-29 09:00:00,199.96626
2011-03-29 10:00:00,229.48471
2011-03-29 11:00:00,202.36876
2011-03-29 12:00:00,221.24442
2011-03-29 13:00:00,243.35631
2011-03-29 14:00:00,239.12756
2011-03-29 15:00:00,269.3528
2011-03-29 16:00:00,293.99503
2011-03-29 17:00:00,303.0394
2011-03-29 18:00:00,249.74118
2011-03-29 19:00:00,245.08026
2011-03-29 20:00:00,249.74118
2011-03-29 21:00:00,154.7944
2011-03-29 22:00:00,81.12506
2011-03-29 23:00:00,70.96838
2011-03-30 00:00:00,72.13902
2011-03-30 01:00:00,172.74802
2011-03-30 02:00:00,72.13902
2011-03-30 03:00:00,93.77374
2011-03-30 04:00:00,72.13902
2011-03-30 05:00:00,95.88001
2011-03-30 06:00:00,107.035706
2011-03-30 07:00:00,158.56888
2011-03-30 08:00:00,103.93892
2011-03-30 09:00:00,117.38993
2011-03-30 10:00:00,112.445656
2011-03-30 11:00:00,120.82884
2011-03-30 12:00:00,114.93249
2011-03-30 13:00:00,103.20218
2011-03-30 14:00:00,131.28436
2011-03-30 15:00:00,52.72436
2011-03-30 16:00:00,49.424343
2011-03-30 17:00:00,62.927265
2011-03-30 18:00:00,57.02679
2011-03-30 19:00:00,57.02679
2011-03-30 20:00:00,59.041492
2011-03-30 21:00:00,61.378986
2011-03-30 22:00:00,47.111042
2011-03-30 23:00:00,54.234997
2011-03-31 00:00:00,47.111042
2011-03-31 01:00:00,43.438694
2011-03-31 02:00:00,43.438694
2011-03-31 03:00:00,47.111042
2011-03-31 04:00:00,51.521107
2011-03-31 05:00:00,47.111042
2011-03-31 06:00:00,59.041492
2011-03-31 07:00:00,51.521107
2011-03-31 08:00:00,57.818333
2011-03-31 09:00:00,50.85272
2011-03-31 10:00:00,50.85272
2011-03-31 11:00:00,50.98353
2011-03-31 12:00:00,50.98353
2011-03-31 13:00:00,71.60605
2011-03-31 14:00:00,71.60605
2011-03-31 15:00:00,48.230553
2011-03-31 16:00:00,57.971233
2011-03-31 17:00:00,57.971233
2011-03-31 18:00:00,69.07486
2011-03-31 19:00:00,69.07486
2011-03-31 20:00:00,48.85151
2011-03-31 21:00:00,63.244137
2011-03-31 22:00:00,46.865204
2011-03-31 23:00:00,47.33528
2011-04-20 00:00:00,91.927505
2011-04-20 01:00:00,91.938095
2011-04-20 02:00:00,91.938095
2011-04-20 03:00:00,80.0489
2011-04-20 04:00:00,86.8255
2011-04-20 05:00:00,78.92308
2011-04-20 06:00:00,91.938095
2011-04-20 07:00:00,84.19902
2011-04-20 08:00:00,238.19254
2011-04-20 09:00:00,300.01022
2011-04-20 10:00:00,168.52191
2011-04-20 11:00:00,168.52191
2011-04-20 12:00:00,327.33444
2011-04-20 13:00:00,327.33444
2011-04-20 14:00:00,365.5146
2011-04-20 15:00:00,396.9744
2011-04-20 16:00:00,396.9744
2011-04-20 17:00:00,377.47842
2011-04-20 18:00:00,357.89597
2011-04-20 19:00:00,302.08505
2011-04-20 20:00:00,328.61105
2011-04-20 21:00:00,328.18753
2011-04-20 22:00:00,301.69254
2011-04-20 23:00:00,282.29193
2011-04-21 00:00:00,241.38596
2011-04-21 01:00:00,237.79715
2011-04-21 02:00:00,222.9425
2011-04-21 03:00:00,159.4621
2011-04-21 04:00:00,153.57806
2011-04-21 05:00:00,141.62338
2011-04-21 06:00:00,126.49452
2011-04-21 07:00:00,151.34442
2011-04-21 08:00:00,136.51926
2011-04-21 09:00:00,134.50836
2011-04-21 10:00:00,176.225
2011-04-21 11:00:00,171.96115
2011-04-21 12:00:00,222.51886
2011-04-21 13:00:00,270.73813
2011-04-21 14:00:00,288.19064
2011-04-21 15:00:00,330.7548
2011-04-21 16:00:00,328.9541
2011-04-21 17:00:00,311.88156
2011-04-21 18:00:00,347.65768
2011-04-21 19:00:00,302.98358
2011-04-21 20:00:00,257.81876
2011-04-21 21:00:00,165.06323
2011-04-21 22:00:00,178.43207
2011-04-21 23:00:00,171.5877
2011-04-22 00:00:00,80.08051
2011-04-22 01:00:00,118.18358
2011-04-22 02:00:00,137.0466
2011-04-22 03:00:00,137.0466
2011-04-22 04:00:00,134.51309
2011-04-22 05:00:00,110.69691
2011-04-22 06:00:00,134.5131
2011-04-22 07:00:00,123.39821
2011-04-22 08:00:00,117.57279
2011-04-22 09:00:00,101.33591
2011-04-22 10:00:00,79.58603
2011-04-22 11:00:00,69.92277
2011-04-22 12:00:00,76.35862
2011-04-22 13:00:00,70.06004
2011-04-22 14:00:00,58.762623
2011-04-22 15:00:00,70.06004
2011-04-22 16:00:00,77.375015
2011-04-22 17:00:00,55.258213
2011-04-22 18:00:00,55.258213
2011-04-22 19:00:00,55.258213
2011-04-22 20:00:00,59.889584
2011-04-22 21:00:00,64.49284
2011-04-22 22:00:00,66.46728
2011-04-22 23:00:00,74.479675
2011-04-23 00:00:00,31.067356
2011-04-23 01:00:00,31.067356
2011-04-23 02:00:00,33.004135
2011-04-23 03:00:00,33.689594
2011-04-23 04:00:00,44.487507
2011-04-23 05:00:00,44.487507
2011-04-23 06:00:00,35.35797
2011-04-23 07:00:00,35.02078
2011-04-23 08:00:00,32.96229
2011-04-23 09:00:00,42.983723
2011-04-23 10:00:00,53.863087
2011-04-23 11:00:00,77.80379
2011-04-23 12:00:00,141.5701
2011-04-23 13:00:00,138.62434
2011-04-23 14:00:00,175.68617
2011-04-23 15:00:00,216.4654
2011-04-23 16:00:00,199.29416
2011-04-23 17:00:00,211.04314
2011-04-23 18:00:00,118.49655
2011-04-23 19:00:00,132.64545
2011-04-23 20:00:00,113.099724
2011-04-23 21:00:00,133.48589
2011-04-23 22:00:00,145.93707
2011-04-23 23:00:00,103.8362
2011-04-24 00:00:00,99.34576
2011-04-24 01:00:00,87.72061
2011-04-24 02:00:00,87.72061
2011-04-24 03:00:00,77.72644
2011-04-24 04:00:00,77.72644
2011-04-24 05:00:00,77.72644
2011-04-24 06:00:00,78.30545
2011-04-24 07:00:00,78.30545
2011-04-24 08:00:00,88.861465
2011-04-24 09:00:00,113.97445
2011-04-24 10:00:00,116.34267
2011-04-24 11:00:00,219.89732
2011-04-24 12:00:00,302.18774
2011-04-24 13:00:00,353.08325
2011-04-24 14:00:00,332.16122
2011-04-24 15:00:00,314.59485
2011-04-24 16:00:00,379.62903
2011-04-24 17:00:00,288.83762
2011-04-24 18:00:00,181.93463
2011-04-24 19:00:00,151.48112
2011-04-24 20:00:00,151.48112
2011-04-24 21:00:00,113.01251
2011-04-24 22:00:00,113.74512
2011-04-24 23:00:00,121.22707
2011-04-25 00:00:00,126.85993
2011-04-25 01:00:00,120.0782
2011-04-25 02:00:00,120.0782
2011-04-25 03:00:00,124.06384
2011-04-25 04:00:00,115.28511
2011-04-25 05:00:00,100.014755
2011-04-25 06:00:00,110.14104
2011-04-25 07:00:00,129.19504
2011-04-25 08:00:00,110.43474
2011-04-25 09:00:00,127.59906
2011-04-25 10:00:00,219.65654
2011-04-25 11:00:00,219.65654
2011-04-25 12:00:00,242.2016
2011-04-25 13:00:00,324.27945
2011-04-25 14:00:00,357.9486
2011-04-25 15:00:00,360.6887
2011-04-25 16:00:00,318.4758
2011-04-25 17:00:00,340.6169
2011-04-25 18:00:00,300.28647
2011-04-25 19:00:00,292.59854
2011-04-25 20:00:00,300.01022
2011-04-25 21:00:00,246.15573
2011-04-25 22:00:00,203.71677
2011-04-25 23:00:00,168.29703
2011-04-26 00:00:00,246.51704
2011-04-26 01:00:00,214.30324
2011-04-26 02:00:00,156.79872
2011-04-26 03:00:00,137.27684
2011-04-26 04:00:00,148.47934
2011-04-26 05:00:00,131.94608
2011-04-26 06:00:00,131.22375
2011-04-26 07:00:00,164.1376
2011-04-26 08:00:00,164.13762
2011-04-26 09:00:00,234.2584
2011-04-26 10:00:00,272.07538
2011-04-26 11:00:00,290.23758
2011-04-26 12:00:00,301.64706
2011-04-26 13:00:00,340.76132
2011-04-26 14:00:00,336.1309
2011-04-26 15:00:00,309.2938
2011-04-26 16:00:00,307.15915
2011-04-26 17:00:00,296.14203
2011-04-26 18:00:00,282.59488
2011-04-26 19:00:00,236.12215
2011-04-26 20:00:00,234.2584
2011-04-26 21:00:00,193.41736
2011-04-26 22:00:00,155.79843
2011-04-26 23:00:00,161.73917
2011-04-27 00:00:00,157.09084
2011-04-27 01:00:00,165.30673
2011-04-27 02:00:00,149.13512
2011-04-27 03:00:00,153.93652
2011-04-27 04:00:00,122.504005
2011-04-27 05:00:00,132.5669
2011-04-27 06:00:00,130.90366
2011-04-27 07:00:00,153.93652
2011-04-27 08:00:00,158.51212
2011-04-27 09:00:00,168.16211
2011-04-27 10:00:00,178.60184
2011-04-27 11:00:00,198.39294
2011-04-27 12:00:00,225.6248
2011-04-27 13:00:00,207.55063
2011-04-27 14:00:00,269.7255
2011-04-27 15:00:00,287.91534
2011-04-27 16:00:00,297.64908
2011-04-27 17:00:00,195.85736
2011-04-27 18:00:00,195.85736
2011-04-27 19:00:00,193.41736
2011-04-27 20:00:00,194.36862
2011-04-27 21:00:00,169.26917
2011-04-27 22:00:00,172.90811
2011-04-27 23:00:00,171.5849
2011-04-28 00:00:00,213.76643
2011-04-28 01:00:00,181.01283
2011-04-28 02:00:00,192.58673
2011-04-28 03:00:00,205.96513
2011-04-28 04:00:00,183.27731
2011-04-28 05:00:00,181.01283
2011-04-28 06:00:00,214.43826
2011-04-28 07:00:00,210.47916
2011-04-28 08:00:00,222.60112
2011-04-28 09:00:00,168.99313
2011-04-28 10:00:00,167.92203
2011-04-28 11:00:00,178.60184
2011-04-28 12:00:00,188.74628
2011-04-28 13:00:00,180.19424
2011-04-28 14:00:00,182.422
2011-04-28 15:00:00,273.61472
2011-04-28 16:00:00,184.89915
2011-04-28 17:00:00,293.1545
2011-04-28 18:00:00,293.1545
2011-04-28 19:00:00,289.99802
2011-04-28 20:00:00,284.8295
2011-04-28 21:00:00,248.15495
2011-04-28 22:00:00,257.5637
2011-04-28 23:00:00,218.09747
2011-04-29 00:00:00,224.55708
2011-04-29 01:00:00,197.57283
2011-04-29 02:00:00,115.6601
2011-04-29 03:00:00,137.47122
2011-04-29 04:00:00,189.07578
2011-04-29 05:00:00,199.00468
2011-04-29 06:00:00,201.16228
2011-04-29 07:00:00,255.13986
2011-04-29 08:00:00,242.39938
2011-04-29 09:00:00,252.75635
2011-04-29 10:00:00,251.91806
2011-04-29 11:00:00,298.7286
2011-04-29 12:00:00,276.0319
2011-04-29 13:00:00,282.19995
2011-04-29 14:00:00,326.4455
2011-04-29 15:00:00,216.35568
2011-04-29 16:00:00,208.26138
2011-04-29 17:00:00,188.17914
2011-04-29 18:00:00,206.73082
2011-04-29 19:00:00,159.58481
2011-04-29 20:00:00,196.41669
2011-04-29 21:00:00,184.53027
2011-04-29 22:00:00,113.1279
2011-04-29 23:00:00,180.43948
2011-04-30 00:00:00,132.7558
2011-04-30 01:00:00,123.65349
2011-04-30 02:00:00,133.70639
2011-04-30 03:00:00,111.233765
2011-04-30 04:00:00,117.649155
2011-04-30 05:00:00,165.45569
2011-04-30 06:00:00,130.45642
2011-04-30 07:00:00,158.94684
2011-04-30 08:00:00,150.82477
2011-04-30 09:00:00,180.27736
2011-04-30 10:00:00,234.1218
2011-04-30 11:00:00,254.9578
2011-04-30 12:00:00,266.71854
2011-04-30 13:00:00,313.46176
2011-04-30 14:00:00,316.42776
2011-04-30 15:00:00,330.66714
2011-04-30 16:00:00,357.73608
2011-04-30 17:00:00,275.60715
2011-04-30 18:00:00,265.21472
2011-04-30 19:00:00,265.21472
2011-04-30 20:00:00,79.1323
2011-04-30 21:00:00,79.1323
2011-04-30 22:00:00,69.3887
2011-04-30 23:00:00,69.3887
2011-05-20 00:00:00,101.36984
2011-05-20 01:00:00,89.03172
2011-05-20 02:00:00,97.529465
2011-05-20 03:00:00,84.99761
2011-05-20 04:00:00,96.88783
2011-05-20 05:00:00,96.64456
2011-05-20 06:00:00,96.0516
2011-05-20 07:00:00,106.325516
2011-05-20 08:00:00,110.40251
2011-05-20 09:00:00,157.67361
2011-05-20 10:00:00,189.27997
2011-05-20 11:00:00,230.16562
2011-05-20 12:00:00,259.98688
2011-05-20 13:00:00,217.23996
2011-05-20 14:00:00,321.50052
2011-05-20 15:00:00,284.1456
2011-05-20 16:00:00,280.2963
2011-05-20 17:00:00,222.17963
2011-05-20 18:00:00,289.43622
2011-05-20 19:00:00,164.26215
2011-05-20 20:00:00,175.74496
2011-05-20 21:00:00,162.75482
2011-05-20 22:00:00,109.71179
2011-05-20 23:00:00,124.79607
2011-05-21 00:00:00,79.341324
2011-05-21 01:00:00,72.9929
2011-05-21 02:00:00,83.349625
2011-05-21 03:00:00,75.39991
2011-05-21 04:00:00,80.14859
2011-05-21 05:00:00,76.55921
2011-05-21 06:00:00,81.273506
2011-05-21 07:00:00,92.21629
2011-05-21 08:00:00,180.0968
2011-05-21 09:00:00,245.69235
2011-05-21 10:00:00,210.3599
2011-05-21 11:00:00,298.24347
2011-05-21 12:00:00,297.32297
2011-05-21 13:00:00,351.87296
2011-05-21 14:00:00,379.00937
2011-05-21 15:00:00,370.6248
2011-05-21 16:00:00,437.0186
2011-05-21 17:00:00,409.3965
2011-05-21 18:00:00,368.15872
2011-05-21 19:00:00,331.25204
2011-05-21 20:00:00,193.89911
2011-05-21 21:00:00,210.3599
2011-05-21 22:00:00,135.73517
2011-05-21 23:00:00,85.10514
2011-05-22 00:00:00,91.7608
2011-05-22 01:00:00,88.738754
2011-05-22 02:00:00,83.707275
2011-05-22 03:00:00,76.42323
2011-05-22 04:00:00,60.88805
2011-05-22 05:00:00,76.42323
2011-05-22 06:00:00,83.707275
2011-05-22 07:00:00,84.144684
2011-05-22 08:00:00,106.304596
2011-05-22 09:00:00,129.55083
2011-05-22 10:00:00,198.77135
2011-05-22 11:00:00,340.2183
2011-05-22 12:00:00,354.02054
2011-05-22 13:00:00,324.82916
2011-05-22 14:00:00,215.31038
2011-05-22 15:00:00,281.01547
2011-05-22 16:00:00,270.67624
2011-05-22 17:00:00,355.50394
2011-05-22 18:00:00,306.7709
2011-05-22 19:00:00,292.42465
2011-05-22 20:00:00,223.06003
2011-05-22 21:00:00,158.67778
2011-05-22 22:00:00,99.13846
2011-05-22 23:00:00,111.7356
2011-05-23 00:00:00,123.87564
2011-05-23 01:00:00,110.43474
2011-05-23 02:00:00,132.77199
2011-05-23 03:00:00,129.4655
2011-05-23 04:00:00,120.23532
2011-05-23 05:00:00,120.23532
2011-05-23 06:00:00,120.222
2011-05-23 07:00:00,129.36269
2011-05-23 08:00:00,133.74283
2011-05-23 09:00:00,143.94614
2011-05-23 10:00:00,247.21497
2011-05-23 11:00:00,284.6639
2011-05-23 12:00:00,284.6639
2011-05-23 13:00:00,299.96463
2011-05-23 14:00:00,269.82474
2011-05-23 15:00:00,283.30704
2011-05-23 16:00:00,312.98755
2011-05-23 17:00:00,255.18121
2011-05-23 18:00:00,297.9081
2011-05-23 19:00:00,283.53854
2011-05-23 20:00:00,170.31616
2011-05-23 21:00:00,159.2045
2011-05-23 22:00:00,138.0297
2011-05-23 23:00:00,152.76295
2011-05-24 00:00:00,130.9758
2011-05-24 01:00:00,129.0867
2011-05-24 02:00:00,130.9758
2011-05-24 03:00:00,132.85849
2011-05-24 04:00:00,113.43759
2011-05-24 05:00:00,140.83722
2011-05-24 06:00:00,131.69266
2011-05-24 07:00:00,197.18085
2011-05-24 08:00:00,169.44827
2011-05-24 09:00:00,220.71333
2011-05-24 10:00:00,316.42606
2011-05-24 11:00:00,360.6887
2011-05-24 12:00:00,347.589
2011-05-24 13:00:00,326.78976
2011-05-24 14:00:00,332.86978
2011-05-24 15:00:00,272.18225
2011-05-24 16:00:00,263.31577
2011-05-24 17:00:00,270.641
2011-05-24 18:00:00,288.42563
2011-05-24 19:00:00,215.61635
2011-05-24 20:00:00,156.7077
2011-05-24 21:00:00,135.13765
2011-05-24 22:00:00,158.25998
2011-05-24 23:00:00,241.72708
2011-05-25 00:00:00,159.5292
2011-05-25 01:00:00,147.70834
2011-05-25 02:00:00,125.57528
2011-05-25 03:00:00,115.26188
2011-05-25 04:00:00,118.378204
2011-05-25 05:00:00,111.55123
2011-05-25 06:00:00,116.78793
2011-05-25 07:00:00,167.35812
2011-05-25 08:00:00,254.92441
2011-05-25 09:00:00,231.20132
2011-05-25 10:00:00,257.60535
2011-05-25 11:00:00,277.91144
2011-05-25 12:00:00,316.55502
2011-05-25 13:00:00,316.55502
2011-05-25 14:00:00,334.76395
2011-05-25 15:00:00,368.91168
2011-05-25 16:00:00,364.23962
2011-05-25 17:00:00,360.6887
2011-05-25 18:00:00,352.68506
2011-05-25 19:00:00,291.85275
2011-05-25 20:00:00,307.1117
2011-05-25 21:00:00,222.03175
2011-05-25 22:00:00,278.98587
2011-05-25 23:00:00,177.35764
2011-05-26 00:00:00,177.35764
2011-05-26 01:00:00,177.35764
2011-05-26 02:00:00,126.12596
2011-05-26 03:00:00,113.94997
2011-05-26 04:00:00,117.63489
2011-05-26 05:00:00,131.6122
2011-05-26 06:00:00,134.76434
2011-05-26 07:00:00,149.49576
2011-05-26 08:00:00,181.99475
2011-05-26 09:00:00,295.2502
2011-05-26 10:00:00,297.9081
2011-05-26 11:00:00,348.87552
2011-05-26 12:00:00,385.89734
2011-05-26 13:00:00,352.7309
2011-05-26 14:00:00,352.7309
2011-05-26 15:00:00,350.1566
2011-05-26 16:00:00,353.18503
2011-05-26 17:00:00,329.00165
2011-05-26 18:00:00,342.76483
2011-05-26 19:00:00,345.9835
2011-05-26 20:00:00,323.9667
2011-05-26 21:00:00,271.94388
2011-05-26 22:00:00,278.92972
2011-05-26 23:00:00,310.17422
2011-05-27 00:00:00,297.6996
2011-05-27 01:00:00,332.13467
2011-05-27 02:00:00,324.47232
2011-05-27 03:00:00,217.41104
2011-05-27 04:00:00,206.01778
2011-05-27 05:00:00,277.09164
2011-05-27 06:00:00,171.70297
2011-05-27 07:00:00,192.80753
2011-05-27 08:00:00,246.79436
2011-05-27 09:00:00,323.38168
2011-05-27 10:00:00,328.4323
2011-05-27 11:00:00,323.74207
2011-05-27 12:00:00,350.5671
2011-05-27 13:00:00,347.4207
2011-05-27 14:00:00,380.32565
2011-05-27 15:00:00,345.9998
2011-05-27 16:00:00,323.33884
2011-05-27 17:00:00,334.12
2011-05-27 18:00:00,312.98755
2011-05-27 19:00:00,176.88179
2011-05-27 20:00:00,204.98749
2011-05-27 21:00:00,119.49807
2011-05-27 22:00:00,145.4986
2011-05-27 23:00:00,115.44847
2011-05-28 00:00:00,94.06393
2011-05-28 01:00:00,104.99234
2011-05-28 02:00:00,98.35251
2011-05-28 03:00:00,106.38231
2011-05-28 04:00:00,113.97445
2011-05-28 05:00:00,106.38231
2011-05-28 06:00:00,130.6094
2011-05-28 07:00:00,139.26157
2011-05-28 08:00:00,136.383
2011-05-28 09:00:00,208.32242
2011-05-28 10:00:00,312.6473
2011-05-28 11:00:00,312.6473
2011-05-28 12:00:00,365.08704
2011-05-28 13:00:00,354.73422
2011-05-28 14:00:00,361.5166
2011-05-28 15:00:00,364.33368
2011-05-28 16:00:00,384.00937
2011-05-28 17:00:00,371.614
2011-05-28 18:00:00,364.54184
2011-05-28 19:00:00,294.3671
2011-05-28 20:00:00,312.6473
2011-05-28 21:00:00,239.97107
2011-05-28 22:00:00,171.5033
2011-05-28 23:00:00,126.2517
2011-05-29 00:00:00,140.39795
2011-05-29 01:00:00,105.602234
2011-05-29 02:00:00,91.26807
2011-05-29 03:00:00,91.26807
2011-05-29 04:00:00,86.63997
2011-05-29 05:00:00,97.00876
2011-05-29 06:00:00,125.18943
2011-05-29 07:00:00,141.65334
2011-05-29 08:00:00,133.47668
2011-05-29 09:00:00,127.85469
2011-05-29 10:00:00,160.5085
2011-05-29 11:00:00,184.30211
2011-05-29 12:00:00,261.4258
2011-05-29 13:00:00,322.3065
2011-05-29 14:00:00,338.21506
2011-05-29 15:00:00,342.6636
2011-05-29 16:00:00,338.21506
2011-05-29 17:00:00,338.21506
2011-05-29 18:00:00,308.7679
2011-05-29 19:00:00,295.34048
2011-05-29 20:00:00,191.7897
2011-05-29 21:00:00,135.24698
2011-05-29 22:00:00,104.1658
2011-05-29 23:00:00,114.594666
2011-05-30 00:00:00,100.66835
2011-05-30 01:00:00,74.83452
2011-05-30 02:00:00,100.66835
2011-05-30 03:00:00,100.66835
2011-05-30 04:00:00,82.99022
2011-05-30 05:00:00,83.438995
2011-05-30 06:00:00,82.34205
2011-05-30 07:00:00,50.037663
2011-05-30 08:00:00,96.16409
2011-05-30 09:00:00,154.79712
2011-05-30 10:00:00,374.65903
2011-05-30 11:00:00,342.40378
2011-05-30 12:00:00,360.79868
2011-05-30 13:00:00,383.64426
2011-05-30 14:00:00,453.48288
2011-05-30 15:00:00,476.99435
2011-05-30 16:00:00,480.3697
2011-05-30 17:00:00,465.90817
2011-05-30 18:00:00,460.50946
2011-05-30 19:00:00,237.70058
2011-05-30 20:00:00,243.90247
2011-05-30 21:00:00,246.06204
2011-05-30 22:00:00,226.66135
2011-05-30 23:00:00,99.7539
2011-05-31 00:00:00,164.42564
2011-05-31 01:00:00,138.5242
2011-05-31 02:00:00,146.36139
2011-05-31 03:00:00,140.2352
2011-05-31 04:00:00,135.1692
2011-05-31 05:00:00,135.1692
2011-05-31 06:00:00,151.42697
2011-05-31 07:00:00,279.79184
2011-05-31 08:00:00,334.27646
2011-05-31 09:00:00,328.63693
2011-05-31 10:00:00,324.77383
2011-05-31 11:00:00,312.59445
2011-05-31 12:00:00,289.03476
2011-05-31 13:00:00,264.14426
2011-05-31 14:00:00,328.74185
2011-05-31 15:00:00,279.70248
2011-05-31 16:00:00,251.50925
2011-05-31 17:00:00,345.37445
2011-05-31 18:00:00,334.14835
2011-05-31 19:00:00,312.27493
2011-05-31 20:00:00,312.27493
2011-05-31 21:00:00,297.44125
2011-05-31 22:00:00,309.82864
2011-05-31 23:00:00,179.18423
2011-06-20 00:00:00,164.38058
2011-06-20 01:00:00,119.869934
2011-06-20 02:00:00,119.869934
2011-06-20 03:00:00,158.27739
2011-06-20 04:00:00,152.25757
2011-06-20 05:00:00,168.92807
2011-06-20 06:00:00,181.34555
2011-06-20 07:00:00,132.99796
2011-06-20 08:00:00,138.6369
2011-06-20 09:00:00,177.81229
2011-06-20 10:00:00,177.81229
2011-06-20 11:00:00,156.68047
2011-06-20 12:00:00,216.52704
2011-06-20 13:00:00,216.97394
2011-06-20 14:00:00,248.73389
2011-06-20 15:00:00,273.17862
2011-06-20 16:00:00,314.28793
2011-06-20 17:00:00,229.49031
2011-06-20 18:00:00,343.2123
2011-06-20 19:00:00,299.6985
2011-06-20 20:00:00,275.04642
2011-06-20 21:00:00,192.80754
2011-06-20 22:00:00,222.64883
2011-06-20 23:00:00,184.89915
2011-06-21 00:00:00,122.82346
2011-06-21 01:00:00,179.45132
2011-06-21 02:00:00,145.30939
2011-06-21 03:00:00,145.30939
2011-06-21 04:00:00,101.37994
2011-06-21 05:00:00,95.67934
2011-06-21 06:00:00,95.67934
2011-06-21 07:00:00,81.42477
2011-06-21 08:00:00,108.46096
2011-06-21 09:00:00,119.98113
2011-06-21 10:00:00,124.269135
2011-06-21 11:00:00,114.53374
2011-06-21 12:00:00,198.17058
2011-06-21 13:00:00,265.70605
2011-06-21 14:00:00,316.92865
2011-06-21 15:00:00,346.18674
2011-06-21 16:00:00,341.27274
2011-06-21 17:00:00,330.48685
2011-06-21 18:00:00,301.0871
2011-06-21 19:00:00,268.6594
2011-06-21 20:00:00,253.80193
2011-06-21 21:00:00,242.63826
2011-06-21 22:00:00,129.61108
2011-06-21 23:00:00,161.79523
2011-06-22 00:00:00,140.42685
2011-06-22 01:00:00,130.3248
2011-06-22 02:00:00,99.07083
2011-06-22 03:00:00,130.3248
2011-06-22 04:00:00,82.016556
2011-06-22 05:00:00,80.897125
2011-06-22 06:00:00,87.944855
2011-06-22 07:00:00,109.744774
2011-06-22 08:00:00,180.54837
2011-06-22 09:00:00,182.32758
2011-06-22 10:00:00,295.50116
2011-06-22 11:00:00,252.96405
2011-06-22 12:00:00,333.26276
2011-06-22 13:00:00,353.90945
2011-06-22 14:00:00,347.197
2011-06-22 15:00:00,355.78012
2011-06-22 16:00:00,345.8508
2011-06-22 17:00:00,308.05392
2011-06-22 18:00:00,345.98947
2011-06-22 19:00:00,335.0643
2011-06-22 20:00:00,216.23055
2011-06-22 21:00:00,197.55658
2011-06-22 22:00:00,229.33275
2011-06-22 23:00:00,229.89847
2011-06-23 00:00:00,210.00963
2011-06-23 01:00:00,259.72958
2011-06-23 02:00:00,259.72958
2011-06-23 03:00:00,235.48032
2011-06-23 04:00:00,194.59317
2011-06-23 05:00:00,226.55344
2011-06-23 06:00:00,226.55345
2011-06-23 07:00:00,222.99493
2011-06-23 08:00:00,260.18704
2011-06-23 09:00:00,232.90634
2011-06-23 10:00:00,257.16324
2011-06-23 11:00:00,286.89072
2011-06-23 12:00:00,305.08698
2011-06-23 13:00:00,308.0298
2011-06-23 14:00:00,297.56525
2011-06-23 15:00:00,299.0366
2011-06-23 16:00:00,276.57056
2011-06-23 17:00:00,235.73221
2011-06-23 18:00:00,254.23178
2011-06-23 19:00:00,259.2144
2011-06-23 20:00:00,230.5741
2011-06-23 21:00:00,215.08904
2011-06-23 22:00:00,234.01917
2011-06-23 23:00:00,237.1781
2011-06-24 00:00:00,149.32336
2011-06-24 01:00:00,155.72836
2011-06-24 02:00:00,155.72836
2011-06-24 03:00:00,114.53374
2011-06-24 04:00:00,97.0409
2011-06-24 05:00:00,81.78322
2011-06-24 06:00:00,107.92076
2011-06-24 07:00:00,139.5359
2011-06-24 08:00:00,230.5741
2011-06-24 09:00:00,249.24388
2011-06-24 10:00:00,366.5659
2011-06-24 11:00:00,398.4426
2011-06-24 12:00:00,377.6376
2011-06-24 13:00:00,374.88147
2011-06-24 14:00:00,367.5981
2011-06-24 15:00:00,410.98007
2011-06-24 16:00:00,434.82437
2011-06-24 17:00:00,392.27106
2011-06-24 18:00:00,404.353
2011-06-24 19:00:00,373.41098
2011-06-24 20:00:00,306.1265
2011-06-24 21:00:00,267.36765
2011-06-24 22:00:00,254.61916
2011-06-24 23:00:00,247.70518
2011-06-25 00:00:00,354.80453
2011-06-25 01:00:00,318.61667
2011-06-25 02:00:00,317.1122
2011-06-25 03:00:00,276.8642
2011-06-25 04:00:00,276.8642
2011-06-25 05:00:00,209.56723
2011-06-25 06:00:00,284.5897
2011-06-25 07:00:00,280.25888
2011-06-25 08:00:00,393.77582
2011-06-25 09:00:00,418.446
2011-06-25 10:00:00,390.7139
2011-06-25 11:00:00,464.15234
2011-06-25 12:00:00,463.8891
2011-06-25 13:00:00,463.8891
2011-06-25 14:00:00,438.62125
2011-06-25 15:00:00,427.81442
2011-06-25 16:00:00,451.21927
2011-06-25 17:00:00,433.892
2011-06-25 18:00:00,418.446
2011-06-25 19:00:00,410.59793
2011-06-25 20:00:00,364.63284
2011-06-25 21:00:00,317.61652
2011-06-25 22:00:00,368.6163
2011-06-25 23:00:00,313.27164
2011-06-26 00:00:00,316.45776
2011-06-26 01:00:00,270.3597
2011-06-26 02:00:00,239.37128
2011-06-26 03:00:00,167.78717
2011-06-26 04:00:00,161.07312
2011-06-26 05:00:00,215.85599
2011-06-26 06:00:00,215.85599
2011-06-26 07:00:00,239.73337
2011-06-26 08:00:00,242.52597
2011-06-26 09:00:00,246.9776
2011-06-26 10:00:00,324.86166
2011-06-26 11:00:00,377.80984
2011-06-26 12:00:00,446.79288
2011-06-26 13:00:00,482.5455
2011-06-26 14:00:00,439.1911
2011-06-26 15:00:00,482.5455
2011-06-26 16:00:00,430.1757
2011-06-26 17:00:00,467.89313
2011-06-26 18:00:00,434.74
2011-06-26 19:00:00,362.2487
2011-06-26 20:00:00,327.39703
2011-06-26 21:00:00,262.15378
2011-06-26 22:00:00,350.77402
2011-06-26 23:00:00,255.14258
2011-06-27 00:00:00,164.55696
2011-06-27 01:00:00,165.61607
2011-06-27 02:00:00,192.63826
2011-06-27 03:00:00,192.63826
2011-06-27 04:00:00,110.652054
2011-06-27 05:00:00,121.351845
2011-06-27 06:00:00,154.08215
2011-06-27 07:00:00,181.91788
2011-06-27 08:00:00,171.95691
2011-06-27 09:00:00,272.49524
2011-06-27 10:00:00,242.5448
2011-06-27 11:00:00,252.58377
2011-06-27 12:00:00,272.49524
2011-06-27 13:00:00,287.454
2011-06-27 14:00:00,212.56242
2011-06-27 15:00:00,269.19693
2011-06-27 16:00:00,236.63432
2011-06-27 17:00:00,258.86972
2011-06-27 18:00:00,228.81853
2011-06-27 19:00:00,283.09546
2011-06-27 20:00:00,199.18524
2011-06-27 21:00:00,180.77415
2011-06-27 22:00:00,151.12625
2011-06-27 23:00:00,151.12625
2011-06-28 00:00:00,177.30911
2011-06-28 01:00:00,116.66746
2011-06-28 02:00:00,203.34567
2011-06-28 03:00:00,203.34567
2011-06-28 04:00:00,116.66746
2011-06-28 05:00:00,99.07083
2011-06-28 06:00:00,114.53374
2011-06-28 07:00:00,131.49966
2011-06-28 08:00:00,160.40836
2011-06-28 09:00:00,170.3166
2011-06-28 10:00:00,292.77945
2011-06-28 11:00:00,319.08237
2011-06-28 12:00:00,330.16226
2011-06-28 13:00:00,352.21506
2011-06-28 14:00:00,346.54007
2011-06-28 15:00:00,386.86673
2011-06-28 16:00:00,340.94135
2011-06-28 17:00:00,334.78427
2011-06-28 18:00:00,313.6354
2011-06-28 19:00:00,264.11798
2011-06-28 20:00:00,203.94107
2011-06-28 21:00:00,314.7117
2011-06-28 22:00:00,252.21191
2011-06-28 23:00:00,254.98761
2011-06-29 00:00:00,176.29346
2011-06-29 01:00:00,176.17194
2011-06-29 02:00:00,126.074844
2011-06-29 03:00:00,148.17703
2011-06-29 04:00:00,100.40036
2011-06-29 05:00:00,110.40982
2011-06-29 06:00:00,220.88782
2011-06-29 07:00:00,296.45184
2011-06-29 08:00:00,328.02725
2011-06-29 09:00:00,376.09842
2011-06-29 10:00:00,374.46542
2011-06-29 11:00:00,384.2686
2011-06-29 12:00:00,377.66672
2011-06-29 13:00:00,359.0329
2011-06-29 14:00:00,360.32104
2011-06-29 15:00:00,354.07062
2011-06-29 16:00:00,401.5581
2011-06-29 17:00:00,381.67142
2011-06-29 18:00:00,330.76114
2011-06-29 19:00:00,451.11594
2011-06-29 20:00:00,410.99234
2011-06-29 21:00:00,379.905
2011-06-29 22:00:00,350.1355
2011-06-29 23:00:00,308.73648
2011-06-30 00:00:00,263.73123
2011-06-30 01:00:00,230.31517
2011-06-30 02:00:00,218.86374
2011-06-30 03:00:00,215.27249
2011-06-30 04:00:00,183.58762
2011-06-30 05:00:00,170.48512
2011-06-30 06:00:00,215.04185
2011-06-30 07:00:00,238.83536
2011-06-30 08:00:00,324.33505
2011-06-30 09:00:00,360.11218
2011-06-30 10:00:00,353.2388
2011-06-30 11:00:00,375.08057
2011-06-30 12:00:00,391.51
2011-06-30 13:00:00,381.46204
2011-06-30 14:00:00,364.10703
2011-06-30 15:00:00,313.48044
2011-06-30 16:00:00,335.15088
2011-06-30 17:00:00,371.65945
2011-06-30 18:00:00,329.45798
2011-06-30 19:00:00,385.82144
2011-06-30 20:00:00,385.82144
2011-06-30 21:00:00,350.12793
2011-06-30 22:00:00,332.51767
2011-06-30 23:00:00,252.1447
2011-07-20 00:00:00,109.056366
2011-07-20 01:00:00,99.75055
2011-07-20 02:00:00,99.75055
2011-07-20 03:00:00,109.056366
2011-07-20 04:00:00,94.638306
2011-07-20 05:00:00,105.65733
2011-07-20 06:00:00,127.04081
2011-07-20 07:00:00,158.05865
2011-07-20 08:00:00,155.37595
2011-07-20 09:00:00,192.9237
2011-07-20 10:00:00,188.8407
2011-07-20 11:00:00,257.09195
2011-07-20 12:00:00,262.13556
2011-07-20 13:00:00,311.87363
2011-07-20 14:00:00,308.55045
2011-07-20 15:00:00,279.46997
2011-07-20 16:00:00,272.60834
2011-07-20 17:00:00,325.0049
2011-07-20 18:00:00,334.28082
2011-07-20 19:00:00,328.1852
2011-07-20 20:00:00,344.1006
2011-07-20 21:00:00,313.88864
2011-07-20 22:00:00,326.86963
2011-07-20 23:00:00,303.70816
2011-07-21 00:00:00,274.58258
2011-07-21 01:00:00,218.57071
2011-07-21 02:00:00,218.57071
2011-07-21 03:00:00,213.86148
2011-07-21 04:00:00,181.42026
2011-07-21 05:00:00,181.42026
2011-07-21 06:00:00,181.42026
2011-07-21 07:00:00,201.7906
2011-07-21 08:00:00,256.85043
2011-07-21 09:00:00,343.195
2011-07-21 10:00:00,354.0261
2011-07-21 11:00:00,386.03394
2011-07-21 12:00:00,331.43958
2011-07-21 13:00:00,325.88187
2011-07-21 14:00:00,326.1115
2011-07-21 15:00:00,308.44583
2011-07-21 16:00:00,284.80655
2011-07-21 17:00:00,281.6139
2011-07-21 18:00:00,307.7317
2011-07-21 19:00:00,379.84683
2011-07-21 20:00:00,377.0645
2011-07-21 21:00:00,369.99228
2011-07-21 22:00:00,328.94504
2011-07-21 23:00:00,313.75522
2011-07-22 00:00:00,307.36298
2011-07-22 01:00:00,254.00157
2011-07-22 02:00:00,251.25537
2011-07-22 03:00:00,242.32254
2011-07-22 04:00:00,207.87823
2011-07-22 05:00:00,157.32257
2011-07-22 06:00:00,198.02493
2011-07-22 07:00:00,266.6082
2011-07-22 08:00:00,326.63922
2011-07-22 09:00:00,272.79102
2011-07-22 10:00:00,229.6737
2011-07-22 11:00:00,249.00839
2011-07-22 12:00:00,266.43677
2011-07-22 13:00:00,240.5539
2011-07-22 14:00:00,249.31006
2011-07-22 15:00:00,266.5505
2011-07-22 16:00:00,517.3977
2011-07-22 17:00:00,281.4901
2011-07-22 18:00:00,343.78256
2011-07-22 19:00:00,433.73
2011-07-22 20:00:00,272.60834
2011-07-22 21:00:00,260.7075
2011-07-22 22:00:00,290.35477
2011-07-22 23:00:00,331.16525
2011-07-23 00:00:00,371.4948
2011-07-23 01:00:00,304.88846
2011-07-23 02:00:00,402.49936
2011-07-23 03:00:00,254.67398
2011-07-23 04:00:00,242.23407
2011-07-23 05:00:00,276.32236
2011-07-23 06:00:00,312.52347
2011-07-23 07:00:00,301.75214
2011-07-23 08:00:00,392.09366
2011-07-23 09:00:00,377.79422
2011-07-23 10:00:00,450.96194
2011-07-23 11:00:00,422.0084
2011-07-23 12:00:00,355.40393
2011-07-23 13:00:00,384.80356
2011-07-23 14:00:00,491.0518
2011-07-23 15:00:00,485.28955
2011-07-23 16:00:00,368.82
2011-07-23 17:00:00,368.82
2011-07-23 18:00:00,411.5485
2011-07-23 19:00:00,336.75204
2011-07-23 20:00:00,349.13193
2011-07-23 21:00:00,349.13193
2011-07-23 22:00:00,340.18753
2011-07-23 23:00:00,305.72827
2011-07-24 00:00:00,305.72827
2011-07-24 01:00:00,264.03983
2011-07-24 02:00:00,286.05942
2011-07-24 03:00:00,286.05942
2011-07-24 04:00:00,264.03983
2011-07-24 05:00:00,254.67398
2011-07-24 06:00:00,288.85562
2011-07-24 07:00:00,318.3918
2011-07-24 08:00:00,374.85025
2011-07-24 09:00:00,395.9171
2011-07-24 10:00:00,417.73993
2011-07-24 11:00:00,364.54645
2011-07-24 12:00:00,409.4767
2011-07-24 13:00:00,421.97763
2011-07-24 14:00:00,396.47922
2011-07-24 15:00:00,428.66324
2011-07-24 16:00:00,428.66324
2011-07-24 17:00:00,377.86765
2011-07-24 18:00:00,427.8865
2011-07-24 19:00:00,410.01285
2011-07-24 20:00:00,377.79422
2011-07-24 21:00:00,320.51724
2011-07-24 22:00:00,280.5619
2011-07-24 23:00:00,226.38274
2011-07-25 00:00:00,253.26398
2011-07-25 01:00:00,223.87448
2011-07-25 02:00:00,193.31403
2011-07-25 03:00:00,125.34554
2011-07-25 04:00:00,123.147095
2011-07-25 05:00:00,123.147095
2011-07-25 06:00:00,177.44135
2011-07-25 07:00:00,207.09503
2011-07-25 08:00:00,251.96014
2011-07-25 09:00:00,256.6804
2011-07-25 10:00:00,262.13556
2011-07-25 11:00:00,342.79745
2011-07-25 12:00:00,342.79745
2011-07-25 13:00:00,232.31589
2011-07-25 14:00:00,229.33278
2011-07-25 15:00:00,193.2641
2011-07-25 16:00:00,151.40897
2011-07-25 17:00:00,148.92438
2011-07-25 18:00:00,181.43329
2011-07-25 19:00:00,192.9237
2011-07-25 20:00:00,202.62201
2011-07-25 21:00:00,99.75055
2011-07-25 22:00:00,99.75055
2011-07-25 23:00:00,105.63643
2011-07-26 00:00:00,129.61108
2011-07-26 01:00:00,129.61108
2011-07-26 02:00:00,97.63593
2011-07-26 03:00:00,104.22476
2011-07-26 04:00:00,112.60899
2011-07-26 05:00:00,85.00975
2011-07-26 06:00:00,138.95384
2011-07-26 07:00:00,298.0165
2011-07-26 08:00:00,295.46494
2011-07-26 09:00:00,372.47345
2011-07-26 10:00:00,349.5949
2011-07-26 11:00:00,394.77286
2011-07-26 12:00:00,391.11533
2011-07-26 13:00:00,334.10684
2011-07-26 14:00:00,315.2911
2011-07-26 15:00:00,319.09946
2011-07-26 16:00:00,342.92178
2011-07-26 17:00:00,375.07434
2011-07-26 18:00:00,428.5547
2011-07-26 19:00:00,369.63193
2011-07-26 20:00:00,344.38852
2011-07-26 21:00:00,320.78683
2011-07-26 22:00:00,266.10342
2011-07-26 23:00:00,245.39105
2011-07-27 00:00:00,282.45645
2011-07-27 01:00:00,306.13864
2011-07-27 02:00:00,325.47147
2011-07-27 03:00:00,267.42188
2011-07-27 04:00:00,291.22894
2011-07-27 05:00:00,299.2476
2011-07-27 06:00:00,296.45184
2011-07-27 07:00:00,327.68167
2011-07-27 08:00:00,368.87613
2011-07-27 09:00:00,377.66672
2011-07-27 10:00:00,407.13434
2011-07-27 11:00:00,399.64517
2011-07-27 12:00:00,324.44327
2011-07-27 13:00:00,362.66855
2011-07-27 14:00:00,321.21082
2011-07-27 15:00:00,294.9228
2011-07-27 16:00:00,325.12405
2011-07-27 17:00:00,314.77036
2011-07-27 18:00:00,327.18457
2011-07-27 19:00:00,330.12512
2011-07-27 20:00:00,346.14267
2011-07-27 21:00:00,244.4465
2011-07-27 22:00:00,252.19104
2011-07-27 23:00:00,252.64241
2011-07-28 00:00:00,253.1819
2011-07-28 01:00:00,234.66032
2011-07-28 02:00:00,230.32697
2011-07-28 03:00:00,222.19467
2011-07-28 04:00:00,208.67676
2011-07-28 05:00:00,199.18524
2011-07-28 06:00:00,169.16031
2011-07-28 07:00:00,238.47772
2011-07-28 08:00:00,265.70605
2011-07-28 09:00:00,316.897
2011-07-28 10:00:00,338.32358
2011-07-28 11:00:00,331.06085
2011-07-28 12:00:00,318.83655
2011-07-28 13:00:00,335.99326
2011-07-28 14:00:00,363.74808
2011-07-28 15:00:00,299.3575
2011-07-28 16:00:00,307.75302
2011-07-28 17:00:00,299.96243
2011-07-28 18:00:00,321.22708
2011-07-28 19:00:00,331.78354
2011-07-28 20:00:00,331.16522
2011-07-28 21:00:00,357.89975
2011-07-28 22:00:00,315.28082
2011-07-28 23:00:00,275.69742
2011-07-29 00:00:00,197.55658
2011-07-29 01:00:00,174.4537
2011-07-29 02:00:00,125.34554
2011-07-29 03:00:00,125.34554
2011-07-29 04:00:00,139.7895
2011-07-29 05:00:00,111.09923
2011-07-29 06:00:00,181.44803
2011-07-29 07:00:00,193.31403
2011-07-29 08:00:00,265.13046
2011-07-29 09:00:00,335.99326
2011-07-29 10:00:00,313.9813
2011-07-29 11:00:00,304.1757
2011-07-29 12:00:00,280.0873
2011-07-29 13:00:00,378.15933
2011-07-29 14:00:00,293.70483
2011-07-29 15:00:00,283.45627
2011-07-29 16:00:00,314.72763
2011-07-29 17:00:00,273.7537
2011-07-29 18:00:00,294.29968
2011-07-29 19:00:00,339.42667
2011-07-29 20:00:00,348.90524
2011-07-29 21:00:00,312.7311
2011-07-29 22:00:00,319.29044
2011-07-29 23:00:00,242.44426
2011-07-30 00:00:00,324.20694
2011-07-30 01:00:00,271.2494
2011-07-30 02:00:00,283.38437
2011-07-30 03:00:00,277.08167
2011-07-30 04:00:00,248.41971
2011-07-30 05:00:00,267.75046
2011-07-30 06:00:00,268.02847
2011-07-30 07:00:00,306.5684
2011-07-30 08:00:00,340.72232
2011-07-30 09:00:00,426.817
2011-07-30 10:00:00,465.4517
2011-07-30 11:00:00,446.57248
2011-07-30 12:00:00,430.25937
2011-07-30 13:00:00,495.76376
2011-07-30 14:00:00,487.12698
2011-07-30 15:00:00,379.43454
2011-07-30 16:00:00,381.9119
2011-07-30 17:00:00,363.1097
2011-07-30 18:00:00,400.87866
2011-07-30 19:00:00,464.27194
2011-07-30 20:00:00,433.89075
2011-07-30 21:00:00,364.96948
2011-07-30 22:00:00,301.65076
2011-07-30 23:00:00,271.2493
2011-07-31 00:00:00,271.2494
2011-07-31 01:00:00,222.38837
2011-07-31 02:00:00,211.6018
2011-07-31 03:00:00,227.72351
2011-07-31 04:00:00,177.25964
2011-07-31 05:00:00,187.70645
2011-07-31 06:00:00,189.28912
2011-07-31 07:00:00,277.85617
2011-07-31 08:00:00,331.21634
2011-07-31 09:00:00,420.4993
2011-07-31 10:00:00,442.7195
2011-07-31 11:00:00,403.31223
2011-07-31 12:00:00,382.18283
2011-07-31 13:00:00,352.9612
2011-07-31 14:00:00,368.8577
2011-07-31 15:00:00,376.7327
2011-07-31 16:00:00,366.5983
2011-07-31 17:00:00,321.00522
2011-07-31 18:00:00,443.83542
2011-07-31 19:00:00,383.6288
2011-07-31 20:00:00,383.6288
2011-07-31 21:00:00,358.83224
2011-07-31 22:00:00,291.5045
2011-07-31 23:00:00,297.53522
2011-08-20 00:00:00,44.971237
2011-08-20 01:00:00,56.423874
2011-08-20 02:00:00,72.41034
2011-08-20 03:00:00,72.41034
2011-08-20 04:00:00,78.283325
2011-08-20 05:00:00,53.66752
2011-08-20 06:00:00,86.37782
2011-08-20 07:00:00,56.42388
2011-08-20 08:00:00,150.81119
2011-08-20 09:00:00,209.70306
2011-08-20 10:00:00,232.21133
2011-08-20 11:00:00,272.1466
2011-08-20 12:00:00,277.85617
2011-08-20 13:00:00,303.6686
2011-08-20 14:00:00,367.63428
2011-08-20 15:00:00,442.85242
2011-08-20 16:00:00,403.73087
2011-08-20 17:00:00,367.63428
2011-08-20 18:00:00,336.2346
2011-08-20 19:00:00,292.43552
2011-08-20 20:00:00,304.53522
2011-08-20 21:00:00,249.54848
2011-08-20 22:00:00,197.91287
2011-08-20 23:00:00,133.31708
2011-08-21 00:00:00,172.13736
2011-08-21 01:00:00,117.36619
2011-08-21 02:00:00,101.245834
2011-08-21 03:00:00,90.981255
2011-08-21 04:00:00,100.699524
2011-08-21 05:00:00,107.090225
2011-08-21 06:00:00,102.270355
2011-08-21 07:00:00,139.26704
2011-08-21 08:00:00,137.62845
2011-08-21 09:00:00,224.59364
2011-08-21 10:00:00,256.51617
2011-08-21 11:00:00,362.7186
2011-08-21 12:00:00,369.88187
2011-08-21 13:00:00,343.1439
2011-08-21 14:00:00,187.64706
2011-08-21 15:00:00,144.05836
2011-08-21 16:00:00,130.23122
2011-08-21 17:00:00,116.79761
2011-08-21 18:00:00,185.44513
2011-08-21 19:00:00,262.0962
2011-08-21 20:00:00,155.65234
2011-08-21 21:00:00,155.65234
2011-08-21 22:00:00,143.37555
2011-08-21 23:00:00,151.86102
2011-08-22 00:00:00,142.53094
2011-08-22 01:00:00,117.08364
2011-08-22 02:00:00,205.866
2011-08-22 03:00:00,218.68767
2011-08-22 04:00:00,244.56253
2011-08-22 05:00:00,223.31638
2011-08-22 06:00:00,245.75656
2011-08-22 07:00:00,233.42706
2011-08-22 08:00:00,233.42706
2011-08-22 09:00:00,296.785
2011-08-22 10:00:00,328.02725
2011-08-22 11:00:00,422.99045
2011-08-22 12:00:00,456.30463
2011-08-22 13:00:00,428.44815
2011-08-22 14:00:00,414.67368
2011-08-22 15:00:00,356.40826
2011-08-22 16:00:00,414.67368
2011-08-22 17:00:00,362.81387
2011-08-22 18:00:00,344.6191
2011-08-22 19:00:00,359.19376
2011-08-22 20:00:00,391.64542
2011-08-22 21:00:00,379.50912
2011-08-22 22:00:00,384.01126
2011-08-22 23:00:00,358.7998
2011-08-23 00:00:00,329.2853
2011-08-23 01:00:00,260.6528
2011-08-23 02:00:00,237.80228
2011-08-23 03:00:00,211.74869
2011-08-23 04:00:00,213.81326
2011-08-23 05:00:00,209.36539
2011-08-23 06:00:00,191.80702
2011-08-23 07:00:00,280.14902
2011-08-23 08:00:00,305.30276
2011-08-23 09:00:00,340.8155
2011-08-23 10:00:00,344.36423
2011-08-23 11:00:00,364.20767
2011-08-23 12:00:00,310.158
2011-08-23 13:00:00,353.14813
2011-08-23 14:00:00,345.56387
2011-08-23 15:00:00,380.7043
2011-08-23 16:00:00,376.50443
2011-08-23 17:00:00,380.7043
2011-08-23 18:00:00,387.58603
2011-08-23 19:00:00,297.29333
2011-08-23 20:00:00,273.587
2011-08-23 21:00:00,213.60474
2011-08-23 22:00:00,218.86374
2011-08-23 23:00:00,202.05186
2011-08-24 00:00:00,218.86374
2011-08-24 01:00:00,193.09749
2011-08-24 02:00:00,160.65695
2011-08-24 03:00:00,160.65695
2011-08-24 04:00:00,131.00696
2011-08-24 05:00:00,131.00696
2011-08-24 06:00:00,94.64258
2011-08-24 07:00:00,173.86801
2011-08-24 08:00:00,175.14317
2011-08-24 09:00:00,201.79614
2011-08-24 10:00:00,293.26508
2011-08-24 11:00:00,307.85367
2011-08-24 12:00:00,310.17935
2011-08-24 13:00:00,375.38388
2011-08-24 14:00:00,375.38388
2011-08-24 15:00:00,383.4381
2011-08-24 16:00:00,341.49457
2011-08-24 17:00:00,318.86438
2011-08-24 18:00:00,321.6111
2011-08-24 19:00:00,321.6111
2011-08-24 20:00:00,303.18552
2011-08-24 21:00:00,254.1468
2011-08-24 22:00:00,248.5629
2011-08-24 23:00:00,237.69534
2011-08-25 00:00:00,208.43356
2011-08-25 01:00:00,227.60152
2011-08-25 02:00:00,227.60152
2011-08-25 03:00:00,190.327
2011-08-25 04:00:00,173.98758
2011-08-25 05:00:00,167.49994
2011-08-25 06:00:00,155.72836
2011-08-25 07:00:00,179.39359
2011-08-25 08:00:00,226.0564
2011-08-25 09:00:00,248.6684
2011-08-25 10:00:00,274.40692
2011-08-25 11:00:00,268.78116
2011-08-25 12:00:00,268.78116
2011-08-25 13:00:00,129.61108
2011-08-25 14:00:00,229.742
2011-08-25 15:00:00,243.41318
2011-08-25 16:00:00,111.09923
2011-08-25 17:00:00,111.09923
2011-08-25 18:00:00,194.05957
2011-08-25 19:00:00,162.17578
2011-08-25 20:00:00,158.68184
2011-08-25 21:00:00,143.34386
2011-08-25 22:00:00,83.02214
2011-08-25 23:00:00,89.805595
2011-08-26 00:00:00,98.75246
2011-08-26 01:00:00,83.02214
2011-08-26 02:00:00,84.76213
2011-08-26 03:00:00,78.40036
2011-08-26 04:00:00,79.18251
2011-08-26 05:00:00,90.10412
2011-08-26 06:00:00,79.18251
2011-08-26 07:00:00,82.016556
2011-08-26 08:00:00,100.40036
2011-08-26 09:00:00,134.09221
2011-08-26 10:00:00,210.30307
2011-08-26 11:00:00,255.99036
2011-08-26 12:00:00,240.64886
2011-08-26 13:00:00,249.70944
2011-08-26 14:00:00,249.72842
2011-08-26 15:00:00,317.19443
2011-08-26 16:00:00,253.11899
2011-08-26 17:00:00,285.20898
2011-08-26 18:00:00,232.31589
2011-08-26 19:00:00,147.79236
2011-08-26 20:00:00,142.3913
2011-08-26 21:00:00,182.32758
2011-08-26 22:00:00,147.79239
2011-08-26 23:00:00,105.63647
2011-08-27 00:00:00,75.890274
2011-08-27 01:00:00,94.13207
2011-08-27 02:00:00,100.10979
2011-08-27 03:00:00,124.50603
2011-08-27 04:00:00,124.50603
2011-08-27 05:00:00,157.33215
2011-08-27 06:00:00,157.33215
2011-08-27 07:00:00,181.16147
2011-08-27 08:00:00,135.8878
2011-08-27 09:00:00,188.66937
2011-08-27 10:00:00,204.11511
2011-08-27 11:00:00,134.183
2011-08-27 12:00:00,160.73288
2011-08-27 13:00:00,145.31369
2011-08-27 14:00:00,134.35094
2011-08-27 15:00:00,134.35094
2011-08-27 16:00:00,133.99193
2011-08-27 17:00:00,118.00148
2011-08-28 07:00:00,119.35415
2011-08-28 08:00:00,131.57236
2011-08-28 09:00:00,190.74217
2011-08-28 10:00:00,303.41464
2011-08-28 11:00:00,271.17407
2011-08-28 12:00:00,390.10596
2011-08-28 13:00:00,486.37595
2011-08-28 14:00:00,531.85693
2011-08-28 15:00:00,508.9221
2011-08-28 16:00:00,512.7488
2011-08-28 17:00:00,477.6446
2011-08-28 18:00:00,433.892
2011-08-28 19:00:00,324.86166
2011-08-28 20:00:00,363.76288
2011-08-28 21:00:00,213.752
2011-08-28 22:00:00,120.16851
2011-08-28 23:00:00,86.9665
2011-08-29 00:00:00,139.62921
2011-08-29 01:00:00,158.58261
2011-08-29 02:00:00,172.60722
2011-08-29 03:00:00,158.58261
2011-08-29 04:00:00,164.3227
2011-08-29 05:00:00,129.92955
2011-08-29 06:00:00,129.92955
2011-08-29 07:00:00,235.24307
2011-08-29 08:00:00,256.36545
2011-08-29 09:00:00,264.8518
2011-08-29 10:00:00,319.8511
2011-08-29 11:00:00,284.22696
2011-08-29 12:00:00,304.1613
2011-08-29 13:00:00,373.44534
2011-08-29 14:00:00,298.46402
2011-08-29 15:00:00,332.51767
2011-08-29 16:00:00,337.5114
2011-08-29 17:00:00,309.7521
2011-08-29 18:00:00,322.4707
2011-08-29 19:00:00,322.4707
2011-08-29 20:00:00,244.69681
2011-08-29 21:00:00,260.26172
2011-08-29 22:00:00,218.86374
2011-08-29 23:00:00,186.53833
2011-08-30 00:00:00,129.92955
2011-08-30 01:00:00,164.45834
2011-08-30 02:00:00,133.15869
2011-08-30 03:00:00,100.75168
2011-08-30 04:00:00,90.23834
2011-08-30 05:00:00,102.81385
2011-08-30 06:00:00,133.15869
2011-08-30 07:00:00,164.3227
2011-08-30 08:00:00,218.86374
2011-08-30 09:00:00,297.29333
2011-08-30 10:00:00,381.00903
2011-08-30 11:00:00,385.11728
2011-08-30 12:00:00,356.39304
2011-08-30 13:00:00,370.23965
2011-08-30 14:00:00,388.00595
2011-08-30 15:00:00,390.05212
2011-08-30 16:00:00,381.7001
2011-08-30 17:00:00,353.2388
2011-08-30 18:00:00,301.59332
2011-08-30 19:00:00,216.64804
2011-08-30 20:00:00,252.1447
2011-08-30 21:00:00,172.46895
2011-08-30 22:00:00,188.58368
2011-08-30 23:00:00,188.58368
2011-08-31 00:00:00,136.8613
2011-08-31 01:00:00,136.8613
2011-08-31 02:00:00,94.64262
2011-08-31 03:00:00,78.233246
2011-08-31 04:00:00,94.64262
2011-08-31 05:00:00,72.335754
2011-08-31 06:00:00,74.06804
2011-08-31 07:00:00,90.77791
2011-08-31 08:00:00,141.59988
2011-08-31 09:00:00,159.24536
2011-08-31 10:00:00,257.57614
2011-08-31 11:00:00,319.51663
2011-08-31 12:00:00,315.11215
2011-08-31 13:00:00,356.03873
2011-08-31 14:00:00,343.50406
2011-08-31 15:00:00,343.50406
2011-08-31 16:00:00,323.78085
2011-08-31 17:00:00,288.18585
2011-08-31 18:00:00,302.53595
2011-08-31 19:00:00,336.94205
2011-08-31 20:00:00,222.29913
2011-08-31 21:00:00,188.42093
2011-08-31 22:00:00,140.03009
2011-08-31 23:00:00,109.72274
2011-09-20 00:00:00,141.2095
2011-09-20 01:00:00,79.7578
2011-09-20 02:00:00,79.7578
2011-09-20 03:00:00,94.92409
2011-09-20 04:00:00,70.790924
2011-09-20 05:00:00,81.698425
2011-09-20 06:00:00,81.698425
2011-09-20 07:00:00,79.7578
2011-09-20 08:00:00,87.39121
2011-09-20 09:00:00,87.24724
2011-09-20 10:00:00,98.120346
2011-09-20 11:00:00,98.120346
2011-09-20 12:00:00,82.89691
2011-09-20 13:00:00,83.04111
2011-09-20 14:00:00,94.88638
2011-09-20 15:00:00,165.7735
2011-09-20 16:00:00,110.652054
2011-09-20 17:00:00,88.2052
2011-09-20 18:00:00,88.2052
2011-09-20 19:00:00,73.07092
2011-09-20 20:00:00,64.35037
2011-09-20 21:00:00,64.35036
2011-09-20 22:00:00,64.35036
2011-09-20 23:00:00,64.35036
2011-09-21 00:00:00,61.643085
2011-09-21 01:00:00,60.90478
2011-09-21 02:00:00,60.90478
2011-09-21 03:00:00,81.73824
2011-09-21 04:00:00,82.950745
2011-09-21 05:00:00,82.10276
2011-09-21 06:00:00,80.607605
2011-09-21 07:00:00,80.607605
2011-09-21 08:00:00,84.36128
2011-09-21 09:00:00,88.09855
2011-09-21 10:00:00,85.99129
2011-09-21 11:00:00,121.351845
2011-09-21 12:00:00,166.0589
2011-09-21 13:00:00,201.92157
2011-09-21 14:00:00,196.51443
2011-09-21 15:00:00,191.28178
2011-09-21 16:00:00,191.28178
2011-09-21 17:00:00,216.11339
2011-09-21 18:00:00,153.39725
2011-09-21 19:00:00,99.78825
2011-09-21 20:00:00,99.78825
2011-09-21 21:00:00,90.37162
2011-09-21 22:00:00,87.0311
2011-09-21 23:00:00,72.70621
2011-09-22 00:00:00,72.70621
2011-09-22 01:00:00,88.57118
2011-09-22 02:00:00,86.75094
2011-09-22 03:00:00,88.57118
2011-09-22 04:00:00,88.57118
2011-09-22 05:00:00,86.75094
2011-09-22 06:00:00,87.756744
2011-09-22 07:00:00,89.38085
2011-09-22 08:00:00,86.431015
2011-09-22 09:00:00,92.53194
2011-09-22 10:00:00,117.35309
2011-09-22 11:00:00,109.9996
2011-09-22 12:00:00,143.99118
2011-09-22 13:00:00,137.93457
2011-09-22 14:00:00,139.5359
2011-09-22 15:00:00,184.38565
2011-09-22 16:00:00,198.96155
2011-09-22 17:00:00,170.98605
2011-09-22 18:00:00,138.72841
2011-09-22 19:00:00,108.98676
2011-09-22 20:00:00,89.93635
2011-09-22 21:00:00,108.98676
2011-09-22 22:00:00,91.89974
2011-09-22 23:00:00,87.0311
2011-09-23 00:00:00,165.89151
2011-09-23 01:00:00,83.53912
2011-09-23 02:00:00,127.16318
2011-09-23 03:00:00,83.53912
2011-09-23 04:00:00,88.627106
2011-09-23 05:00:00,101.669106
2011-09-23 06:00:00,165.89151
2011-09-23 07:00:00,170.00789
2011-09-23 08:00:00,170.00789
2011-09-23 09:00:00,130.17645
2011-09-23 10:00:00,125.83744
2011-09-23 11:00:00,125.83746
2011-09-23 12:00:00,181.1549
2011-09-23 13:00:00,113.977486
2011-09-23 14:00:00,113.977486
2011-09-23 15:00:00,181.15486
2011-09-23 16:00:00,119.76747
2011-09-23 17:00:00,83.53912
2011-09-23 18:00:00,82.525696
2011-09-23 19:00:00,134.93417
2011-09-23 20:00:00,95.104416
2011-09-23 21:00:00,125.583305
2011-09-23 22:00:00,130.3393
2011-09-23 23:00:00,119.955444
2011-09-24 00:00:00,112.9799
2011-09-24 01:00:00,150.03346
2011-09-24 02:00:00,150.03346
2011-09-24 03:00:00,88.37615
2011-09-24 04:00:00,132.87915
2011-09-24 05:00:00,149.25961
2011-09-24 06:00:00,149.25961
2011-09-24 07:00:00,171.9234
2011-09-24 08:00:00,168.26202
2011-09-24 09:00:00,185.18912
2011-09-24 10:00:00,185.18912
2011-09-24 11:00:00,220.0704
2011-09-24 12:00:00,220.0704
2011-09-24 13:00:00,240.27567
2011-09-24 14:00:00,271.40445
2011-09-24 15:00:00,271.40445
2011-09-24 16:00:00,257.15427
2011-09-24 17:00:00,235.16585
2011-09-24 18:00:00,204.14735
2011-09-24 19:00:00,128.18108
2011-09-24 20:00:00,183.52777
2011-09-24 21:00:00,165.43965
2011-09-24 22:00:00,203.45387
2011-09-24 23:00:00,185.18912
2011-09-25 00:00:00,193.11157
2011-09-25 01:00:00,181.35233
2011-09-25 02:00:00,149.5162
2011-09-25 03:00:00,149.5162
2011-09-25 04:00:00,150.04483
2011-09-25 05:00:00,139.56192
2011-09-25 06:00:00,181.35233
2011-09-25 07:00:00,145.49829
2011-09-25 08:00:00,203.45387
2011-09-25 09:00:00,278.06937
2011-09-25 10:00:00,278.06937
2011-09-25 11:00:00,251.9835
2011-09-25 12:00:00,332.62503
2011-09-25 13:00:00,361.67712
2011-09-25 14:00:00,332.62503
2011-09-25 15:00:00,332.62503
2011-09-25 16:00:00,331.12686
2011-09-25 17:00:00,295.91245
2011-09-25 18:00:00,295.91245
2011-09-25 19:00:00,172.33266
2011-09-25 20:00:00,161.3134
2011-09-25 21:00:00,116.50828
2011-09-25 22:00:00,133.377
2011-09-25 23:00:00,147.85431
2011-09-26 00:00:00,101.669106
2011-09-26 01:00:00,218.26128
2011-09-26 02:00:00,218.26128
2011-09-26 03:00:00,101.66917
2011-09-26 04:00:00,165.89154
2011-09-26 05:00:00,136.87033
2011-09-26 06:00:00,165.89151
2011-09-26 07:00:00,101.669106
2011-09-26 08:00:00,101.669106
2011-09-26 09:00:00,161.10542
2011-09-26 10:00:00,161.10542
2011-09-26 11:00:00,204.02667
2011-09-26 12:00:00,264.55096
2011-09-26 13:00:00,255.71764
2011-09-26 14:00:00,258.89505
2011-09-26 15:00:00,300.12845
2011-09-26 16:00:00,287.48367
2011-09-26 17:00:00,259.52484
2011-09-26 18:00:00,203.0744
2011-09-26 19:00:00,205.732
2011-09-26 20:00:00,167.65619
2011-09-26 21:00:00,167.65619
2011-09-26 22:00:00,134.93417
2011-09-26 23:00:00,134.93417
2011-09-27 00:00:00,134.93417
2011-09-27 01:00:00,126.66426
2011-09-27 02:00:00,136.38806
2011-09-27 03:00:00,101.669106
2011-09-27 04:00:00,173.74922
2011-09-27 05:00:00,173.74922
2011-09-27 06:00:00,166.02077
2011-09-27 07:00:00,166.02077
2011-09-27 08:00:00,212.66177
2011-09-27 09:00:00,176.38379
2011-09-27 10:00:00,159.73749
2011-09-27 11:00:00,212.15411
2011-09-27 12:00:00,203.3803
2011-09-27 13:00:00,238.53764
2011-09-27 14:00:00,266.4768
2011-09-27 15:00:00,245.79349
2011-09-27 16:00:00,216.62064
2011-09-27 17:00:00,166.10272
2011-09-27 18:00:00,148.2662
2011-09-27 19:00:00,196.5622
2011-09-27 20:00:00,224.8316
2011-09-27 21:00:00,159.64737
2011-09-27 22:00:00,172.17783
2011-09-27 23:00:00,172.17783
2011-09-28 00:00:00,119.89601
2011-09-28 01:00:00,119.89601
2011-09-28 02:00:00,140.96678
2011-09-28 03:00:00,155.22467
2011-09-28 04:00:00,119.89601
2011-09-28 05:00:00,97.8727
2011-09-28 06:00:00,143.86955
2011-09-28 07:00:00,143.86955
2011-09-28 08:00:00,134.15393
2011-09-28 09:00:00,134.15393
2011-09-28 10:00:00,101.669106
2011-09-28 11:00:00,254.24744
2011-09-28 12:00:00,302.64688
2011-09-28 13:00:00,238.11447
2011-09-28 14:00:00,321.61618
2011-09-28 15:00:00,259.52484
2011-09-28 16:00:00,261.2527
2011-09-28 17:00:00,271.67197
2011-09-28 18:00:00,188.35477
2011-09-28 19:00:00,188.35477
2011-09-28 20:00:00,159.20389
2011-09-28 21:00:00,144.19243
2011-09-28 22:00:00,172.17783
2011-09-28 23:00:00,134.05383
2011-09-29 00:00:00,130.70517
2011-09-29 01:00:00,128.77435
2011-09-29 02:00:00,128.77435
2011-09-29 03:00:00,133.34875
2011-09-29 04:00:00,153.82385
2011-09-29 05:00:00,211.40698
2011-09-29 06:00:00,219.42514
2011-09-29 07:00:00,168.81302
2011-09-29 08:00:00,159.64737
2011-09-29 09:00:00,175.95317
2011-09-29 10:00:00,287.20782
2011-09-29 11:00:00,302.86154
2011-09-29 12:00:00,307.31042
2011-09-29 13:00:00,304.05682
2011-09-29 14:00:00,365.53506
2011-09-29 15:00:00,417.58435
2011-09-29 16:00:00,436.6054
2011-09-29 17:00:00,395.22336
2011-09-29 18:00:00,415.09106
2011-09-29 19:00:00,314.2006
2011-09-29 20:00:00,314.4423
2011-09-29 21:00:00,346.3014
2011-09-29 22:00:00,310.78027
2011-09-29 23:00:00,246.39542
2011-09-30 00:00:00,196.65877
2011-09-30 01:00:00,250.26909
2011-09-30 02:00:00,196.65877
2011-09-30 03:00:00,196.65875
2011-09-30 04:00:00,143.37375
2011-09-30 05:00:00,143.37378
2011-09-30 06:00:00,142.54338
2011-09-30 07:00:00,142.54338
2011-09-30 08:00:00,235.20563
2011-09-30 09:00:00,237.27106
2011-09-30 10:00:00,336.0441
2011-09-30 11:00:00,315.8373
2011-09-30 12:00:00,306.03012
2011-09-30 13:00:00,352.67447
2011-09-30 14:00:00,347.28992
2011-09-30 15:00:00,350.1116
2011-09-30 16:00:00,336.3112
2011-09-30 17:00:00,337.94614
2011-09-30 18:00:00,295.12418
2011-09-30 19:00:00,273.79993
2011-09-30 20:00:00,273.79993
2011-09-30 21:00:00,302.8492
2011-09-30 22:00:00,248.19705
2011-09-30 23:00:00,248.19705
2011-10-20 00:00:00,140.82184
2011-10-20 01:00:00,179.64703
2011-10-20 02:00:00,215.75899
2011-10-20 03:00:00,224.32193
2011-10-20 04:00:00,224.32193
2011-10-20 05:00:00,202.01477
2011-10-20 06:00:00,223.16435
2011-10-20 07:00:00,212.72153
2011-10-20 08:00:00,227.8602
2011-10-20 09:00:00,230.21964
2011-10-20 10:00:00,250.2716
2011-10-20 11:00:00,287.4086
2011-10-20 12:00:00,321.16226
2011-10-20 13:00:00,360.46243
2011-10-20 14:00:00,298.57034
2011-10-20 15:00:00,265.94263
2011-10-20 16:00:00,265.94263
2011-10-20 17:00:00,261.7791
2011-10-20 18:00:00,233.18997
2011-10-20 19:00:00,247.23776
2011-10-20 20:00:00,226.43637
2011-10-20 21:00:00,243.24864
2011-10-20 22:00:00,240.16104
2011-10-20 23:00:00,245.71375
2011-10-21 00:00:00,222.17157
2011-10-21 01:00:00,228.64049
2011-10-21 02:00:00,212.68282
2011-10-21 03:00:00,158.4985
2011-10-21 04:00:00,162.75941
2011-10-21 05:00:00,162.728
2011-10-21 06:00:00,162.75941
2011-10-21 07:00:00,162.75941
2011-10-21 08:00:00,242.81279
2011-10-21 09:00:00,310.06815
2011-10-21 10:00:00,326.39145
2011-10-21 11:00:00,325.2546
2011-10-21 12:00:00,286.35062
2011-10-21 13:00:00,257.45856
2011-10-21 14:00:00,328.75522
2011-10-21 15:00:00,290.54996
2011-10-21 16:00:00,303.57004
2011-10-21 17:00:00,248.71808
2011-10-21 18:00:00,247.96808
2011-10-21 19:00:00,232.21164
2011-10-21 20:00:00,268.68228
2011-10-21 21:00:00,299.76862
2011-10-21 22:00:00,311.61496
2011-10-21 23:00:00,228.64049
2011-10-22 00:00:00,211.99039
2011-10-22 01:00:00,211.99039
2011-10-22 02:00:00,225.15631
2011-10-22 03:00:00,236.01059
2011-10-22 04:00:00,226.63324
2011-10-22 05:00:00,246.44672
2011-10-22 06:00:00,173.17596
2011-10-22 07:00:00,140.26202
2011-10-22 08:00:00,222.4719
2011-10-22 09:00:00,261.08603
2011-10-22 10:00:00,294.2184
2011-10-22 11:00:00,294.2184
2011-10-22 12:00:00,288.58755
2011-10-22 13:00:00,402.97507
2011-10-22 14:00:00,319.7899
2011-10-22 15:00:00,330.00674
2011-10-22 16:00:00,391.68704
2011-10-22 17:00:00,301.5238
2011-10-22 18:00:00,280.94656
2011-10-22 19:00:00,296.56772
2011-10-22 20:00:00,284.57684
2011-10-22 21:00:00,165.36554
2011-10-22 22:00:00,165.36554
2011-10-22 23:00:00,102.11448
2011-10-23 00:00:00,81.69211
2011-10-23 01:00:00,81.69211
2011-10-23 02:00:00,102.31897
2011-10-23 03:00:00,79.21208
2011-10-23 04:00:00,79.21208
2011-10-23 05:00:00,74.09938
2011-10-23 06:00:00,94.89416
2011-10-23 07:00:00,102.31897
2011-10-23 08:00:00,140.29584
2011-10-23 09:00:00,165.36554
2011-10-23 10:00:00,239.348
2011-10-23 11:00:00,185.70325
2011-10-23 12:00:00,255.51326
2011-10-23 13:00:00,337.48087
2011-10-23 14:00:00,325.90182
2011-10-23 15:00:00,358.45798
2011-10-23 16:00:00,337.48087
2011-10-23 17:00:00,301.96103
2011-10-23 18:00:00,306.90097
2011-10-23 19:00:00,193.05049
2011-10-23 20:00:00,248.75156
2011-10-23 21:00:00,248.75156
2011-10-23 22:00:00,170.87012
2011-10-23 23:00:00,151.82224
2011-10-24 00:00:00,132.55894
2011-10-24 01:00:00,132.8596
2011-10-24 02:00:00,124.44805
2011-10-24 03:00:00,124.64953
2011-10-24 04:00:00,100.92083
2011-10-24 05:00:00,91.251015
2011-10-24 06:00:00,124.44805
2011-10-24 07:00:00,121.0539
2011-10-24 08:00:00,134.8905
2011-10-24 09:00:00,144.5748
2011-10-24 10:00:00,157.74536
2011-10-24 11:00:00,255.82123
2011-10-24 12:00:00,318.43674
2011-10-24 13:00:00,268.64343
2011-10-24 14:00:00,288.56274
2011-10-24 15:00:00,311.08353
2011-10-24 16:00:00,287.9337
2011-10-24 17:00:00,296.13834
2011-10-24 18:00:00,322.8442
2011-10-24 19:00:00,152.30548
2011-10-24 20:00:00,177.6915
2011-10-24 21:00:00,135.65045
2011-10-24 22:00:00,197.02756
2011-10-24 23:00:00,221.99826
2011-10-25 00:00:00,178.07904
2011-10-25 01:00:00,178.07904
2011-10-25 02:00:00,133.46985
2011-10-25 03:00:00,90.35306
2011-10-25 04:00:00,131.97433
2011-10-25 05:00:00,131.97433
2011-10-25 06:00:00,124.41496
2011-10-25 07:00:00,152.36249
2011-10-25 08:00:00,172.84225
2011-10-25 09:00:00,280.1784
2011-10-25 10:00:00,275.62085
2011-10-25 11:00:00,284.70013
2011-10-25 12:00:00,370.97366
2011-10-25 13:00:00,383.7443
2011-10-25 14:00:00,394.4169
2011-10-25 15:00:00,337.103
2011-10-25 16:00:00,396.6678
2011-10-25 17:00:00,337.103
2011-10-25 18:00:00,321.07294
2011-10-25 19:00:00,250.57004
2011-10-25 20:00:00,298.03
2011-10-25 21:00:00,221.694
2011-10-25 22:00:00,237.7323
2011-10-25 23:00:00,221.694
2011-10-26 00:00:00,175.79729
2011-10-26 01:00:00,197.29935
2011-10-26 02:00:00,247.64813
2011-10-26 03:00:00,202.20795
2011-10-26 04:00:00,184.08545
2011-10-26 05:00:00,173.4866
2011-10-26 06:00:00,173.4866
2011-10-26 07:00:00,194.53467
2011-10-26 08:00:00,235.55005
2011-10-26 09:00:00,260.8748
2011-10-26 10:00:00,242.71321
2011-10-26 11:00:00,236.022
2011-10-26 12:00:00,267.4954
2011-10-26 13:00:00,334.6627
2011-10-26 14:00:00,207.79422
2011-10-26 15:00:00,207.79422
2011-10-26 16:00:00,275.21964
2011-10-26 17:00:00,264.22073
2011-10-26 18:00:00,203.4466
2011-10-26 19:00:00,128.54616
2011-10-26 20:00:00,102.429504
2011-10-26 21:00:00,207.79422
2011-10-26 22:00:00,128.26004
2011-10-26 23:00:00,128.26004
2011-10-27 00:00:00,84.75319
2011-10-27 01:00:00,84.75319
2011-10-27 02:00:00,87.60284
2011-10-27 03:00:00,87.60287
2011-10-27 04:00:00,118.974396
2011-10-27 05:00:00,114.781265
2011-10-27 06:00:00,164.51553
2011-10-27 07:00:00,114.52494
2011-10-27 08:00:00,138.41653
2011-10-27 09:00:00,167.94327
2011-10-27 10:00:00,138.69402
2011-10-27 11:00:00,138.1034
2011-10-27 12:00:00,138.1034
2011-10-27 13:00:00,136.52786
2011-10-27 14:00:00,142.26616
2011-10-27 15:00:00,215.13878
2011-10-27 16:00:00,276.75946
2011-10-27 17:00:00,202.87643
2011-10-27 18:00:00,208.66275
2011-10-27 19:00:00,196.92479
2011-10-27 20:00:00,216.99445
2011-10-27 21:00:00,232.46878
2011-10-27 22:00:00,181.40393
2011-10-27 23:00:00,184.54941
2011-10-28 00:00:00,213.05516
2011-10-28 01:00:00,215.64203
2011-10-28 02:00:00,227.5819
2011-10-28 03:00:00,221.2171
2011-10-28 04:00:00,230.19669
2011-10-28 05:00:00,221.02283
2011-10-28 06:00:00,223.84317
2011-10-28 07:00:00,223.84317
2011-10-28 08:00:00,234.46994
2011-10-28 09:00:00,222.6745
2011-10-28 10:00:00,232.00912
2011-10-28 11:00:00,265.98993
2011-10-28 12:00:00,238.594
2011-10-28 13:00:00,234.57542
2011-10-28 14:00:00,260.96564
2011-10-28 15:00:00,196.54367
2011-10-28 16:00:00,262.68863
2011-10-28 17:00:00,270.41064
2011-10-28 18:00:00,269.20065
2011-10-28 19:00:00,270.41064
2011-10-28 20:00:00,226.46606
2011-10-28 21:00:00,148.09387
2011-10-28 22:00:00,169.38916
2011-10-28 23:00:00,91.66205
2011-10-29 00:00:00,25.83863
2011-10-29 01:00:00,30.345049
2011-10-29 02:00:00,30.345049
2011-10-29 03:00:00,-14.613653
2011-10-29 04:00:00,-14.613653
2011-10-29 05:00:00,6.5126686
2011-10-29 06:00:00,-0.9790707
2011-10-29 07:00:00,-0.9790707
2011-10-29 08:00:00,4.630492
2011-10-29 09:00:00,4.630492
2011-10-29 10:00:00,17.315313
2011-10-29 11:00:00,-4.6249456
2011-10-29 12:00:00,-37.838276
2011-10-29 13:00:00,-41.02938
2011-10-29 14:00:00,-28.207935
2011-10-29 15:00:00,43.869785
2011-10-29 16:00:00,11.765899
2011-10-29 17:00:00,11.765899
2011-10-29 18:00:00,11.765899
2011-10-29 19:00:00,14.070959
2011-10-29 20:00:00,14.070959
2011-10-29 21:00:00,14.070951
2011-10-29 22:00:00,47.971737
2011-10-29 23:00:00,55.97185
2011-10-30 00:00:00,47.971737
2011-10-30 01:00:00,39.38692
2011-10-30 02:00:00,31.158648
2011-10-30 03:00:00,-0.75593287
2011-10-30 04:00:00,12.00961
2011-10-30 05:00:00,25.004282
2011-10-30 06:00:00,42.17439
2011-10-30 07:00:00,53.483635
2011-10-30 08:00:00,83.64387
2011-10-30 09:00:00,152.12671
2011-10-30 10:00:00,161.70418
2011-10-30 11:00:00,212.65448
2011-10-30 12:00:00,246.48012
2011-10-30 13:00:00,323.70676
2011-10-30 14:00:00,387.94382
2011-10-30 15:00:00,415.66473
2011-10-30 16:00:00,424.18625
2011-10-30 17:00:00,342.73306
2011-10-30 18:00:00,231.20853
2011-10-30 19:00:00,347.59567
2011-10-30 20:00:00,250.25351
2011-10-30 21:00:00,165.70177
2011-10-30 22:00:00,91.31616
2011-10-30 23:00:00,40.06551
2011-10-31 00:00:00,109.2527
2011-10-31 01:00:00,90.9895
2011-10-31 02:00:00,107.528076
2011-10-31 03:00:00,160.46881
2011-10-31 04:00:00,107.52815
2011-10-31 05:00:00,107.51964
2011-10-31 06:00:00,107.528076
2011-10-31 07:00:00,117.86498
2011-10-31 08:00:00,102.17884
2011-10-31 09:00:00,153.09756
2011-10-31 10:00:00,260.1469
2011-10-31 11:00:00,302.48605
2011-10-31 12:00:00,292.2439
2011-10-31 13:00:00,268.68973
2011-10-31 14:00:00,268.1045
2011-10-31 15:00:00,307.62277
2011-10-31 16:00:00,311.61496
2011-10-31 17:00:00,314.7294
2011-10-31 18:00:00,279.6326
2011-10-31 19:00:00,279.6326
2011-10-31 20:00:00,279.6326
2011-10-31 21:00:00,163.61594
2011-10-31 22:00:00,163.61594
2011-10-31 23:00:00,163.61594
2011-11-20 00:00:00,172.11267
2011-11-20 01:00:00,225.15631
2011-11-20 02:00:00,234.68967
2011-11-20 03:00:00,219.4177
2011-11-20 04:00:00,205.11133
2011-11-20 05:00:00,218.57
2011-11-20 06:00:00,211.36617
2011-11-20 07:00:00,195.95592
2011-11-20 08:00:00,205.93869
2011-11-20 09:00:00,174.45967
2011-11-20 10:00:00,247.28143
2011-11-20 11:00:00,326.63278
2011-11-20 12:00:00,313.5385
2011-11-20 13:00:00,295.47726
2011-11-20 14:00:00,234.606
2011-11-20 15:00:00,247.9087
2011-11-20 16:00:00,318.48953
2011-11-20 17:00:00,275.63928
2011-11-20 18:00:00,277.32925
2011-11-20 19:00:00,279.52643
2011-11-20 20:00:00,310.28314
2011-11-20 21:00:00,240.54962
2011-11-20 22:00:00,138.02869
2011-11-20 23:00:00,138.02869
2011-11-21 00:00:00,83.02855
2011-11-21 01:00:00,133.91406
2011-11-21 02:00:00,135.16634
2011-11-21 03:00:00,112.95485
2011-11-21 04:00:00,112.95485
2011-11-21 05:00:00,76.08865
2011-11-21 06:00:00,79.142136
2011-11-21 07:00:00,132.52907
2011-11-21 08:00:00,83.02855
2011-11-21 09:00:00,120.06923
2011-11-21 10:00:00,142.26616
2011-11-21 11:00:00,215.13878
2011-11-21 12:00:00,233.92471
2011-11-21 13:00:00,233.92471
2011-11-21 14:00:00,145.8392
2011-11-21 15:00:00,143.53458
2011-11-21 16:00:00,143.53458
2011-11-21 17:00:00,165.65598
2011-11-21 18:00:00,139.79097
2011-11-21 19:00:00,144.10765
2011-11-21 20:00:00,153.34973
2011-11-21 21:00:00,129.1451
2011-11-21 22:00:00,116.12802
2011-11-21 23:00:00,129.1451
2011-11-22 00:00:00,114.79335
2011-11-22 01:00:00,120.1241
2011-11-22 02:00:00,118.011765
2011-11-22 03:00:00,118.011765
2011-11-22 04:00:00,136.63263
2011-11-22 05:00:00,136.63263
2011-11-22 06:00:00,121.0539
2011-11-22 07:00:00,160.92917
2011-11-22 08:00:00,160.92917
2011-11-22 09:00:00,81.25749
2011-11-22 10:00:00,81.25749
2011-11-22 11:00:00,120.1241
2011-11-22 12:00:00,108.0206
2011-11-22 13:00:00,103.02933
2011-11-22 14:00:00,103.02933
2011-11-22 15:00:00,85.01028
2011-11-22 16:00:00,85.01028
2011-11-22 17:00:00,101.14867
2011-11-22 18:00:00,73.93933
2011-11-22 19:00:00,108.36601
2011-11-22 20:00:00,138.87459
2011-11-22 21:00:00,147.89233
2011-11-22 22:00:00,130.45776
2011-11-22 23:00:00,136.9744
2011-11-23 00:00:00,136.9744
2011-11-23 01:00:00,158.28644
2011-11-23 02:00:00,172.25226
2011-11-23 03:00:00,172.25226
2011-11-23 04:00:00,181.64517
2011-11-23 05:00:00,132.76611
2011-11-23 06:00:00,76.08865
2011-11-23 07:00:00,111.28587
2011-11-23 08:00:00,120.06923
2011-11-23 09:00:00,128.47993
2011-11-23 10:00:00,128.47993
2011-11-23 11:00:00,208.2308
2011-11-23 12:00:00,256.72446
2011-11-23 13:00:00,248.74957
2011-11-23 14:00:00,263.61996
2011-11-23 15:00:00,237.23807
2011-11-23 16:00:00,201.75343
2011-11-23 17:00:00,171.98044
2011-11-23 18:00:00,223.00848
2011-11-23 19:00:00,222.03859
2011-11-23 20:00:00,209.97968
2011-11-23 21:00:00,215.57419
2011-11-23 22:00:00,184.21555
2011-11-23 23:00:00,211.67792
2011-11-24 00:00:00,115.97974
2011-11-24 01:00:00,94.8444
2011-11-24 02:00:00,78.117905
2011-11-24 03:00:00,-14.173777
2011-11-24 04:00:00,-7.401082
2011-11-24 05:00:00,3.929431
2011-11-24 06:00:00,-7.401082
2011-11-24 07:00:00,-46.313515
2011-11-24 08:00:00,-21.908503
2011-11-24 09:00:00,20.352837
2011-11-24 10:00:00,63.652065
2011-11-24 11:00:00,278.20535
2011-11-24 12:00:00,370.7709
2011-11-24 13:00:00,406.03622
2011-11-24 14:00:00,348.52057
2011-11-24 15:00:00,393.06027
2011-11-24 16:00:00,351.2926
2011-11-24 17:00:00,399.7858
2011-11-24 18:00:00,232.67705
2011-11-24 19:00:00,220.48466
2011-11-24 20:00:00,78.6956
2011-11-24 21:00:00,87.962685
2011-11-24 22:00:00,87.962685
2011-11-24 23:00:00,26.875574
2011-11-25 00:00:00,151.89456
2011-11-25 01:00:00,92.20662
2011-11-25 02:00:00,143.95555
2011-11-25 03:00:00,125.485344
2011-11-25 04:00:00,121.8147
2011-11-25 05:00:00,76.08206
2011-11-25 06:00:00,144.66351
2011-11-25 07:00:00,90.9895
2011-11-25 08:00:00,160.63757
2011-11-25 09:00:00,82.71628
2011-11-25 10:00:00,162.75941
2011-11-25 11:00:00,267.7007
2011-11-25 12:00:00,317.52158
2011-11-25 13:00:00,325.2546
2011-11-25 14:00:00,367.3718
2011-11-25 15:00:00,382.48117
2011-11-25 16:00:00,346.442
2011-11-25 17:00:00,334.349
2011-11-25 18:00:00,289.60287
2011-11-25 19:00:00,217.20905
2011-11-25 20:00:00,303.44635
2011-11-25 21:00:00,130.81529
2011-11-25 22:00:00,121.26931
2011-11-25 23:00:00,126.12764
2011-11-26 00:00:00,134.9433
2011-11-26 01:00:00,118.837906
2011-11-26 02:00:00,117.0643
2011-11-26 03:00:00,72.13771
2011-11-26 04:00:00,72.13771
2011-11-26 05:00:00,111.19653
2011-11-26 06:00:00,125.889206
2011-11-26 07:00:00,62.88236
2011-11-26 08:00:00,118.837906
2011-11-26 09:00:00,123.85309
2011-11-26 10:00:00,103.08322
2011-11-26 11:00:00,249.77757
2011-11-26 12:00:00,360.70987
2011-11-26 13:00:00,395.4879
2011-11-26 14:00:00,337.65527
2011-11-26 15:00:00,362.89734
2011-11-26 16:00:00,320.38412
2011-11-26 17:00:00,320.38412
2011-11-26 18:00:00,254.00351
2011-11-26 19:00:00,224.13159
2011-11-26 20:00:00,356.70462
2011-11-26 21:00:00,131.11588
2011-11-26 22:00:00,187.51968
2011-11-26 23:00:00,103.08322
2011-11-27 00:00:00,103.08322
2011-11-27 01:00:00,103.08322
2011-11-27 02:00:00,95.41397
2011-11-27 03:00:00,79.21208
2011-11-27 04:00:00,112.084404
2011-11-27 05:00:00,153.8775
2011-11-27 06:00:00,155.50562
2011-11-27 07:00:00,168.8374
2011-11-27 08:00:00,195.56285
2011-11-27 09:00:00,198.60611
2011-11-27 10:00:00,198.60611
2011-11-27 11:00:00,241.97198
2011-11-27 12:00:00,293.62326
2011-11-27 13:00:00,299.4139
2011-11-27 14:00:00,440.9047
2011-11-27 15:00:00,476.86642
2011-11-27 16:00:00,361.3359
2011-11-27 17:00:00,341.96072
2011-11-27 18:00:00,282.94852
2011-11-27 19:00:00,197.17096
2011-11-27 20:00:00,223.02567
2011-11-27 21:00:00,207.40593
2011-11-27 22:00:00,182.33398
2011-11-27 23:00:00,182.33398
2011-11-28 00:00:00,179.9966
2011-11-28 01:00:00,187.13126
2011-11-28 03:00:00,139.5421
2011-11-28 04:00:00,150.25151
2011-11-28 05:00:00,90.35306
2011-11-28 06:00:00,134.20715
2011-11-28 07:00:00,90.859344
2011-11-28 08:00:00,81.3015
2011-11-28 09:00:00,141.18785
2011-11-28 10:00:00,222.52435
2011-11-28 11:00:00,318.43674
2011-11-28 12:00:00,318.59546
2011-11-28 13:00:00,378.03793
2011-11-28 14:00:00,347.43027
2011-11-28 15:00:00,309.03552
2011-11-28 16:00:00,294.93884
2011-11-28 17:00:00,314.90213
2011-11-28 18:00:00,272.6963
2011-11-28 19:00:00,205.19223
2011-11-28 20:00:00,199.37585
2011-11-28 21:00:00,186.58829
2011-11-28 22:00:00,215.13878
2011-11-28 23:00:00,193.81296
2011-11-29 00:00:00,127.940414
2011-11-29 01:00:00,202.1278
2011-11-29 02:00:00,107.256744
2011-11-29 03:00:00,107.256744
2011-11-29 04:00:00,179.57884
2011-11-29 05:00:00,154.96785
2011-11-29 06:00:00,158.21481
2011-11-29 07:00:00,166.51755
2011-11-29 08:00:00,164.45807
2011-11-29 09:00:00,192.78139
2011-11-29 10:00:00,192.78139
2011-11-29 11:00:00,161.14032
2011-11-29 12:00:00,182.15704
2011-11-29 13:00:00,187.87323
2011-11-29 14:00:00,144.10773
2011-11-29 15:00:00,176.30844
2011-11-29 16:00:00,153.34973
2011-11-29 17:00:00,182.43715
2011-11-29 18:00:00,188.89885
2011-11-29 19:00:00,196.77469
2011-11-29 20:00:00,167.07278
2011-11-29 21:00:00,167.07278
2011-11-29 22:00:00,191.91907
2011-11-29 23:00:00,209.94528
2011-11-30 00:00:00,200.02483
2011-11-30 01:00:00,230.99026
2011-11-30 02:00:00,160.73494
2011-11-30 03:00:00,160.73494
2011-11-30 04:00:00,185.69531
2011-11-30 05:00:00,183.10681
2011-11-30 06:00:00,155.55261
2011-11-30 07:00:00,144.66351
2011-11-30 08:00:00,183.10681
2011-11-30 09:00:00,211.86264
2011-11-30 10:00:00,200.04727
2011-11-30 11:00:00,232.05411
2011-11-30 12:00:00,232.87015
2011-11-30 13:00:00,246.41653
2011-11-30 14:00:00,246.41653
2011-11-30 15:00:00,245.69925
2011-11-30 16:00:00,230.8808
2011-11-30 17:00:00,161.50682
2011-11-30 18:00:00,202.78787
2011-11-30 19:00:00,217.04681
2011-11-30 20:00:00,217.04681
2011-11-30 21:00:00,175.28766
2011-11-30 22:00:00,209.82881
2011-11-30 23:00:00,179.42995
2011-12-20 00:00:00,273.96664
2011-12-20 01:00:00,263.16068
2011-12-20 02:00:00,222.99287
2011-12-20 03:00:00,222.99287
2011-12-20 04:00:00,272.32376
2011-12-20 05:00:00,274.74402
2011-12-20 06:00:00,274.74405
2011-12-20 07:00:00,238.67438
2011-12-20 08:00:00,308.56406
2011-12-20 09:00:00,193.25955
2011-12-20 10:00:00,280.4526
2011-12-20 11:00:00,273.34076
2011-12-20 12:00:00,322.5678
2011-12-20 13:00:00,322.5678
2011-12-20 14:00:00,323.46616
2011-12-20 15:00:00,337.46707
2011-12-20 16:00:00,317.6923
2011-12-20 17:00:00,263.5864
2011-12-20 18:00:00,195.86424
2011-12-20 19:00:00,183.93034
2011-12-20 20:00:00,162.9964
2011-12-20 21:00:00,214.49187
2011-12-20 22:00:00,193.25955
2011-12-20 23:00:00,263.66324
2011-12-21 00:00:00,116.72616
2011-12-21 01:00:00,125.16826
2011-12-21 02:00:00,128.79623
2011-12-21 03:00:00,128.79623
2011-12-21 04:00:00,128.79623
2011-12-21 05:00:00,144.79861
2011-12-21 06:00:00,126.81439
2011-12-21 07:00:00,136.67093
2011-12-21 08:00:00,126.717316
2011-12-21 09:00:00,127.80682
2011-12-21 10:00:00,146.60013
2011-12-21 11:00:00,146.60013
2011-12-21 12:00:00,103.79535
2011-12-21 13:00:00,97.180664
2011-12-21 14:00:00,136.77982
2011-12-21 15:00:00,132.29971
2011-12-21 16:00:00,86.5162
2011-12-21 17:00:00,86.5162
2011-12-21 18:00:00,98.96726
2011-12-21 19:00:00,147.66116
2011-12-21 20:00:00,131.85556
2011-12-21 21:00:00,167.13702
2011-12-21 22:00:00,165.66277
2011-12-21 23:00:00,166.83795
2011-12-22 00:00:00,170.46492
2011-12-22 01:00:00,156.34532
2011-12-22 02:00:00,160.46954
2011-12-22 03:00:00,155.65176
2011-12-22 04:00:00,137.24873
2011-12-22 05:00:00,127.03322
2011-12-22 06:00:00,120.148636
2011-12-22 07:00:00,98.04495
2011-12-22 08:00:00,126.81439
2011-12-22 09:00:00,146.16437
2011-12-22 10:00:00,150.28638
2011-12-22 11:00:00,152.73944
2011-12-22 12:00:00,181.84653
2011-12-22 13:00:00,160.85583
2011-12-22 14:00:00,160.85583
2011-12-22 15:00:00,175.2153
2011-12-22 16:00:00,160.85583
2011-12-22 17:00:00,154.9042
2011-12-22 18:00:00,162.58176
2011-12-22 19:00:00,154.29666
2011-12-22 20:00:00,150.3061
2011-12-22 21:00:00,150.3061
2011-12-22 22:00:00,126.326706
2011-12-22 23:00:00,144.7904
2011-12-23 00:00:00,136.47661
2011-12-23 01:00:00,136.47661
2011-12-23 02:00:00,138.86958
2011-12-23 03:00:00,138.86958
2011-12-23 04:00:00,82.322
2011-12-23 05:00:00,95.23058
2011-12-23 06:00:00,115.023315
2011-12-23 07:00:00,122.940414
2011-12-23 08:00:00,134.46324
2011-12-23 09:00:00,141.30737
2011-12-23 10:00:00,157.09506
2011-12-23 11:00:00,175.30186
2011-12-23 12:00:00,177.53552
2011-12-23 13:00:00,183.1742
2011-12-23 14:00:00,180.48853
2011-12-23 15:00:00,166.91208
2011-12-23 16:00:00,158.73375
2011-12-23 17:00:00,131.75899
2011-12-23 18:00:00,133.40439
2011-12-23 19:00:00,123.94701
2011-12-23 20:00:00,119.92402
2011-12-23 21:00:00,103.47981
2011-12-23 22:00:00,101.06401
2011-12-23 23:00:00,110.74574
2011-12-24 00:00:00,57.648865
2011-12-24 01:00:00,95.36096
2011-12-24 02:00:00,95.417145
2011-12-24 03:00:00,95.70626
2011-12-24 04:00:00,65.7209
2011-12-24 05:00:00,65.7209
2011-12-24 06:00:00,46.891895
2011-12-24 07:00:00,78.24189
2011-12-24 08:00:00,44.459087
2011-12-24 09:00:00,101.966576
2011-12-24 10:00:00,104.15941
2011-12-24 11:00:00,129.41762
2011-12-24 12:00:00,148.0416
2011-12-24 13:00:00,144.21199
2011-12-24 14:00:00,144.21199
2011-12-24 15:00:00,139.80353
2011-12-24 16:00:00,132.33865
2011-12-24 17:00:00,87.234604
2011-12-24 18:00:00,99.285675
2011-12-24 19:00:00,81.10977
2011-12-24 20:00:00,64.84037
2011-12-24 21:00:00,54.21342
2011-12-24 22:00:00,62.000553
2011-12-24 23:00:00,55.788883
2011-12-25 00:00:00,40.654636
2011-12-25 01:00:00,39.67145
2011-12-25 02:00:00,41.440887
2011-12-25 03:00:00,40.319626
2011-12-25 05:00:00,37.95659
2011-12-25 06:00:00,37.95659
2011-12-25 07:00:00,39.76316
2011-12-25 08:00:00,35.180748
2011-12-25 09:00:00,38.345844
2011-12-25 10:00:00,49.63201
2011-12-25 11:00:00,54.854137
2011-12-25 12:00:00,64.337944
2011-12-25 13:00:00,55.310406
2011-12-25 14:00:00,91.473076
2011-12-25 15:00:00,96.60768
2011-12-25 16:00:00,98.21955
2011-12-25 17:00:00,88.65767
2011-12-25 18:00:00,59.146008
2011-12-25 19:00:00,88.94701
2011-12-25 20:00:00,91.33511
2011-12-25 21:00:00,79.41902
2011-12-25 22:00:00,55.289318
2011-12-25 23:00:00,50.324104
2011-12-26 00:00:00,40.860485
2011-12-26 01:00:00,91.675766
2011-12-26 02:00:00,135.4293
2011-12-26 04:00:00,121.628784
2011-12-26 05:00:00,119.46694
2011-12-26 06:00:00,118.64514
2011-12-26 07:00:00,124.106445
2011-12-26 08:00:00,109.8295
2011-12-26 09:00:00,121.628784
2011-12-26 10:00:00,91.59224
2011-12-26 11:00:00,142.02791
2011-12-26 12:00:00,117.815735
2011-12-26 13:00:00,155.93503
2011-12-26 14:00:00,153.88223
2011-12-26 15:00:00,157.71678
2011-12-26 16:00:00,134.08331
2011-12-26 17:00:00,135.4293
2011-12-26 18:00:00,76.84422
2011-12-26 19:00:00,37.91123
2011-12-26 20:00:00,61.639484
2011-12-26 21:00:00,9.709152
2011-12-26 22:00:00,9.709162
2011-12-26 23:00:00,27.24931
2011-12-27 00:00:00,84.438484
2011-12-27 01:00:00,91.99686
2011-12-27 02:00:00,91.99686
2011-12-27 03:00:00,93.48192
2011-12-27 04:00:00,90.126816
2011-12-27 05:00:00,82.622154
2011-12-27 06:00:00,90.32916
2011-12-27 07:00:00,84.87705
2011-12-27 08:00:00,98.05537
2011-12-27 09:00:00,110.689026
2011-12-27 10:00:00,116.82373
2011-12-27 11:00:00,110.689026
2011-12-27 12:00:00,108.50531
2011-12-27 13:00:00,80.82648
2011-12-27 14:00:00,95.99359
2011-12-27 15:00:00,95.99359
2011-12-27 16:00:00,99.451675
2011-12-27 17:00:00,150.20944
2011-12-27 18:00:00,104.99974
2011-12-27 19:00:00,101.481445
2011-12-27 20:00:00,89.929344
2011-12-27 21:00:00,103.21793
2011-12-27 22:00:00,103.21793
2011-12-27 23:00:00,83.55068
2011-12-28 00:00:00,91.22959
2011-12-28 01:00:00,105.22637
2011-12-28 02:00:00,111.73967
2011-12-28 03:00:00,111.73967
2011-12-28 05:00:00,121.12302
2011-12-28 06:00:00,114.83478
2011-12-28 07:00:00,114.83476
2011-12-28 08:00:00,121.123
2011-12-28 09:00:00,122.28142
2011-12-28 10:00:00,115.58499
2011-12-28 11:00:00,161.40883
2011-12-28 12:00:00,138.34201
2011-12-28 13:00:00,148.29062
2011-12-28 14:00:00,144.47571
2011-12-28 15:00:00,145.02458
2011-12-28 16:00:00,136.94785
2011-12-28 17:00:00,126.77139
2011-12-28 18:00:00,116.083176
2011-12-28 19:00:00,103.221886
2011-12-28 20:00:00,100.27876
2011-12-28 21:00:00,71.18124
2011-12-28 22:00:00,71.45126
2011-12-28 23:00:00,92.17921
2011-12-29 00:00:00,77.86105
2011-12-29 01:00:00,90.05855
2011-12-29 02:00:00,71.20604
2011-12-29 03:00:00,78.59975
2011-12-29 04:00:00,78.37088
2011-12-29 05:00:00,74.82622
2011-12-29 06:00:00,73.58219
2011-12-29 07:00:00,75.47284
2011-12-29 08:00:00,77.26385
2011-12-29 09:00:00,76.23999
2011-12-29 10:00:00,78.390114
2011-12-29 11:00:00,84.37335
2011-12-29 12:00:00,89.29447
2011-12-29 13:00:00,91.54793
2011-12-29 14:00:00,108.79622
2011-12-29 15:00:00,102.77692
2011-12-29 16:00:00,104.9844
2011-12-29 17:00:00,96.26341
2011-12-29 18:00:00,96.2543
2011-12-29 19:00:00,100.27827
2011-12-29 20:00:00,101.10043
2011-12-29 21:00:00,93.628815
2011-12-29 22:00:00,97.051605
2011-12-29 23:00:00,98.2929
2011-12-30 00:00:00,100.763
2011-12-30 01:00:00,99.661194
2011-12-30 02:00:00,87.682495
2011-12-30 03:00:00,87.682495
2011-12-30 04:00:00,85.97949
2011-12-30 05:00:00,74.47786
2011-12-30 06:00:00,85.97949
2011-12-30 07:00:00,77.597336
2011-12-30 08:00:00,83.808945
2011-12-30 09:00:00,87.94351
2011-12-30 10:00:00,100.39825
2011-12-30 11:00:00,101.06401
2011-12-30 12:00:00,106.71176
2011-12-30 13:00:00,129.48557
2011-12-30 14:00:00,198.90971
2011-12-30 15:00:00,160.57156
2011-12-30 16:00:00,207.21379
2011-12-30 17:00:00,148.24033
2011-12-30 18:00:00,115.87082
2011-12-30 19:00:00,124.86381
2011-12-30 20:00:00,120.55014
2011-12-30 21:00:00,125.16826
2011-12-30 22:00:00,112.36711
2011-12-30 23:00:00,112.037384
2011-12-31 00:00:00,110.27425
2011-12-31 01:00:00,127.52983
2011-12-31 02:00:00,127.52983
2011-12-31 03:00:00,127.52983
2011-12-31 04:00:00,105.71236
2011-12-31 05:00:00,55.445232
2011-12-31 06:00:00,119.66144
2011-12-31 07:00:00,124.41471
2011-12-31 08:00:00,59.586864
2011-12-31 09:00:00,90.43883
2011-12-31 10:00:00,108.25951
2011-12-31 11:00:00,120.065506
2011-12-31 12:00:00,291.9478
2011-12-31 13:00:00,221.55591
2011-12-31 14:00:00,211.93515
2011-12-31 15:00:00,194.6877
2011-12-31 16:00:00,191.69952
2011-12-31 17:00:00,169.37003
2011-12-31 18:00:00,146.14616
2011-12-31 19:00:00,177.8031
2011-12-31 20:00:00,177.8031
2011-12-31 21:00:00,140.87872
2011-12-31 22:00:00,110.58739
2011-12-31 23:00:00,90.18817
2012-01-20 00:00:00,87.33278
2012-01-20 01:00:00,87.67267
2012-01-20 02:00:00,87.67267
2012-01-20 03:00:00,81.75667
2012-01-20 04:00:00,83.76141
2012-01-20 05:00:00,83.76141
2012-01-20 06:00:00,67.727036
2012-01-20 07:00:00,69.38695
2012-01-20 08:00:00,66.86316
2012-01-20 09:00:00,77.88843
2012-01-20 10:00:00,77.96678
2012-01-20 11:00:00,74.210815
2012-01-20 12:00:00,69.5408
2012-01-20 13:00:00,105.8955
2012-01-20 14:00:00,82.137276
2012-01-20 15:00:00,88.618286
2012-01-20 16:00:00,77.31752
2012-01-20 17:00:00,113.108795
2012-01-20 18:00:00,80.80879
2012-01-20 19:00:00,72.84039
2012-01-20 20:00:00,80.80879
2012-01-20 21:00:00,68.2811
2012-01-20 22:00:00,77.53169
2012-01-20 23:00:00,43.24363
2012-01-21 00:00:00,44.7275
2012-01-21 01:00:00,40.696384
2012-01-21 02:00:00,28.666325
2012-01-21 03:00:00,25.547403
2012-01-21 04:00:00,26.766441
2012-01-21 05:00:00,27.287184
2012-01-21 06:00:00,38.22037
2012-01-21 07:00:00,38.22037
2012-01-21 08:00:00,54.298656
2012-01-21 09:00:00,54.298656
2012-01-21 10:00:00,51.168224
2012-01-21 11:00:00,28.811073
2012-01-21 12:00:00,36.2889
2012-01-21 13:00:00,54.989746
2012-01-21 14:00:00,45.37402
2012-01-21 15:00:00,45.37402
2012-01-21 16:00:00,51.767536
2012-01-21 17:00:00,35.65939
2012-01-21 18:00:00,36.74429
2012-01-21 19:00:00,31.306864
2012-01-21 20:00:00,47.67262
2012-01-21 21:00:00,47.869106
2012-01-21 22:00:00,42.6514
2012-01-21 23:00:00,52.53039
2012-01-22 00:00:00,57.3737
2012-01-22 01:00:00,42.6514
2012-01-22 02:00:00,46.93936
2012-01-22 03:00:00,43.374012
2012-01-22 04:00:00,39.259144
2012-01-22 05:00:00,49.16503
2012-01-22 06:00:00,50.537674
2012-01-22 07:00:00,50.537674
2012-01-22 08:00:00,50.537674
2012-01-22 09:00:00,50.537674
2012-01-22 10:00:00,44.338055
2012-01-22 11:00:00,49.045902
2012-01-22 12:00:00,50.953434
2012-01-22 13:00:00,30.178448
2012-01-22 14:00:00,37.904602
2012-01-22 15:00:00,45.91911
2012-01-22 16:00:00,45.91911
2012-01-22 17:00:00,25.904282
2012-01-22 18:00:00,27.287184
2012-01-22 19:00:00,27.287184
2012-01-22 20:00:00,39.08158
2012-01-22 21:00:00,27.287184
2012-01-22 22:00:00,22.362843
2012-01-22 23:00:00,22.9282
2012-01-23 00:00:00,70.372314
2012-01-23 01:00:00,63.343616
2012-01-23 02:00:00,63.343616
2012-01-23 03:00:00,70.37232
2012-01-23 04:00:00,75.15024
2012-01-23 05:00:00,72.79488
2012-01-23 06:00:00,72.79488
2012-01-23 07:00:00,77.138504
2012-01-23 08:00:00,55.52886
2012-01-23 09:00:00,70.60057
2012-01-23 10:00:00,72.34364
2012-01-23 11:00:00,66.05592
2012-01-23 12:00:00,74.60427
2012-01-23 13:00:00,71.15518
2012-01-23 14:00:00,56.46477
2012-01-23 15:00:00,56.916504
2012-01-23 16:00:00,63.02967
2012-01-23 17:00:00,73.52681
2012-01-23 18:00:00,68.95881
2012-01-23 19:00:00,70.07019
2012-01-23 20:00:00,64.70599
2012-01-23 21:00:00,58.14725
2012-01-23 22:00:00,58.14725
2012-01-23 23:00:00,61.602535
2012-01-24 00:00:00,64.32834
2012-01-24 01:00:00,69.68252
2012-01-24 02:00:00,73.72723
2012-01-24 03:00:00,94.594666
2012-01-24 04:00:00,82.630295
2012-01-24 05:00:00,82.630295
2012-01-24 06:00:00,81.2955
2012-01-24 07:00:00,94.59464
2012-01-24 08:00:00,94.59464
2012-01-24 09:00:00,107.355545
2012-01-24 10:00:00,89.929344
2012-01-24 11:00:00,108.96838
2012-01-24 12:00:00,101.481445
2012-01-24 13:00:00,101.481445
2012-01-24 14:00:00,102.025055
2012-01-24 15:00:00,133.64673
2012-01-24 16:00:00,134.79329
2012-01-24 17:00:00,136.99327
2012-01-24 18:00:00,133.20114
2012-01-24 19:00:00,197.88483
2012-01-24 20:00:00,110.664856
2012-01-24 21:00:00,122.70891
2012-01-24 22:00:00,109.37145
2012-01-24 23:00:00,110.664856
2012-01-25 00:00:00,75.11917
2012-01-25 01:00:00,94.074005
2012-01-25 02:00:00,88.62889
2012-01-25 03:00:00,80.51712
2012-01-25 04:00:00,68.14481
2012-01-25 05:00:00,68.14481
2012-01-25 06:00:00,70.88775
2012-01-25 07:00:00,69.60547
2012-01-25 08:00:00,68.182816
2012-01-25 09:00:00,68.182816
2012-01-25 10:00:00,59.354645
2012-01-25 11:00:00,90.32916
2012-01-25 12:00:00,112.745026
2012-01-25 13:00:00,125.81633
2012-01-25 14:00:00,130.51498
2012-01-25 15:00:00,133.55728
2012-01-25 16:00:00,122.73961
2012-01-25 17:00:00,132.09613
2012-01-25 18:00:00,110.74574
2012-01-25 19:00:00,123.06076
2012-01-25 20:00:00,104.6931
2012-01-25 21:00:00,105.392044
2012-01-25 22:00:00,108.15071
2012-01-25 23:00:00,100.9465
2012-01-26 00:00:00,102.72538
2012-01-26 01:00:00,101.424416
2012-01-26 02:00:00,84.40696
2012-01-26 03:00:00,107.01797
2012-01-26 04:00:00,97.11424
2012-01-26 05:00:00,113.73703
2012-01-26 06:00:00,95.369385
2012-01-26 07:00:00,94.921646
2012-01-26 08:00:00,94.921646
2012-01-26 09:00:00,106.68887
2012-01-26 10:00:00,100.542786
2012-01-26 11:00:00,92.342865
2012-01-26 12:00:00,123.13064
2012-01-26 13:00:00,134.6603
2012-01-26 14:00:00,140.26985
2012-01-26 15:00:00,144.45361
2012-01-26 16:00:00,141.32762
2012-01-26 17:00:00,144.5989
2012-01-26 18:00:00,144.5989
2012-01-26 19:00:00,144.01224
2012-01-26 20:00:00,146.73169
2012-01-26 21:00:00,144.01224
2012-01-26 22:00:00,138.73965
2012-01-26 23:00:00,142.80751
2012-01-27 00:00:00,124.999054
2012-01-27 01:00:00,127.80682
2012-01-27 02:00:00,150.72504
2012-01-27 03:00:00,103.13316
2012-01-27 04:00:00,88.06489
2012-01-27 05:00:00,94.68654
2012-01-27 06:00:00,89.86399
2012-01-27 07:00:00,92.789894
2012-01-27 08:00:00,161.77953
2012-01-27 09:00:00,161.77953
2012-01-27 10:00:00,174.71326
2012-01-27 11:00:00,172.77501
2012-01-27 12:00:00,172.53667
2012-01-27 13:00:00,222.42198
2012-01-27 14:00:00,223.07794
2012-01-27 15:00:00,220.72667
2012-01-27 16:00:00,198.12036
2012-01-27 17:00:00,187.78282
2012-01-27 18:00:00,182.34164
2012-01-27 19:00:00,156.59511
2012-01-27 20:00:00,137.28986
2012-01-27 21:00:00,128.05772
2012-01-27 22:00:00,144.7098
2012-01-27 23:00:00,134.11987
2012-01-28 00:00:00,95.19449
2012-01-28 01:00:00,89.882324
2012-01-28 02:00:00,65.512764
2012-01-28 03:00:00,70.55359
2012-01-28 04:00:00,48.302525
2012-01-28 05:00:00,42.936207
2012-01-28 06:00:00,45.390865
2012-01-28 07:00:00,37.98627
2012-01-28 08:00:00,36.260277
2012-01-28 09:00:00,36.75934
2012-01-28 10:00:00,44.636875
2012-01-28 11:00:00,79.41902
2012-01-28 12:00:00,61.28156
2012-01-28 13:00:00,107.99341
2012-01-28 14:00:00,162.30597
2012-01-28 15:00:00,177.72128
2012-01-28 16:00:00,192.31589
2012-01-28 17:00:00,190.80914
2012-01-28 18:00:00,232.72641
2012-01-28 19:00:00,146.72787
2012-01-28 20:00:00,192.77988
2012-01-28 21:00:00,201.77606
2012-01-28 22:00:00,179.01938
2012-01-28 23:00:00,172.1227
2012-01-29 00:00:00,140.27385
2012-01-29 01:00:00,171.55255
2012-01-29 02:00:00,170.98633
2012-01-29 03:00:00,141.54865
2012-01-29 04:00:00,150.84268
2012-01-29 05:00:00,44.441235
2012-01-29 06:00:00,58.741657
2012-01-29 07:00:00,70.26574
2012-01-29 08:00:00,65.356995
2012-01-29 09:00:00,56.465267
2012-01-29 10:00:00,85.03206
2012-01-29 11:00:00,150.36209
2012-01-29 12:00:00,198.37592
2012-01-29 13:00:00,198.37592
2012-01-29 14:00:00,198.34961
2012-01-29 15:00:00,237.03235
2012-01-29 16:00:00,158.30414
2012-01-29 17:00:00,158.30415
2012-01-29 18:00:00,200.2798
2012-01-29 19:00:00,170.82039
2012-01-29 20:00:00,126.5045
2012-01-29 21:00:00,134.70091
2012-01-29 22:00:00,167.70323
2012-01-29 23:00:00,131.53494
2012-01-30 00:00:00,110.31525
2012-01-30 01:00:00,73.95683
2012-01-30 02:00:00,91.85795
2012-01-30 03:00:00,86.41368
2012-01-30 04:00:00,70.56819
2012-01-30 05:00:00,70.56819
2012-01-30 06:00:00,92.17921
2012-01-30 07:00:00,92.33592
2012-01-30 08:00:00,84.78784
2012-01-30 09:00:00,84.78784
2012-01-30 10:00:00,96.66905
2012-01-30 11:00:00,85.223404
2012-01-30 12:00:00,118.01185
2012-01-30 13:00:00,134.67688
2012-01-30 14:00:00,185.85861
2012-01-30 15:00:00,164.23056
2012-01-30 16:00:00,175.27008
2012-01-30 17:00:00,226.8894
2012-01-30 18:00:00,189.44086
2012-01-30 19:00:00,119.84976
2012-01-30 20:00:00,122.03522
2012-01-30 21:00:00,118.119865
2012-01-30 22:00:00,105.499985
2012-01-30 23:00:00,87.6824
2012-01-31 00:00:00,110.15776
2012-01-31 01:00:00,133.96921
2012-01-31 02:00:00,116.62604
2012-01-31 03:00:00,112.39055
2012-01-31 04:00:00,105.33907
2012-01-31 05:00:00,105.33907
2012-01-31 06:00:00,91.279816
2012-01-31 07:00:00,87.6824
2012-01-31 08:00:00,92.95437
2012-01-31 09:00:00,102.27419
2012-01-31 10:00:00,106.54794
2012-01-31 11:00:00,191.52881
2012-01-31 12:00:00,181.07176
2012-01-31 13:00:00,250.35678
2012-01-31 14:00:00,263.29062
2012-01-31 15:00:00,256.8917
2012-01-31 16:00:00,256.8917
2012-01-31 17:00:00,256.9732
2012-01-31 18:00:00,254.48468
2012-01-31 19:00:00,273.67624
2012-01-31 20:00:00,145.40918
2012-01-31 21:00:00,239.40984
2012-01-31 22:00:00,223.17294
2012-01-31 23:00:00,225.4718
2012-02-20 00:00:00,17.625881
2012-02-20 01:00:00,17.625881
2012-02-20 02:00:00,17.625881
2012-02-20 03:00:00,47.428047
2012-02-20 05:00:00,57.405674
2012-02-20 06:00:00,125.36764
2012-02-20 07:00:00,55.14098
2012-02-20 08:00:00,40.924065
2012-02-20 09:00:00,40.924065
2012-02-20 10:00:00,103.46777
2012-02-20 11:00:00,145.12299
2012-02-20 12:00:00,120.8111
2012-02-20 13:00:00,118.58678
2012-02-20 14:00:00,148.50038
2012-02-20 15:00:00,149.1961
2012-02-20 16:00:00,270.62424
2012-02-20 17:00:00,187.1038
2012-02-20 18:00:00,149.1961
2012-02-20 19:00:00,149.1961
2012-02-20 20:00:00,162.44595
2012-02-20 21:00:00,136.86862
2012-02-20 22:00:00,91.92041
2012-02-20 23:00:00,72.51514
2012-02-21 00:00:00,92.88986
2012-02-21 01:00:00,92.29071
2012-02-21 02:00:00,85.91384
2012-02-21 04:00:00,79.521736
2012-02-21 05:00:00,74.95503
2012-02-21 06:00:00,70.904816
2012-02-21 07:00:00,79.521736
2012-02-21 08:00:00,75.310455
2012-02-21 09:00:00,72.56058
2012-02-21 10:00:00,77.21679
2012-02-21 11:00:00,59.14871
2012-02-21 12:00:00,91.14682
2012-02-21 13:00:00,144.01906
2012-02-21 14:00:00,110.05784
2012-02-21 15:00:00,144.01906
2012-02-21 16:00:00,159.96759
2012-02-21 17:00:00,178.09909
2012-02-21 18:00:00,178.09909
2012-02-21 19:00:00,153.369
2012-02-21 20:00:00,122.49742
2012-02-21 21:00:00,110.64426
2012-02-21 22:00:00,108.74965
2012-02-21 23:00:00,99.24562
2012-02-22 00:00:00,99.24562
2012-02-22 01:00:00,113.65143
2012-02-22 02:00:00,119.0703
2012-02-22 03:00:00,98.929985
2012-02-22 04:00:00,112.93109
2012-02-22 05:00:00,115.40416
2012-02-22 06:00:00,105.22637
2012-02-22 07:00:00,119.75268
2012-02-22 08:00:00,113.08935
2012-02-22 09:00:00,116.368835
2012-02-22 10:00:00,121.23883
2012-02-22 11:00:00,115.473404
2012-02-22 12:00:00,144.23128
2012-02-22 13:00:00,174.83356
2012-02-22 14:00:00,186.79312
2012-02-22 15:00:00,253.43033
2012-02-22 16:00:00,270.05322
2012-02-22 17:00:00,264.70926
2012-02-22 18:00:00,200.93747
2012-02-22 19:00:00,192.66061
2012-02-22 20:00:00,195.96628
2012-02-22 21:00:00,222.68018
2012-02-22 22:00:00,186.46005
2012-02-22 23:00:00,194.75156
2012-02-23 00:00:00,186.46005
2012-02-23 01:00:00,166.39162
2012-02-23 02:00:00,165.54239
2012-02-23 03:00:00,155.52728
2012-02-23 04:00:00,132.2136
2012-02-23 05:00:00,132.2136
2012-02-23 06:00:00,100.74602
2012-02-23 07:00:00,102.025055
2012-02-23 08:00:00,90.620674
2012-02-23 09:00:00,96.61883
2012-02-23 10:00:00,151.54434
2012-02-23 11:00:00,236.10648
2012-02-23 12:00:00,263.1862
2012-02-23 13:00:00,301.37866
2012-02-23 14:00:00,296.21936
2012-02-23 15:00:00,294.32516
2012-02-23 16:00:00,267.8248
2012-02-23 17:00:00,294.50418
2012-02-23 18:00:00,301.57785
2012-02-23 19:00:00,258.56052
2012-02-23 20:00:00,252.53049
2012-02-23 21:00:00,206.10167
2012-02-23 22:00:00,189.89777
2012-02-23 23:00:00,146.24655
2012-02-24 00:00:00,179.22186
2012-02-24 01:00:00,167.341
2012-02-24 02:00:00,124.35169
2012-02-24 03:00:00,146.8219
2012-02-24 04:00:00,143.7644
2012-02-24 05:00:00,137.31801
2012-02-24 06:00:00,144.88425
2012-02-24 07:00:00,130.42221
2012-02-24 08:00:00,112.62724
2012-02-24 09:00:00,81.730095
2012-02-24 10:00:00,121.37097
2012-02-24 11:00:00,136.16074
2012-02-24 12:00:00,141.59082
2012-02-24 13:00:00,144.45361
2012-02-24 14:00:00,160.91135
2012-02-24 15:00:00,136.47661
2012-02-24 16:00:00,136.47661
2012-02-24 17:00:00,160.788
2012-02-24 18:00:00,146.60898
2012-02-24 19:00:00,161.77591
2012-02-24 20:00:00,186.68073
2012-02-24 21:00:00,88.96875
2012-02-24 22:00:00,180.48468
2012-02-24 23:00:00,119.9003
2012-02-25 00:00:00,147.91878
2012-02-25 01:00:00,136.64839
2012-02-25 02:00:00,127.18613
2012-02-25 03:00:00,115.655525
2012-02-25 04:00:00,117.218445
2012-02-25 05:00:00,98.38018
2012-02-25 06:00:00,98.38018
2012-02-25 07:00:00,82.026276
2012-02-25 08:00:00,67.28107
2012-02-25 09:00:00,37.990536
2012-02-25 10:00:00,76.82164
2012-02-25 11:00:00,101.34901
2012-02-25 12:00:00,91.17588
2012-02-25 13:00:00,103.19992
2012-02-25 14:00:00,55.24948
2012-02-25 15:00:00,152.85272
2012-02-25 16:00:00,67.0905
2012-02-25 17:00:00,133.17076
2012-02-25 18:00:00,74.55038
2012-02-25 19:00:00,90.75925
2012-02-25 20:00:00,86.783424
2012-02-25 21:00:00,101.11826
2012-02-25 22:00:00,84.49069
2012-02-25 23:00:00,74.08528
2012-02-26 00:00:00,75.98131
2012-02-26 01:00:00,68.09267
2012-02-26 02:00:00,68.09267
2012-02-26 03:00:00,86.38368
2012-02-26 04:00:00,86.38368
2012-02-26 05:00:00,67.75337
2012-02-26 06:00:00,71.83102
2012-02-26 07:00:00,62.504593
2012-02-26 08:00:00,56.537262
2012-02-26 09:00:00,55.823177
2012-02-26 10:00:00,87.221695
2012-02-26 11:00:00,110.9709
2012-02-26 12:00:00,116.57448
2012-02-26 13:00:00,164.12411
2012-02-26 14:00:00,213.59119
2012-02-26 15:00:00,238.31204
2012-02-26 16:00:00,182.73288
2012-02-26 17:00:00,194.79277
2012-02-26 18:00:00,152.73978
2012-02-26 19:00:00,189.79617
2012-02-26 20:00:00,125.44192
2012-02-26 21:00:00,95.72161
2012-02-26 22:00:00,119.04503
2012-02-26 23:00:00,54.21342
2012-02-27 00:00:00,88.4156
2012-02-27 01:00:00,88.89744
2012-02-27 02:00:00,62.634922
2012-02-27 03:00:00,79.10202
2012-02-27 04:00:00,75.85014
2012-02-27 05:00:00,75.85014
2012-02-27 06:00:00,68.182816
2012-02-27 07:00:00,82.99931
2012-02-27 08:00:00,79.172455
2012-02-27 09:00:00,87.6824
2012-02-27 10:00:00,127.70427
2012-02-27 11:00:00,150.78209
2012-02-27 12:00:00,187.96176
2012-02-27 13:00:00,183.74832
2012-02-27 14:00:00,239.1307
2012-02-27 15:00:00,257.3774
2012-02-27 16:00:00,256.8917
2012-02-27 17:00:00,244.28415
2012-02-27 18:00:00,258.65625
2012-02-27 19:00:00,253.31036
2012-02-27 20:00:00,242.38422
2012-02-27 21:00:00,239.1307
2012-02-27 22:00:00,217.69638
2012-02-27 23:00:00,196.25238
2012-02-28 00:00:00,174.42194
2012-02-28 01:00:00,135.77664
2012-02-28 02:00:00,158.23187
2012-02-28 03:00:00,199.69092
2012-02-28 04:00:00,143.33992
2012-02-28 05:00:00,143.33992
2012-02-28 06:00:00,130.9148
2012-02-28 07:00:00,117.85149
2012-02-28 08:00:00,104.32171
2012-02-28 09:00:00,120.66437
2012-02-28 10:00:00,133.96921
2012-02-28 11:00:00,148.127
2012-02-28 12:00:00,196.13806
2012-02-28 13:00:00,207.0279
2012-02-28 14:00:00,233.98828
2012-02-28 15:00:00,231.15417
2012-02-28 16:00:00,232.5954
2012-02-28 17:00:00,231.15417
2012-02-28 18:00:00,246.02597
2012-02-28 19:00:00,221.21887
2012-02-28 20:00:00,237.92314
2012-02-28 21:00:00,147.24704
2012-02-28 22:00:00,147.24704
2012-02-28 23:00:00,109.60895
2012-02-29 00:00:00,108.31934
2012-02-29 01:00:00,118.42085
2012-02-29 02:00:00,103.12471
2012-02-29 03:00:00,107.296646
2012-02-29 05:00:00,92.63011
2012-02-29 06:00:00,107.01797
2012-02-29 07:00:00,81.39405
2012-02-29 08:00:00,102.72538
2012-02-29 09:00:00,80.2952
2012-02-29 10:00:00,80.2952
2012-02-29 11:00:00,70.817986
2012-02-29 12:00:00,61.13564
2012-02-29 13:00:00,68.371506
2012-02-29 14:00:00,68.371506
2012-02-29 15:00:00,112.45361
2012-02-29 16:00:00,130.70995
2012-02-29 17:00:00,144.88425
2012-02-29 18:00:00,144.79034
2012-02-29 19:00:00,152.72165
2012-02-29 20:00:00,150.9815
2012-02-29 21:00:00,150.9815
2012-02-29 22:00:00,106.56888
2012-02-29 23:00:00,106.56888
2012-03-20 00:00:00,187.13495
2012-03-20 01:00:00,169.18092
2012-03-20 02:00:00,173.52994
2012-03-20 03:00:00,181.7633
2012-03-20 04:00:00,178.45325
2012-03-20 05:00:00,177.28761
2012-03-20 06:00:00,180.78647
2012-03-20 07:00:00,172.90425
2012-03-20 08:00:00,179.11374
2012-03-20 09:00:00,182.22963
2012-03-20 10:00:00,178.86029
2012-03-20 11:00:00,185.49461
2012-03-20 12:00:00,231.1626
2012-03-20 13:00:00,219.38362
2012-03-20 14:00:00,240.46042
2012-03-20 15:00:00,248.711
2012-03-20 16:00:00,310.78928
2012-03-20 17:00:00,240.40466
2012-03-20 18:00:00,277.80026
2012-03-20 19:00:00,200.9516
2012-03-20 20:00:00,193.94572
2012-03-20 21:00:00,168.00183
2012-03-20 22:00:00,164.49663
2012-03-20 23:00:00,164.39827
2012-03-21 00:00:00,103.2227
2012-03-21 01:00:00,102.53218
2012-03-21 02:00:00,99.4266
2012-03-21 03:00:00,111.78505
2012-03-21 04:00:00,111.75319
2012-03-21 05:00:00,111.75319
2012-03-21 06:00:00,107.96014
2012-03-21 07:00:00,113.49318
2012-03-21 08:00:00,120.52118
2012-03-21 09:00:00,110.93945
2012-03-21 10:00:00,116.32212
2012-03-21 11:00:00,116.32212
2012-03-21 12:00:00,123.74173
2012-03-21 13:00:00,121.018906
2012-03-21 14:00:00,129.36572
2012-03-21 15:00:00,129.36572
2012-03-21 16:00:00,115.077866
2012-03-21 17:00:00,156.31647
2012-03-21 18:00:00,134.16458
2012-03-21 19:00:00,165.11249
2012-03-21 20:00:00,110.81952
2012-03-21 21:00:00,104.14459
2012-03-21 22:00:00,104.83975
2012-03-21 23:00:00,110.317825
2012-03-22 00:00:00,102.53218
2012-03-22 01:00:00,102.53218
2012-03-22 02:00:00,102.53218
2012-03-22 03:00:00,102.53218
2012-03-22 04:00:00,118.295
2012-03-22 05:00:00,118.295
2012-03-22 06:00:00,118.295
2012-03-22 07:00:00,118.295
2012-03-22 08:00:00,121.399445
2012-03-22 09:00:00,121.399445
2012-03-22 10:00:00,124.43097
2012-03-22 11:00:00,115.072174
2012-03-22 12:00:00,122.971344
2012-03-22 13:00:00,116.71149
2012-03-22 14:00:00,146.9147
2012-03-22 15:00:00,230.31128
2012-03-22 16:00:00,274.7474
2012-03-22 17:00:00,271.85526
2012-03-22 18:00:00,271.85526
2012-03-22 19:00:00,176.65472
2012-03-22 20:00:00,214.30324
2012-03-22 21:00:00,140.13306
2012-03-22 22:00:00,130.4544
2012-03-22 23:00:00,107.98129
2012-03-23 00:00:00,114.25544
2012-03-23 01:00:00,108.09776
2012-03-23 02:00:00,109.19687
2012-03-23 03:00:00,105.86095
2012-03-23 04:00:00,119.74988
2012-03-23 05:00:00,109.92382
2012-03-23 06:00:00,110.19396
2012-03-23 07:00:00,114.82492
2012-03-23 08:00:00,115.52444
2012-03-23 09:00:00,121.75316
2012-03-23 10:00:00,125.39305
2012-03-23 11:00:00,187.77164
2012-03-23 12:00:00,290.4625
2012-03-23 13:00:00,294.389
2012-03-23 14:00:00,290.94052
2012-03-23 15:00:00,305.3583
2012-03-23 16:00:00,320.92685
2012-03-23 17:00:00,320.92685
2012-03-23 18:00:00,309.82028
2012-03-23 19:00:00,322.6788
2012-03-23 20:00:00,292.69382
2012-03-23 21:00:00,258.8431
2012-03-23 22:00:00,259.35043
2012-03-23 23:00:00,223.19342
2012-03-24 00:00:00,87.447266
2012-03-24 01:00:00,86.72452
2012-03-24 02:00:00,82.933
2012-03-24 03:00:00,82.933
2012-03-24 04:00:00,78.41019
2012-03-24 05:00:00,99.006775
2012-03-24 06:00:00,99.006775
2012-03-24 07:00:00,95.69707
2012-03-24 08:00:00,94.0152
2012-03-24 09:00:00,97.68037
2012-03-24 10:00:00,99.74217
2012-03-24 11:00:00,94.0152
2012-03-24 12:00:00,100.057434
2012-03-24 13:00:00,85.26434
2012-03-24 14:00:00,84.01048
2012-03-24 15:00:00,60.949467
2012-03-24 16:00:00,61.981262
2012-03-24 17:00:00,97.070366
2012-03-24 18:00:00,59.408863
2012-03-24 19:00:00,98.48836
2012-03-24 20:00:00,52.693024
2012-03-24 21:00:00,52.693024
2012-03-24 22:00:00,44.58649
2012-03-24 23:00:00,48.917805
2012-03-25 00:00:00,48.917805
2012-03-25 01:00:00,44.569263
2012-03-25 02:00:00,42.26891
2012-03-25 03:00:00,41.998264
2012-03-25 04:00:00,46.183735
2012-03-25 05:00:00,41.333164
2012-03-25 06:00:00,41.333164
2012-03-25 07:00:00,48.728817
2012-03-25 08:00:00,48.728817
2012-03-25 09:00:00,43.608532
2012-03-25 10:00:00,45.475887
2012-03-25 11:00:00,43.608532
2012-03-25 12:00:00,44.071846
2012-03-25 13:00:00,74.272064
2012-03-25 14:00:00,83.00929
2012-03-25 15:00:00,75.68299
2012-03-25 16:00:00,61.76064
2012-03-25 17:00:00,75.475555
2012-03-25 18:00:00,75.475555
2012-03-25 19:00:00,121.38228
2012-03-25 20:00:00,93.71272
2012-03-25 21:00:00,80.089615
2012-03-25 22:00:00,74.542625
2012-03-25 23:00:00,77.65058
2012-03-26 00:00:00,105.80412
2012-03-26 01:00:00,116.13078
2012-03-26 02:00:00,98.64263
2012-03-26 03:00:00,95.568695
2012-03-26 04:00:00,88.128845
2012-03-26 05:00:00,86.92214
2012-03-26 06:00:00,86.46159
2012-03-26 07:00:00,104.21405
2012-03-26 08:00:00,123.89929
2012-03-26 09:00:00,176.66199
2012-03-26 10:00:00,293.47928
2012-03-26 11:00:00,262.9827
2012-03-26 12:00:00,315.25772
2012-03-26 13:00:00,167.48312
2012-03-26 14:00:00,302.501
2012-03-26 15:00:00,229.04803
2012-03-26 16:00:00,165.60521
2012-03-26 17:00:00,314.01584
2012-03-26 18:00:00,320.2896
2012-03-26 19:00:00,311.2238
2012-03-26 20:00:00,234.2829
2012-03-26 21:00:00,239.79405
2012-03-26 22:00:00,272.54245
2012-03-26 23:00:00,159.053
2012-03-27 00:00:00,155.2951
2012-03-27 01:00:00,181.71146
2012-03-27 02:00:00,178.12753
2012-03-27 03:00:00,176.77109
2012-03-27 04:00:00,163.65967
2012-03-27 05:00:00,141.00987
2012-03-27 06:00:00,136.20703
2012-03-27 07:00:00,136.20703
2012-03-27 08:00:00,139.23306
2012-03-27 09:00:00,138.38824
2012-03-27 10:00:00,138.54082
2012-03-27 11:00:00,152.39226
2012-03-27 12:00:00,162.57819
2012-03-27 13:00:00,222.70749
2012-03-27 14:00:00,287.69974
2012-03-27 15:00:00,304.47726
2012-03-27 16:00:00,304.47726
2012-03-27 17:00:00,333.22482
2012-03-27 18:00:00,308.95
2012-03-27 19:00:00,324.6096
2012-03-27 20:00:00,308.94998
2012-03-27 21:00:00,157.97379
2012-03-27 22:00:00,167.86224
2012-03-27 23:00:00,143.9425
2012-03-28 00:00:00,152.87811
2012-03-28 01:00:00,147.51068
2012-03-28 02:00:00,147.98732
2012-03-28 03:00:00,165.20209
2012-03-28 04:00:00,152.26154
2012-03-28 05:00:00,152.26154
2012-03-28 06:00:00,164.38792
2012-03-28 07:00:00,159.33688
2012-03-28 08:00:00,163.55905
2012-03-28 09:00:00,188.72284
2012-03-28 10:00:00,218.39972
2012-03-28 11:00:00,222.9425
2012-03-28 12:00:00,235.62207
2012-03-28 13:00:00,240.70541
2012-03-28 14:00:00,321.527
2012-03-28 15:00:00,279.62238
2012-03-28 16:00:00,258.21457
2012-03-28 17:00:00,287.92746
2012-03-28 18:00:00,287.92746
2012-03-28 19:00:00,302.66483
2012-03-28 20:00:00,276.17706
2012-03-28 21:00:00,242.06693
2012-03-28 22:00:00,178.48807
2012-03-28 23:00:00,141.35655
2012-03-29 00:00:00,153.98213
2012-03-29 01:00:00,207.50964
2012-03-29 02:00:00,330.19113
2012-03-29 03:00:00,348.07214
2012-03-29 04:00:00,253.62595
2012-03-29 05:00:00,221.33725
2012-03-29 06:00:00,138.63402
2012-03-29 07:00:00,175.85056
2012-03-29 08:00:00,187.24408
2012-03-29 09:00:00,190.64505
2012-03-29 10:00:00,193.97318
2012-03-29 11:00:00,209.60782
2012-03-29 12:00:00,251.51715
2012-03-29 13:00:00,181.8836
2012-03-29 14:00:00,217.71423
2012-03-29 15:00:00,249.52118
2012-03-29 16:00:00,269.68445
2012-03-29 17:00:00,265.80347
2012-03-29 18:00:00,216.77274
2012-03-29 19:00:00,201.39407
2012-03-29 20:00:00,207.27321
2012-03-29 21:00:00,167.08012
2012-03-29 22:00:00,157.59814
2012-03-29 23:00:00,154.5551
2012-03-30 00:00:00,145.4962
2012-03-30 01:00:00,127.31038
2012-03-30 02:00:00,137.0466
2012-03-30 03:00:00,66.40143
2012-03-30 04:00:00,102.180725
2012-03-30 05:00:00,59.768875
2012-03-30 06:00:00,73.58053
2012-03-30 07:00:00,79.28317
2012-03-30 08:00:00,67.15782
2012-03-30 09:00:00,79.39553
2012-03-30 10:00:00,100.298584
2012-03-30 11:00:00,102.41292
2012-03-30 12:00:00,111.2338
2012-03-30 13:00:00,184.0343
2012-03-30 14:00:00,152.14049
2012-03-30 15:00:00,171.88345
2012-03-30 16:00:00,107.08668
2012-03-30 17:00:00,103.31814
2012-03-30 18:00:00,131.33125
2012-03-30 19:00:00,105.656845
2012-03-30 20:00:00,95.44046
2012-03-30 21:00:00,76.26958
2012-03-30 22:00:00,69.060074
2012-03-30 23:00:00,64.388794
2012-03-31 00:00:00,51.710155
2012-03-31 01:00:00,68.64781
2012-03-31 02:00:00,69.56675
2012-03-31 03:00:00,61.81909
2012-03-31 04:00:00,82.05879
2012-03-31 05:00:00,58.792507
2012-03-31 06:00:00,41.59361
2012-03-31 07:00:00,41.59361
2012-03-31 08:00:00,39.500942
2012-03-31 09:00:00,68.64781
2012-03-31 10:00:00,73.11483
2012-03-31 11:00:00,74.55542
2012-03-31 12:00:00,72.06133
2012-03-31 13:00:00,137.02054
2012-03-31 14:00:00,146.55127
2012-03-31 15:00:00,176.50922
2012-03-31 16:00:00,152.5436
2012-03-31 17:00:00,162.95036
2012-03-31 18:00:00,89.6711
2012-03-31 19:00:00,105.485954
2012-03-31 20:00:00,79.10466
2012-03-31 21:00:00,79.10466
2012-03-31 22:00:00,67.73476
2012-03-31 23:00:00,47.355183
2012-04-20 00:00:00,109.321
2012-04-20 01:00:00,95.568695
2012-04-20 02:00:00,91.99536
2012-04-20 03:00:00,93.388626
2012-04-20 04:00:00,93.06138
2012-04-20 05:00:00,80.0489
2012-04-20 06:00:00,79.15448
2012-04-20 07:00:00,80.0489
2012-04-20 08:00:00,84.19902
2012-04-20 09:00:00,98.11748
2012-04-20 10:00:00,117.50808
2012-04-20 11:00:00,149.34528
2012-04-20 12:00:00,273.4388
2012-04-20 13:00:00,310.72113
2012-04-20 14:00:00,317.96237
2012-04-20 15:00:00,321.06082
2012-04-20 16:00:00,319.5916
2012-04-20 17:00:00,310.8848
2012-04-20 18:00:00,299.4059
2012-04-20 19:00:00,308.78995
2012-04-20 20:00:00,253.16492
2012-04-20 21:00:00,151.82889
2012-04-20 22:00:00,162.97769
2012-04-20 23:00:00,119.87348
2012-04-21 00:00:00,108.61689
2012-04-21 01:00:00,108.61689
2012-04-21 02:00:00,86.15871
2012-04-21 03:00:00,93.517456
2012-04-21 04:00:00,101.17645
2012-04-21 05:00:00,101.17645
2012-04-21 06:00:00,93.517456
2012-04-21 07:00:00,107.847885
2012-04-21 08:00:00,110.177635
2012-04-21 09:00:00,97.61809
2012-04-21 10:00:00,257.0555
2012-04-21 11:00:00,273.5404
2012-04-21 12:00:00,325.0663
2012-04-21 13:00:00,336.82486
2012-04-21 14:00:00,374.48645
2012-04-21 15:00:00,385.66833
2012-04-21 16:00:00,407.8112
2012-04-21 17:00:00,537.0453
2012-04-21 18:00:00,298.0483
2012-04-21 19:00:00,152.03549
2012-04-21 20:00:00,94.17285
2012-04-21 21:00:00,87.045425
2012-04-21 22:00:00,100.09883
2012-04-21 23:00:00,79.9557
2012-04-22 00:00:00,85.23991
2012-04-22 01:00:00,82.305695
2012-04-22 02:00:00,110.75995
2012-04-22 03:00:00,81.106514
2012-04-22 04:00:00,80.62452
2012-04-22 05:00:00,84.65166
2012-04-22 06:00:00,104.22682
2012-04-22 07:00:00,57.63889
2012-04-22 08:00:00,45.382984
2012-04-22 09:00:00,45.382984
2012-04-22 10:00:00,50.56419
2012-04-22 11:00:00,44.76668
2012-04-22 12:00:00,56.346214
2012-04-22 13:00:00,57.37193
2012-04-22 14:00:00,56.346214
2012-04-22 15:00:00,72.056114
2012-04-22 16:00:00,66.90296
2012-04-22 17:00:00,47.884235
2012-04-22 18:00:00,47.884235
2012-04-22 19:00:00,50.137814
2012-04-22 20:00:00,55.071724
2012-04-22 21:00:00,61.551594
2012-04-22 22:00:00,42.485233
2012-04-22 23:00:00,51.956585
2012-04-23 00:00:00,56.627636
2012-04-23 01:00:00,57.854153
2012-04-23 02:00:00,57.446262
2012-04-23 03:00:00,69.69664
2012-04-23 04:00:00,49.97443
2012-04-23 05:00:00,49.97443
2012-04-23 06:00:00,65.3586
2012-04-23 07:00:00,57.095867
2012-04-23 08:00:00,64.92061
2012-04-23 09:00:00,63.600185
2012-04-23 10:00:00,91.298965
2012-04-23 11:00:00,85.14412
2012-04-23 12:00:00,67.57933
2012-04-23 13:00:00,64.64726
2012-04-23 14:00:00,67.777504
2012-04-23 15:00:00,106.67447
2012-04-23 16:00:00,67.51965
2012-04-23 17:00:00,57.179432
2012-04-23 18:00:00,75.85123
2012-04-23 19:00:00,80.63539
2012-04-23 20:00:00,70.31131
2012-04-23 21:00:00,73.77894
2012-04-23 22:00:00,74.50206
2012-04-23 23:00:00,65.99951
2012-04-24 00:00:00,73.10501
2012-04-24 01:00:00,74.263824
2012-04-24 02:00:00,70.48764
2012-04-24 03:00:00,81.97589
2012-04-24 04:00:00,86.62642
2012-04-24 05:00:00,86.62642
2012-04-24 06:00:00,98.581856
2012-04-24 07:00:00,123.062836
2012-04-24 08:00:00,112.31925
2012-04-24 09:00:00,165.1464
2012-04-24 10:00:00,154.5551
2012-04-24 11:00:00,292.40445
2012-04-24 12:00:00,314.5349
2012-04-24 13:00:00,319.31958
2012-04-24 14:00:00,329.35324
2012-04-24 15:00:00,330.11554
2012-04-24 16:00:00,341.73343
2012-04-24 17:00:00,333.09985
2012-04-24 18:00:00,350.95956
2012-04-24 19:00:00,320.8865
2012-04-24 20:00:00,331.0914
2012-04-24 21:00:00,277.39655
2012-04-24 22:00:00,200.3841
2012-04-24 23:00:00,178.43207
2012-04-25 00:00:00,190.26443
2012-04-25 01:00:00,178.21921
2012-04-25 02:00:00,66.7597
2012-04-25 03:00:00,64.917984
2012-04-25 04:00:00,64.59233
2012-04-25 05:00:00,60.007816
2012-04-25 06:00:00,60.007816
2012-04-25 07:00:00,60.727623
2012-04-25 08:00:00,74.0436
2012-04-25 09:00:00,113.07598
2012-04-25 10:00:00,223.95013
2012-04-25 11:00:00,275.89728
2012-04-25 12:00:00,352.98645
2012-04-25 13:00:00,340.03522
2012-04-25 14:00:00,346.38852
2012-04-25 15:00:00,313.19485
2012-04-25 16:00:00,321.86032
2012-04-25 17:00:00,319.83646
2012-04-25 18:00:00,314.20688
2012-04-25 19:00:00,291.54776
2012-04-25 20:00:00,345.74
2012-04-25 21:00:00,217.22617
2012-04-25 22:00:00,158.53696
2012-04-25 23:00:00,193.06729
2012-04-26 00:00:00,133.61061
2012-04-26 01:00:00,188.3653
2012-04-26 02:00:00,193.76263
2012-04-26 03:00:00,191.27487
2012-04-26 04:00:00,185.02634
2012-04-26 05:00:00,150.84494
2012-04-26 06:00:00,137.37184
2012-04-26 07:00:00,116.2762
2012-04-26 08:00:00,103.98152
2012-04-26 09:00:00,110.77839
2012-04-26 10:00:00,106.70741
2012-04-26 11:00:00,101.63928
2012-04-26 12:00:00,113.67916
2012-04-26 13:00:00,110.98916
2012-04-26 14:00:00,139.33012
2012-04-26 15:00:00,135.9205
2012-04-26 16:00:00,127.03725
2012-04-26 17:00:00,123.73367
2012-04-26 18:00:00,139.33012
2012-04-26 19:00:00,143.80692
2012-04-26 20:00:00,132.93036
2012-04-26 21:00:00,124.512436
2012-04-26 22:00:00,104.83975
2012-04-26 23:00:00,99.88351
2012-04-27 00:00:00,206.53561
2012-04-27 01:00:00,196.46829
2012-04-27 02:00:00,185.11282
2012-04-27 03:00:00,191.20679
2012-04-27 04:00:00,159.53354
2012-04-27 05:00:00,176.225
2012-04-27 06:00:00,148.64664
2012-04-27 07:00:00,127.31038
2012-04-27 08:00:00,124.23874
2012-04-27 09:00:00,197.13672
2012-04-27 10:00:00,232.63101
2012-04-27 11:00:00,209.64807
2012-04-27 12:00:00,243.82266
2012-04-27 13:00:00,277.3836
2012-04-27 14:00:00,261.12283
2012-04-27 15:00:00,339.8403
2012-04-27 16:00:00,329.1614
2012-04-27 17:00:00,332.85333
2012-04-27 18:00:00,333.1492
2012-04-27 19:00:00,326.53656
2012-04-27 20:00:00,274.81174
2012-04-27 21:00:00,237.78879
2012-04-27 22:00:00,173.50107
2012-04-27 23:00:00,155.80954
2012-04-28 00:00:00,169.78485
2012-04-28 01:00:00,155.11667
2012-04-28 02:00:00,138.88971
2012-04-28 03:00:00,132.5123
2012-04-28 04:00:00,100.11803
2012-04-28 05:00:00,111.40013
2012-04-28 06:00:00,107.61902
2012-04-28 07:00:00,100.11803
2012-04-28 08:00:00,204.07004
2012-04-28 09:00:00,307.61966
2012-04-28 10:00:00,180.84586
2012-04-28 11:00:00,196.30557
2012-04-28 12:00:00,259.37708
2012-04-28 13:00:00,317.35355
2012-04-28 14:00:00,234.8819
2012-04-28 15:00:00,199.37302
2012-04-28 16:00:00,213.26176
2012-04-28 17:00:00,203.37221
2012-04-28 18:00:00,262.57278
2012-04-28 19:00:00,65.03324
2012-04-28 20:00:00,70.776794
2012-04-28 21:00:00,49.328754
2012-04-28 22:00:00,68.06851
2012-04-28 23:00:00,72.235535
2012-04-29 00:00:00,58.6886
2012-04-29 01:00:00,62.46185
2012-04-29 02:00:00,52.94175
2012-04-29 03:00:00,39.50095
2012-04-29 04:00:00,48.786884
2012-04-29 05:00:00,30.765282
2012-04-29 06:00:00,40.870106
2012-04-29 07:00:00,38.802498
2012-04-29 08:00:00,63.187515
2012-04-29 09:00:00,61.39504
2012-04-29 10:00:00,63.51601
2012-04-29 11:00:00,155.34128
2012-04-29 12:00:00,210.3357
2012-04-29 13:00:00,217.6993
2012-04-29 14:00:00,381.97617
2012-04-29 15:00:00,330.66714
2012-04-29 16:00:00,420.10123
2012-04-29 17:00:00,454.0922
2012-04-29 18:00:00,441.02316
2012-04-29 19:00:00,363.66122
2012-04-29 20:00:00,390.01773
2012-04-29 21:00:00,228.88063
2012-04-29 22:00:00,217.26486
2012-04-29 23:00:00,91.76085
2012-04-30 00:00:00,82.607254
2012-04-30 01:00:00,83.33618
2012-04-30 02:00:00,81.71146
2012-04-30 03:00:00,79.805176
2012-04-30 04:00:00,100.72592
2012-04-30 05:00:00,100.72592
2012-04-30 06:00:00,143.9294
2012-04-30 07:00:00,132.02551
2012-04-30 08:00:00,159.97896
2012-04-30 09:00:00,134.47495
2012-04-30 10:00:00,161.17615
2012-04-30 11:00:00,178.57744
2012-04-30 12:00:00,175.31299
2012-04-30 13:00:00,190.74347
2012-04-30 14:00:00,200.50473
2012-04-30 15:00:00,201.9545
2012-04-30 16:00:00,227.92819
2012-04-30 17:00:00,223.24017
2012-04-30 18:00:00,211.41443
2012-04-30 19:00:00,171.33961
2012-04-30 20:00:00,185.19879
2012-04-30 21:00:00,185.19879
2012-04-30 22:00:00,207.30913
2012-04-30 23:00:00,190.375
2012-05-20 00:00:00,222.25034
2012-05-20 01:00:00,201.52591
2012-05-20 02:00:00,201.52591
2012-05-20 03:00:00,147.89764
2012-05-20 04:00:00,85.15148
2012-05-20 05:00:00,78.87778
2012-05-20 06:00:00,96.580025
2012-05-20 07:00:00,114.75744
2012-05-20 08:00:00,218.61644
2012-05-20 09:00:00,415.3639
2012-05-20 10:00:00,444.084
2012-05-20 11:00:00,446.58267
2012-05-20 12:00:00,445.42184
2012-05-20 13:00:00,420.7703
2012-05-20 14:00:00,464.8245
2012-05-20 15:00:00,401.70523
2012-05-20 16:00:00,427.8781
2012-05-20 17:00:00,393.89508
2012-05-20 18:00:00,338.76233
2012-05-20 19:00:00,289.41275
2012-05-20 20:00:00,289.4128
2012-05-20 21:00:00,245.04971
2012-05-20 22:00:00,220.63345
2012-05-20 23:00:00,172.05473
2012-05-21 00:00:00,154.65988
2012-05-21 01:00:00,153.68927
2012-05-21 02:00:00,133.45447
2012-05-21 03:00:00,147.77936
2012-05-21 04:00:00,145.78625
2012-05-21 05:00:00,145.78625
2012-05-21 06:00:00,145.78625
2012-05-21 07:00:00,145.78625
2012-05-21 08:00:00,139.8995
2012-05-21 09:00:00,136.01353
2012-05-21 10:00:00,152.55167
2012-05-21 11:00:00,148.5015
2012-05-21 12:00:00,166.08844
2012-05-21 13:00:00,163.489
2012-05-21 14:00:00,157.00507
2012-05-21 15:00:00,220.71333
2012-05-21 16:00:00,224.51035
2012-05-21 17:00:00,266.15964
2012-05-21 18:00:00,159.03702
2012-05-21 19:00:00,185.47156
2012-05-21 20:00:00,206.01778
2012-05-21 21:00:00,168.52191
2012-05-21 22:00:00,206.3409
2012-05-21 23:00:00,214.30324
2012-05-22 00:00:00,156.80534
2012-05-22 01:00:00,134.2706
2012-05-22 02:00:00,134.64996
2012-05-22 03:00:00,134.64996
2012-05-22 04:00:00,124.31593
2012-05-22 05:00:00,132.99796
2012-05-22 06:00:00,136.93527
2012-05-22 07:00:00,136.93527
2012-05-22 08:00:00,123.87564
2012-05-22 09:00:00,141.84056
2012-05-22 10:00:00,152.00465
2012-05-22 11:00:00,145.1655
2012-05-22 12:00:00,162.3558
2012-05-22 13:00:00,176.32373
2012-05-22 14:00:00,197.64821
2012-05-22 15:00:00,257.60535
2012-05-22 16:00:00,259.73334
2012-05-22 17:00:00,237.48279
2012-05-22 18:00:00,283.0375
2012-05-22 19:00:00,275.04642
2012-05-22 20:00:00,227.81917
2012-05-22 21:00:00,153.42258
2012-05-22 22:00:00,142.17906
2012-05-22 23:00:00,149.54182
2012-05-23 00:00:00,153.42258
2012-05-23 01:00:00,137.85992
2012-05-23 02:00:00,148.5015
2012-05-23 03:00:00,131.63017
2012-05-23 04:00:00,147.70834
2012-05-23 05:00:00,139.8995
2012-05-23 06:00:00,110.43474
2012-05-23 07:00:00,116.79732
2012-05-23 08:00:00,116.79732
2012-05-23 09:00:00,148.7287
2012-05-23 10:00:00,132.91083
2012-05-23 11:00:00,129.16492
2012-05-23 12:00:00,216.86841
2012-05-23 13:00:00,229.99179
2012-05-23 14:00:00,266.78427
2012-05-23 15:00:00,251.16791
2012-05-23 16:00:00,255.21742
2012-05-23 17:00:00,236.95966
2012-05-23 18:00:00,236.95966
2012-05-23 19:00:00,159.2618
2012-05-23 20:00:00,145.05853
2012-05-23 21:00:00,143.8473
2012-05-23 22:00:00,159.2618
2012-05-23 23:00:00,127.59906
2012-05-24 00:00:00,116.783295
2012-05-24 01:00:00,113.94997
2012-05-24 02:00:00,117.63489
2012-05-24 03:00:00,130.60648
2012-05-24 04:00:00,135.5058
2012-05-24 05:00:00,135.5058
2012-05-24 06:00:00,135.5058
2012-05-24 07:00:00,119.49807
2012-05-24 08:00:00,167.35812
2012-05-24 09:00:00,180.59349
2012-05-24 10:00:00,241.38046
2012-05-24 11:00:00,253.57083
2012-05-24 12:00:00,279.21603
2012-05-24 13:00:00,328.0267
2012-05-24 14:00:00,364.9726
2012-05-24 15:00:00,371.88132
2012-05-24 16:00:00,347.34818
2012-05-24 17:00:00,372.3264
2012-05-24 18:00:00,343.99075
2012-05-24 19:00:00,325.6618
2012-05-24 20:00:00,262.536
2012-05-24 21:00:00,199.7665
2012-05-24 22:00:00,164.20563
2012-05-24 23:00:00,177.02417
2012-05-25 00:00:00,135.71384
2012-05-25 01:00:00,122.70711
2012-05-25 02:00:00,143.8473
2012-05-25 03:00:00,135.11272
2012-05-25 04:00:00,140.19986
2012-05-25 05:00:00,136.38226
2012-05-25 06:00:00,135.11272
2012-05-25 07:00:00,143.56638
2012-05-25 08:00:00,139.99994
2012-05-25 09:00:00,145.15378
2012-05-25 10:00:00,189.12302
2012-05-25 11:00:00,173.96893
2012-05-25 12:00:00,269.09995
2012-05-25 13:00:00,306.70667
2012-05-25 14:00:00,314.1852
2012-05-25 15:00:00,354.20078
2012-05-25 16:00:00,363.8545
2012-05-25 17:00:00,383.24338
2012-05-25 18:00:00,354.20078
2012-05-25 19:00:00,366.32162
2012-05-25 20:00:00,298.06406
2012-05-25 21:00:00,278.92972
2012-05-25 22:00:00,164.86566
2012-05-25 23:00:00,198.6489
2012-05-26 00:00:00,114.3624
2012-05-26 01:00:00,104.0065
2012-05-26 02:00:00,100.05271
2012-05-26 03:00:00,91.2681
2012-05-26 04:00:00,96.80261
2012-05-26 05:00:00,147.83963
2012-05-26 06:00:00,114.665565
2012-05-26 07:00:00,119.344406
2012-05-26 08:00:00,112.61391
2012-05-26 09:00:00,126.2517
2012-05-26 10:00:00,187.40916
2012-05-26 11:00:00,230.56593
2012-05-26 12:00:00,347.44565
2012-05-26 13:00:00,355.28928
2012-05-26 14:00:00,370.75427
2012-05-26 15:00:00,386.24142
2012-05-26 16:00:00,383.5894
2012-05-26 17:00:00,395.09927
2012-05-26 18:00:00,376.27606
2012-05-26 19:00:00,343.88565
2012-05-26 20:00:00,353.59286
2012-05-26 21:00:00,331.21643
2012-05-26 22:00:00,270.86868
2012-05-26 23:00:00,270.86868
2012-05-27 00:00:00,242.12599
2012-05-27 01:00:00,202.71344
2012-05-27 02:00:00,193.26227
2012-05-27 03:00:00,153.79683
2012-05-27 04:00:00,124.20134
2012-05-27 05:00:00,124.20134
2012-05-27 06:00:00,112.93773
2012-05-27 07:00:00,105.602234
2012-05-27 08:00:00,126.2517
2012-05-27 09:00:00,153.47318
2012-05-27 10:00:00,241.06555
2012-05-27 11:00:00,332.28494
2012-05-27 12:00:00,360.28906
2012-05-27 13:00:00,361.22723
2012-05-27 14:00:00,382.41956
2012-05-27 15:00:00,391.00784
2012-05-27 16:00:00,391.00784
2012-05-27 17:00:00,391.2222
2012-05-27 18:00:00,384.50452
2012-05-27 19:00:00,361.22723
2012-05-27 20:00:00,345.3759
2012-05-27 21:00:00,224.85046
2012-05-27 22:00:00,157.85721
2012-05-27 23:00:00,138.44269
2012-05-28 00:00:00,125.18455
2012-05-28 01:00:00,181.31873
2012-05-28 02:00:00,116.237656
2012-05-28 03:00:00,126.171364
2012-05-28 04:00:00,92.84171
2012-05-28 05:00:00,92.84171
2012-05-28 06:00:00,126.171364
2012-05-28 07:00:00,85.919586
2012-05-28 08:00:00,77.62688
2012-05-28 09:00:00,162.92932
2012-05-28 10:00:00,162.92932
2012-05-28 11:00:00,264.6836
2012-05-28 12:00:00,304.63925
2012-05-28 13:00:00,375.3611
2012-05-28 14:00:00,375.3611
2012-05-28 15:00:00,377.45798
2012-05-28 16:00:00,375.59464
2012-05-28 17:00:00,377.45798
2012-05-28 18:00:00,368.73276
2012-05-28 19:00:00,368.97794
2012-05-28 20:00:00,352.25677
2012-05-28 21:00:00,345.57828
2012-05-28 22:00:00,268.7713
2012-05-28 23:00:00,226.66135
2012-05-29 00:00:00,222.86906
2012-05-29 01:00:00,222.86906
2012-05-29 02:00:00,163.3037
2012-05-29 03:00:00,233.91714
2012-05-29 04:00:00,198.6489
2012-05-29 05:00:00,198.6489
2012-05-29 06:00:00,198.6489
2012-05-29 07:00:00,198.6489
2012-05-29 08:00:00,263.80652
2012-05-29 09:00:00,336.8281
2012-05-29 10:00:00,347.18347
2012-05-29 11:00:00,379.7785
2012-05-29 12:00:00,384.20193
2012-05-29 13:00:00,362.08365
2012-05-29 14:00:00,370.76453
2012-05-29 15:00:00,357.76743
2012-05-29 16:00:00,370.75827
2012-05-29 17:00:00,364.66278
2012-05-29 18:00:00,363.60324
2012-05-29 19:00:00,361.02136
2012-05-29 20:00:00,235.05042
2012-05-29 21:00:00,163.19064
2012-05-29 22:00:00,136.38226
2012-05-29 23:00:00,145.54407
2012-05-30 00:00:00,160.46536
2012-05-30 01:00:00,162.94254
2012-05-30 02:00:00,151.06381
2012-05-30 03:00:00,150.50507
2012-05-30 04:00:00,138.67944
2012-05-30 05:00:00,173.70447
2012-05-30 06:00:00,156.68047
2012-05-30 07:00:00,175.9103
2012-05-30 08:00:00,197.18683
2012-05-30 09:00:00,238.87897
2012-05-30 10:00:00,232.18167
2012-05-30 11:00:00,280.02444
2012-05-30 12:00:00,229.49031
2012-05-30 13:00:00,234.82576
2012-05-30 14:00:00,284.00174
2012-05-30 15:00:00,310.64615
2012-05-30 16:00:00,328.92276
2012-05-30 17:00:00,271.62503
2012-05-30 18:00:00,322.34177
2012-05-30 19:00:00,328.0267
2012-05-30 20:00:00,212.13104
2012-05-30 21:00:00,272.00626
2012-05-30 22:00:00,197.45758
2012-05-30 23:00:00,230.50758
2012-05-31 00:00:00,206.01778
2012-05-31 01:00:00,171.70291
2012-05-31 02:00:00,204.39102
2012-05-31 03:00:00,168.52191
2012-05-31 04:00:00,140.67967
2012-05-31 05:00:00,246.15573
2012-05-31 06:00:00,189.97903
2012-05-31 07:00:00,259.35043
2012-05-31 08:00:00,300.91394
2012-05-31 09:00:00,331.2684
2012-05-31 10:00:00,365.41315
2012-05-31 11:00:00,320.04843
2012-05-31 12:00:00,302.18997
2012-05-31 13:00:00,324.81287
2012-05-31 14:00:00,327.94748
2012-05-31 15:00:00,317.76352
2012-05-31 16:00:00,310.11783
2012-05-31 17:00:00,338.99014
2012-05-31 18:00:00,331.1237
2012-05-31 19:00:00,324.54556
2012-05-31 20:00:00,307.64816
2012-05-31 21:00:00,307.64816
2012-05-31 22:00:00,308.06097
2012-05-31 23:00:00,331.36697
2012-06-20 00:00:00,222.86906
2012-06-20 01:00:00,202.80975
2012-06-20 02:00:00,164.38058
2012-06-20 03:00:00,151.0705
2012-06-20 04:00:00,135.1692
2012-06-20 05:00:00,135.1692
2012-06-20 06:00:00,140.3121
2012-06-20 07:00:00,147.81801
2012-06-20 08:00:00,198.85248
2012-06-20 09:00:00,225.9397
2012-06-20 10:00:00,301.68826
2012-06-20 11:00:00,311.7322
2012-06-20 12:00:00,301.4075
2012-06-20 13:00:00,282.34387
2012-06-20 14:00:00,282.01492
2012-06-20 15:00:00,338.7549
2012-06-20 16:00:00,263.9278
2012-06-20 17:00:00,328.74185
2012-06-20 18:00:00,328.74185
2012-06-20 19:00:00,272.4658
2012-06-20 20:00:00,280.84726
2012-06-20 21:00:00,277.78195
2012-06-20 22:00:00,275.9271
2012-06-20 23:00:00,314.90353
2012-06-21 00:00:00,192.9237
2012-06-21 01:00:00,162.17154
2012-06-21 02:00:00,147.79236
2012-06-21 03:00:00,148.92438
2012-06-21 04:00:00,105.63643
2012-06-21 05:00:00,109.056366
2012-06-21 06:00:00,154.52898
2012-06-21 07:00:00,154.52898
2012-06-21 08:00:00,170.3166
2012-06-21 09:00:00,314.90598
2012-06-21 10:00:00,244.17728
2012-06-21 11:00:00,348.2375
2012-06-21 12:00:00,343.92914
2012-06-21 13:00:00,377.96964
2012-06-21 14:00:00,358.38065
2012-06-21 15:00:00,320.6492
2012-06-21 16:00:00,320.12155
2012-06-21 17:00:00,386.99707
2012-06-21 18:00:00,361.87448
2012-06-21 19:00:00,356.5198
2012-06-21 20:00:00,346.57346
2012-06-21 21:00:00,300.1312
2012-06-21 22:00:00,312.634
2012-06-21 23:00:00,254.06836
2012-06-22 00:00:00,231.46597
2012-06-22 01:00:00,257.25266
2012-06-22 02:00:00,125.345505
2012-06-22 03:00:00,125.345505
2012-06-22 04:00:00,259.6907
2012-06-22 05:00:00,216.63301
2012-06-22 06:00:00,247.74895
2012-06-22 07:00:00,275.6897
2012-06-22 08:00:00,266.10345
2012-06-22 09:00:00,320.5871
2012-06-22 10:00:00,340.05472
2012-06-22 11:00:00,292.77945
2012-06-22 12:00:00,264.3596
2012-06-22 13:00:00,356.5198
2012-06-22 14:00:00,356.5198
2012-06-22 15:00:00,331.69333
2012-06-22 16:00:00,317.20395
2012-06-22 17:00:00,471.97403
2012-06-22 18:00:00,316.5688
2012-06-22 19:00:00,325.0905
2012-06-22 20:00:00,325.0905
2012-06-22 21:00:00,201.43427
2012-06-22 22:00:00,191.64694
2012-06-22 23:00:00,203.34567
2012-06-23 00:00:00,54.339188
2012-06-23 01:00:00,80.41927
2012-06-23 02:00:00,92.993675
2012-06-23 03:00:00,89.288025
2012-06-23 04:00:00,93.114525
2012-06-23 05:00:00,92.993675
2012-06-23 06:00:00,59.451107
2012-06-23 07:00:00,72.68388
2012-06-23 08:00:00,208.82106
2012-06-23 09:00:00,289.82748
2012-06-23 10:00:00,316.57074
2012-06-23 11:00:00,382.17557
2012-06-23 12:00:00,442.85242
2012-06-23 13:00:00,441.13757
2012-06-23 14:00:00,449.23007
2012-06-23 15:00:00,452.67868
2012-06-23 16:00:00,430.88742
2012-06-23 17:00:00,410.07913
2012-06-23 18:00:00,426.33398
2012-06-23 19:00:00,414.0978
2012-06-23 20:00:00,441.58667
2012-06-23 21:00:00,450.70496
2012-06-23 22:00:00,440.48825
2012-06-23 23:00:00,429.39212
2012-06-24 00:00:00,350.77402
2012-06-24 01:00:00,249.651
2012-06-24 02:00:00,407.94125
2012-06-24 03:00:00,190.09964
2012-06-24 04:00:00,262.40112
2012-06-24 05:00:00,126.41202
2012-06-24 06:00:00,181.19937
2012-06-24 07:00:00,120.16851
2012-06-24 08:00:00,270.19907
2012-06-24 09:00:00,359.74576
2012-06-24 10:00:00,494.76352
2012-06-24 11:00:00,442.51022
2012-06-24 12:00:00,448.63242
2012-06-24 13:00:00,455.5524
2012-06-24 14:00:00,436.4294
2012-06-24 15:00:00,402.3333
2012-06-24 16:00:00,419.76468
2012-06-24 17:00:00,428.04257
2012-06-24 18:00:00,434.03738
2012-06-24 19:00:00,480.7911
2012-06-24 20:00:00,411.2246
2012-06-24 21:00:00,331.21634
2012-06-24 22:00:00,273.15955
2012-06-24 23:00:00,254.62196
2012-06-25 00:00:00,310.7258
2012-06-25 01:00:00,269.69305
2012-06-25 02:00:00,248.65262
2012-06-25 03:00:00,242.08221
2012-06-25 04:00:00,142.61044
2012-06-25 05:00:00,163.56436
2012-06-25 06:00:00,127.98445
2012-06-25 07:00:00,172.28815
2012-06-25 08:00:00,214.76857
2012-06-25 09:00:00,255.95312
2012-06-25 10:00:00,286.2205
2012-06-25 11:00:00,389.35825
2012-06-25 12:00:00,373.05655
2012-06-25 13:00:00,315.66556
2012-06-25 14:00:00,361.82614
2012-06-25 15:00:00,448.5848
2012-06-25 16:00:00,405.40768
2012-06-25 17:00:00,383.8113
2012-06-25 18:00:00,399.64737
2012-06-25 19:00:00,409.75235
2012-06-25 20:00:00,423.1262
2012-06-25 21:00:00,402.73044
2012-06-25 22:00:00,403.63205
2012-06-25 23:00:00,420.97507
2012-06-26 00:00:00,413.4522
2012-06-26 01:00:00,390.704
2012-06-26 02:00:00,273.535
2012-06-26 03:00:00,244.94931
2012-06-26 04:00:00,242.06593
2012-06-26 05:00:00,236.51494
2012-06-26 06:00:00,192.4737
2012-06-26 07:00:00,206.80728
2012-06-26 08:00:00,224.9768
2012-06-26 09:00:00,294.64218
2012-06-26 10:00:00,364.8085
2012-06-26 11:00:00,400.81744
2012-06-26 12:00:00,417.5085
2012-06-26 13:00:00,426.80997
2012-06-26 14:00:00,426.80997
2012-06-26 15:00:00,411.9086
2012-06-26 16:00:00,399.86322
2012-06-26 17:00:00,399.80954
2012-06-26 18:00:00,385.8256
2012-06-26 19:00:00,335.4068
2012-06-26 20:00:00,359.19376
2012-06-26 21:00:00,386.30435
2012-06-26 22:00:00,402.72995
2012-06-26 23:00:00,309.0917
2012-06-27 00:00:00,353.98254
2012-06-27 01:00:00,310.24402
2012-06-27 02:00:00,237.70892
2012-06-27 03:00:00,242.91327
2012-06-27 04:00:00,361.2239
2012-06-27 05:00:00,324.6569
2012-06-27 06:00:00,264.64505
2012-06-27 07:00:00,336.15775
2012-06-27 08:00:00,331.5675
2012-06-27 09:00:00,382.43753
2012-06-27 10:00:00,396.85583
2012-06-27 11:00:00,380.58188
2012-06-27 12:00:00,344.34665
2012-06-27 13:00:00,341.59848
2012-06-27 14:00:00,361.59668
2012-06-27 15:00:00,386.70444
2012-06-27 16:00:00,383.57358
2012-06-27 17:00:00,375.99533
2012-06-27 18:00:00,341.59848
2012-06-27 19:00:00,356.84174
2012-06-27 20:00:00,367.79507
2012-06-27 21:00:00,386.6416
2012-06-27 22:00:00,324.18637
2012-06-27 23:00:00,269.3801
2012-06-28 00:00:00,227.18616
2012-06-28 01:00:00,223.14722
2012-06-28 02:00:00,216.64804
2012-06-28 03:00:00,216.64804
2012-06-28 04:00:00,188.49806
2012-06-28 05:00:00,198.89644
2012-06-28 06:00:00,198.89644
2012-06-28 07:00:00,188.49806
2012-06-28 08:00:00,248.71252
2012-06-28 09:00:00,262.04657
2012-06-28 10:00:00,309.3633
2012-06-28 11:00:00,360.32104
2012-06-28 12:00:00,310.85727
2012-06-28 13:00:00,305.1085
2012-06-28 14:00:00,323.3865
2012-06-28 15:00:00,323.3865
2012-06-28 16:00:00,302.59747
2012-06-28 17:00:00,296.07114
2012-06-28 18:00:00,305.68283
2012-06-28 19:00:00,323.20938
2012-06-28 20:00:00,369.70798
2012-06-28 21:00:00,303.2745
2012-06-28 22:00:00,282.51755
2012-06-28 23:00:00,271.27466
2012-06-29 00:00:00,271.27466
2012-06-29 01:00:00,272.86752
2012-06-29 02:00:00,285.4464
2012-06-29 03:00:00,285.4464
2012-06-29 04:00:00,239.17294
2012-06-29 05:00:00,208.67676
2012-06-29 06:00:00,238.13101
2012-06-29 07:00:00,208.67676
2012-06-29 08:00:00,230.19833
2012-06-29 09:00:00,286.2205
2012-06-29 10:00:00,319.07004
2012-06-29 11:00:00,412.978
2012-06-29 12:00:00,425.03073
2012-06-29 13:00:00,332.60446
2012-06-29 14:00:00,305.9058
2012-06-29 15:00:00,363.83026
2012-06-29 16:00:00,363.83026
2012-06-29 17:00:00,296.60504
2012-06-29 18:00:00,371.3436
2012-06-29 19:00:00,309.9484
2012-06-29 20:00:00,312.93594
2012-06-29 21:00:00,343.67197
2012-06-29 22:00:00,325.01102
2012-06-29 23:00:00,325.01102
2012-06-30 00:00:00,100.16258
2012-06-30 01:00:00,102.362854
2012-06-30 02:00:00,88.71487
2012-06-30 03:00:00,88.71487
2012-06-30 04:00:00,67.07352
2012-06-30 05:00:00,71.02091
2012-06-30 06:00:00,71.02091
2012-06-30 07:00:00,71.02091
2012-06-30 08:00:00,71.02091
2012-06-30 09:00:00,71.02091
2012-06-30 10:00:00,402.16187
2012-06-30 11:00:00,402.16187
2012-06-30 12:00:00,402.16187
2012-06-30 13:00:00,402.16187
2012-06-30 14:00:00,402.16187
2012-06-30 15:00:00,402.16187
2012-06-30 16:00:00,391.4047
2012-06-30 17:00:00,399.20084
2012-06-30 18:00:00,506.89682
2012-06-30 19:00:00,450.1188
2012-06-30 20:00:00,333.1435
2012-06-30 21:00:00,333.1435
2012-06-30 22:00:00,316.67853
2012-06-30 23:00:00,262.1269
2012-07-20 00:00:00,159.02538
2012-07-20 01:00:00,94.407394
2012-07-20 02:00:00,113.00401
2012-07-20 03:00:00,116.40993
2012-07-20 04:00:00,114.9594
2012-07-20 05:00:00,117.33828
2012-07-20 06:00:00,114.9594
2012-07-20 07:00:00,117.210846
2012-07-20 08:00:00,160.28468
2012-07-20 09:00:00,194.59317
2012-07-20 10:00:00,201.44934
2012-07-20 11:00:00,244.01724
2012-07-20 12:00:00,187.80156
2012-07-20 13:00:00,203.60146
2012-07-20 14:00:00,202.34218
2012-07-20 15:00:00,180.10858
2012-07-20 16:00:00,168.01904
2012-07-20 17:00:00,152.97061
2012-07-20 18:00:00,162.17578
2012-07-20 19:00:00,139.70865
2012-07-20 20:00:00,140.05447
2012-07-20 21:00:00,136.53328
2012-07-20 22:00:00,118.643364
2012-07-20 23:00:00,133.8133
2012-07-21 00:00:00,112.12018
2012-07-21 01:00:00,98.907974
2012-07-21 02:00:00,98.3368
2012-07-21 03:00:00,96.47077
2012-07-21 04:00:00,92.84618
2012-07-21 05:00:00,90.91466
2012-07-21 06:00:00,90.91466
2012-07-21 07:00:00,82.9615
2012-07-21 08:00:00,89.80449
2012-07-21 09:00:00,81.62604
2012-07-21 10:00:00,90.91466
2012-07-21 11:00:00,93.99402
2012-07-21 12:00:00,100.46912
2012-07-21 13:00:00,97.94979
2012-07-21 14:00:00,87.92158
2012-07-21 15:00:00,96.47077
2012-07-21 16:00:00,90.15524
2012-07-21 17:00:00,90.29811
2012-07-21 18:00:00,80.502975
2012-07-21 19:00:00,79.21907
2012-07-21 20:00:00,90.29811
2012-07-21 21:00:00,79.21906
2012-07-21 22:00:00,77.38462
2012-07-21 23:00:00,78.283325
2012-07-22 00:00:00,77.38462
2012-07-22 01:00:00,79.21906
2012-07-22 02:00:00,77.38462
2012-07-22 03:00:00,77.38462
2012-07-22 04:00:00,44.971237
2012-07-22 05:00:00,44.971237
2012-07-22 06:00:00,89.12756
2012-07-22 07:00:00,112.09245
2012-07-22 08:00:00,151.33548
2012-07-22 09:00:00,237.22147
2012-07-22 10:00:00,201.33382
2012-07-22 11:00:00,201.33382
2012-07-22 12:00:00,189.55592
2012-07-22 13:00:00,202.22949
2012-07-22 14:00:00,208.7084
2012-07-22 15:00:00,208.7084
2012-07-22 16:00:00,220.04181
2012-07-22 17:00:00,297.53522
2012-07-22 18:00:00,264.16946
2012-07-22 19:00:00,216.06567
2012-07-22 20:00:00,151.86102
2012-07-22 21:00:00,88.13847
2012-07-22 22:00:00,172.13736
2012-07-22 23:00:00,90.83865
2012-07-23 00:00:00,85.00975
2012-07-23 01:00:00,105.62059
2012-07-23 02:00:00,104.498405
2012-07-23 03:00:00,104.498405
2012-07-23 04:00:00,106.7742
2012-07-23 05:00:00,106.7742
2012-07-23 06:00:00,124.04257
2012-07-23 07:00:00,117.64685
2012-07-23 08:00:00,147.79236
2012-07-23 09:00:00,232.31589
2012-07-23 10:00:00,271.67624
2012-07-23 11:00:00,292.79416
2012-07-23 12:00:00,292.79416
2012-07-23 13:00:00,250.53491
2012-07-23 14:00:00,287.3157
2012-07-23 15:00:00,314.90598
2012-07-23 16:00:00,268.7627
2012-07-23 17:00:00,268.7627
2012-07-23 18:00:00,277.86435
2012-07-23 19:00:00,322.7473
2012-07-23 20:00:00,285.37598
2012-07-23 21:00:00,302.66666
2012-07-23 22:00:00,286.51114
2012-07-23 23:00:00,254.40851
2012-07-24 00:00:00,178.96353
2012-07-24 01:00:00,142.53094
2012-07-24 02:00:00,114.53374
2012-07-24 03:00:00,114.53374
2012-07-24 04:00:00,97.0409
2012-07-24 05:00:00,100.40036
2012-07-24 06:00:00,107.92076
2012-07-24 07:00:00,198.17058
2012-07-24 08:00:00,269.25565
2012-07-24 09:00:00,273.1632
2012-07-24 10:00:00,340.1884
2012-07-24 11:00:00,351.74185
2012-07-24 12:00:00,344.7241
2012-07-24 13:00:00,354.07962
2012-07-24 14:00:00,350.95822
2012-07-24 15:00:00,336.64114
2012-07-24 16:00:00,339.3705
2012-07-24 17:00:00,339.51712
2012-07-24 18:00:00,320.91922
2012-07-24 19:00:00,285.37598
2012-07-24 20:00:00,265.70605
2012-07-24 21:00:00,296.6473
2012-07-24 22:00:00,309.89322
2012-07-24 23:00:00,306.1893
2012-07-25 00:00:00,303.18552
2012-07-25 01:00:00,275.7833
2012-07-25 02:00:00,271.9919
2012-07-25 03:00:00,245.19205
2012-07-25 04:00:00,228.09909
2012-07-25 05:00:00,204.86063
2012-07-25 06:00:00,222.20801
2012-07-25 07:00:00,280.81125
2012-07-25 08:00:00,365.5198
2012-07-25 09:00:00,410.86945
2012-07-25 10:00:00,366.57516
2012-07-25 11:00:00,408.86823
2012-07-25 12:00:00,408.86823
2012-07-25 13:00:00,368.14853
2012-07-25 14:00:00,349.43698
2012-07-25 15:00:00,341.89548
2012-07-25 16:00:00,352.86075
2012-07-25 17:00:00,399.64517
2012-07-25 18:00:00,340.2617
2012-07-25 19:00:00,378.35898
2012-07-25 20:00:00,350.44525
2012-07-25 21:00:00,288.18585
2012-07-25 22:00:00,239.80606
2012-07-25 23:00:00,272.39072
2012-07-26 00:00:00,234.17284
2012-07-26 01:00:00,245.19205
2012-07-26 02:00:00,224.32213
2012-07-26 03:00:00,223.30258
2012-07-26 04:00:00,171.95691
2012-07-26 05:00:00,171.95691
2012-07-26 06:00:00,142.61044
2012-07-26 07:00:00,235.88187
2012-07-26 08:00:00,229.72375
2012-07-26 09:00:00,223.76404
2012-07-26 10:00:00,282.85654
2012-07-26 11:00:00,347.13425
2012-07-26 12:00:00,330.57025
2012-07-26 13:00:00,322.27695
2012-07-26 14:00:00,306.23343
2012-07-26 15:00:00,293.4189
2012-07-26 16:00:00,330.31674
2012-07-26 17:00:00,384.00516
2012-07-26 18:00:00,307.97052
2012-07-26 19:00:00,312.13712
2012-07-26 20:00:00,319.9273
2012-07-26 21:00:00,407.57767
2012-07-26 22:00:00,407.57767
2012-07-26 23:00:00,218.32167
2012-07-27 00:00:00,164.20377
2012-07-27 01:00:00,191.87584
2012-07-27 02:00:00,143.91612
2012-07-27 03:00:00,198.1706
2012-07-27 04:00:00,109.744774
2012-07-27 05:00:00,99.75055
2012-07-27 06:00:00,109.744774
2012-07-27 07:00:00,256.79614
2012-07-27 08:00:00,228.1853
2012-07-27 09:00:00,332.95187
2012-07-27 10:00:00,314.97244
2012-07-27 11:00:00,362.76712
2012-07-27 12:00:00,368.88086
2012-07-27 13:00:00,343.0665
2012-07-27 14:00:00,343.5458
2012-07-27 15:00:00,356.23727
2012-07-27 16:00:00,330.16226
2012-07-27 17:00:00,335.7667
2012-07-27 18:00:00,312.7311
2012-07-27 19:00:00,300.1312
2012-07-27 20:00:00,256.4305
2012-07-27 21:00:00,256.4305
2012-07-27 22:00:00,278.71176
2012-07-27 23:00:00,213.36066
2012-07-28 00:00:00,256.49295
2012-07-28 01:00:00,163.12814
2012-07-28 02:00:00,177.25964
2012-07-28 03:00:00,177.25964
2012-07-28 04:00:00,119.903404
2012-07-28 05:00:00,90.83865
2012-07-28 06:00:00,144.0087
2012-07-28 07:00:00,193.86371
2012-07-28 08:00:00,264.16946
2012-07-28 09:00:00,290.11044
2012-07-28 10:00:00,356.5377
2012-07-28 11:00:00,466.24826
2012-07-28 12:00:00,463.2406
2012-07-28 13:00:00,443.83542
2012-07-28 14:00:00,451.0201
2012-07-28 15:00:00,419.20306
2012-07-28 16:00:00,453.15747
2012-07-28 17:00:00,414.52744
2012-07-28 18:00:00,451.58676
2012-07-28 19:00:00,67.57265
2012-07-28 20:00:00,90.981255
2012-07-28 21:00:00,70.87494
2012-07-28 22:00:00,70.87494
2012-07-28 23:00:00,63.69251
2012-07-29 00:00:00,66.9588
2012-07-29 01:00:00,67.53528
2012-07-29 02:00:00,98.48815
2012-07-29 03:00:00,188.51787
2012-07-29 04:00:00,149.4474
2012-07-29 05:00:00,81.934074
2012-07-29 06:00:00,99.86898
2012-07-29 07:00:00,196.94022
2012-07-29 08:00:00,263.77762
2012-07-29 09:00:00,313.56747
2012-07-29 10:00:00,246.90103
2012-07-29 11:00:00,331.21634
2012-07-29 12:00:00,348.89688
2012-07-29 13:00:00,376.5281
2012-07-29 14:00:00,403.73087
2012-07-29 15:00:00,428.5871
2012-07-29 16:00:00,428.5871
2012-07-29 17:00:00,461.07993
2012-07-29 18:00:00,474.58658
2012-07-29 19:00:00,317.7386
2012-07-29 20:00:00,220.04181
2012-07-29 21:00:00,193.86371
2012-07-29 22:00:00,144.0087
2012-07-29 23:00:00,157.82257
2012-07-30 00:00:00,155.28632
2012-07-30 01:00:00,134.09221
2012-07-30 02:00:00,120.48742
2012-07-30 03:00:00,87.944855
2012-07-30 04:00:00,87.944855
2012-07-30 05:00:00,100.40036
2012-07-30 06:00:00,114.53374
2012-07-30 07:00:00,125.66105
2012-07-30 08:00:00,209.4512
2012-07-30 09:00:00,243.41318
2012-07-30 10:00:00,286.70798
2012-07-30 11:00:00,270.7783
2012-07-30 12:00:00,238.65372
2012-07-30 13:00:00,292.77945
2012-07-30 14:00:00,319.29044
2012-07-30 15:00:00,328.26373
2012-07-30 16:00:00,333.82663
2012-07-30 17:00:00,320.6146
2012-07-30 18:00:00,296.6724
2012-07-30 19:00:00,289.17258
2012-07-30 20:00:00,271.6661
2012-07-30 21:00:00,256.79614
2012-07-30 22:00:00,234.01917
2012-07-30 23:00:00,215.08904
2012-07-31 00:00:00,132.3497
2012-07-31 01:00:00,107.92076
2012-07-31 02:00:00,107.92073
2012-07-31 03:00:00,97.04083
2012-07-31 04:00:00,97.0409
2012-07-31 05:00:00,114.53374
2012-07-31 06:00:00,91.1819
2012-07-31 07:00:00,138.95384
2012-07-31 08:00:00,143.91612
2012-07-31 09:00:00,191.87584
2012-07-31 10:00:00,188.8312
2012-07-31 11:00:00,223.66429
2012-07-31 12:00:00,303.65463
2012-07-31 13:00:00,338.32358
2012-07-31 14:00:00,338.32358
2012-07-31 15:00:00,263.8005
2012-07-31 16:00:00,320.5871
2012-07-31 17:00:00,316.74777
2012-07-31 18:00:00,333.73807
2012-07-31 19:00:00,224.12654
2012-07-31 20:00:00,226.62619
2012-07-31 21:00:00,149.32336
2012-07-31 22:00:00,200.1395
2012-07-31 23:00:00,143.99118
2012-08-20 00:00:00,128.2822
2012-08-20 01:00:00,94.11261
2012-08-20 02:00:00,94.11261
2012-08-20 03:00:00,78.40036
2012-08-20 04:00:00,126.4686
2012-08-20 05:00:00,95.43756
2012-08-20 06:00:00,152.47891
2012-08-20 07:00:00,165.61607
2012-08-20 08:00:00,191.48106
2012-08-20 09:00:00,220.24255
2012-08-20 10:00:00,193.43346
2012-08-20 11:00:00,183.78677
2012-08-20 12:00:00,203.04591
2012-08-20 13:00:00,239.80606
2012-08-20 14:00:00,270.35245
2012-08-20 15:00:00,314.452
2012-08-20 16:00:00,314.452
2012-08-20 17:00:00,293.26508
2012-08-20 18:00:00,144.32553
2012-08-20 19:00:00,143.45708
2012-08-20 20:00:00,133.8133
2012-08-20 21:00:00,79.66301
2012-08-20 22:00:00,95.43756
2012-08-20 23:00:00,95.43756
2012-08-21 00:00:00,126.4686
2012-08-21 01:00:00,117.12894
2012-08-21 02:00:00,111.58316
2012-08-21 03:00:00,68.3162
2012-08-21 04:00:00,68.3162
2012-08-21 05:00:00,76.96854
2012-08-21 06:00:00,78.76752
2012-08-21 07:00:00,109.72274
2012-08-21 08:00:00,116.9512
2012-08-21 09:00:00,140.03009
2012-08-21 10:00:00,194.33844
2012-08-21 11:00:00,219.62933
2012-08-21 12:00:00,280.19244
2012-08-21 13:00:00,331.26627
2012-08-21 14:00:00,350.55685
2012-08-21 15:00:00,380.05817
2012-08-21 16:00:00,380.05817
2012-08-21 17:00:00,325.15463
2012-08-21 18:00:00,303.93448
2012-08-21 19:00:00,216.25958
2012-08-21 20:00:00,117.64637
2012-08-21 21:00:00,117.64637
2012-08-21 22:00:00,95.125565
2012-08-21 23:00:00,83.02214
2012-08-22 00:00:00,92.74093
2012-08-22 01:00:00,95.3292
2012-08-22 02:00:00,95.3292
2012-08-22 03:00:00,95.3292
2012-08-22 04:00:00,84.002914
2012-08-22 05:00:00,90.77791
2012-08-22 06:00:00,114.695946
2012-08-22 07:00:00,95.3292
2012-08-22 08:00:00,139.7282
2012-08-22 09:00:00,174.65466
2012-08-22 10:00:00,199.33386
2012-08-22 11:00:00,213.7623
2012-08-22 12:00:00,228.81853
2012-08-22 13:00:00,248.70813
2012-08-22 14:00:00,270.1455
2012-08-22 15:00:00,275.44897
2012-08-22 16:00:00,278.4816
2012-08-22 17:00:00,278.4816
2012-08-22 18:00:00,214.70126
2012-08-22 19:00:00,203.34567
2012-08-22 20:00:00,165.2055
2012-08-22 21:00:00,117.64637
2012-08-22 22:00:00,117.64637
2012-08-22 23:00:00,82.016556
2012-08-23 00:00:00,95.125565
2012-08-23 01:00:00,83.02214
2012-08-23 02:00:00,83.02216
2012-08-23 03:00:00,89.80557
2012-08-23 04:00:00,83.02214
2012-08-23 05:00:00,83.02214
2012-08-23 06:00:00,99.22626
2012-08-23 07:00:00,132.42615
2012-08-23 08:00:00,187.21361
2012-08-23 09:00:00,230.02406
2012-08-23 10:00:00,221.58388
2012-08-23 11:00:00,234.53874
2012-08-23 12:00:00,380.5117
2012-08-23 13:00:00,348.83127
2012-08-23 14:00:00,339.0867
2012-08-23 15:00:00,291.27527
2012-08-23 16:00:00,295.8284
2012-08-23 17:00:00,346.14267
2012-08-23 18:00:00,324.1452
2012-08-23 19:00:00,218.76678
2012-08-23 20:00:00,208.67676
2012-08-23 21:00:00,231.51831
2012-08-23 22:00:00,207.564
2012-08-23 23:00:00,222.87854
2012-08-24 00:00:00,222.87854
2012-08-24 01:00:00,204.44774
2012-08-24 02:00:00,146.07489
2012-08-24 03:00:00,117.64637
2012-08-24 04:00:00,204.44774
2012-08-24 05:00:00,95.125565
2012-08-24 06:00:00,103.72437
2012-08-24 07:00:00,160.63545
2012-08-24 08:00:00,203.34567
2012-08-24 09:00:00,255.33778
2012-08-24 10:00:00,330.6166
2012-08-24 11:00:00,250.99036
2012-08-24 12:00:00,278.75067
2012-08-24 13:00:00,385.29105
2012-08-24 14:00:00,302.69714
2012-08-24 15:00:00,268.43555
2012-08-24 16:00:00,268.43555
2012-08-24 17:00:00,298.75772
2012-08-24 18:00:00,269.19977
2012-08-24 19:00:00,254.1391
2012-08-24 20:00:00,256.08438
2012-08-24 21:00:00,238.13101
2012-08-24 22:00:00,245.39113
2012-08-24 23:00:00,196.97662
2012-08-25 00:00:00,296.7272
2012-08-25 01:00:00,243.21115
2012-08-25 02:00:00,141.18018
2012-08-25 03:00:00,126.366806
2012-08-25 04:00:00,177.37589
2012-08-25 05:00:00,136.6553
2012-08-25 06:00:00,106.37717
2012-08-25 07:00:00,103.057724
2012-08-25 08:00:00,154.9382
2012-08-25 09:00:00,224.43451
2012-08-25 10:00:00,259.13098
2012-08-25 11:00:00,299.07162
2012-08-25 12:00:00,278.62323
2012-08-25 13:00:00,340.88852
2012-08-25 14:00:00,212.0798
2012-08-25 15:00:00,165.81102
2012-08-25 16:00:00,173.70251
2012-08-25 17:00:00,177.85724
2012-08-25 18:00:00,214.87907
2012-08-25 19:00:00,133.08751
2012-08-25 20:00:00,109.672745
2012-08-25 21:00:00,130.21387
2012-08-25 22:00:00,130.21387
2012-08-25 23:00:00,98.907974
2012-08-26 00:00:00,88.442245
2012-08-26 01:00:00,75.72106
2012-08-26 02:00:00,91.96932
2012-08-26 03:00:00,97.71619
2012-08-26 04:00:00,88.63654
2012-08-26 05:00:00,75.72106
2012-08-26 06:00:00,95.97485
2012-08-26 07:00:00,75.72106
2012-08-26 08:00:00,147.39772
2012-08-26 09:00:00,132.30309
2012-08-26 10:00:00,278.8776
2012-08-26 11:00:00,292.1797
2012-08-26 12:00:00,225.61243
2012-08-26 13:00:00,159.9718
2012-08-26 14:00:00,57.747578
2012-08-26 15:00:00,111.50211
2012-08-26 16:00:00,111.50211
2012-08-26 17:00:00,80.66061
2012-08-26 18:00:00,81.978775
2012-08-26 19:00:00,87.15456
2012-08-26 20:00:00,71.02091
2012-08-26 21:00:00,71.28125
2012-08-26 22:00:00,55.33469
2012-08-26 23:00:00,60.629387
2012-08-27 00:00:00,83.02214
2012-08-27 01:00:00,79.43465
2012-08-27 02:00:00,84.76213
2012-08-27 03:00:00,79.43468
2012-08-27 04:00:00,83.02214
2012-08-27 05:00:00,79.18251
2012-08-27 06:00:00,79.18251
2012-08-27 07:00:00,87.944855
2012-08-27 08:00:00,97.0409
2012-08-27 09:00:00,100.40036
2012-08-27 10:00:00,202.62201
2012-08-27 11:00:00,282.41174
2012-08-27 12:00:00,212.03253
2012-08-27 13:00:00,289.12296
2012-08-27 14:00:00,235.05965
2012-08-27 15:00:00,339.3705
2012-08-27 16:00:00,337.1564
2012-08-27 17:00:00,337.89337
2012-08-27 18:00:00,324.6941
2012-08-27 19:00:00,282.85654
2012-08-27 20:00:00,269.25565
2012-08-27 21:00:00,242.63826
2012-08-27 22:00:00,142.05048
2012-08-27 23:00:00,132.16513
2012-08-28 00:00:00,157.50754
2012-08-28 01:00:00,118.74336
2012-08-28 02:00:00,144.59204
2012-08-28 03:00:00,94.407394
2012-08-28 04:00:00,107.92076
2012-08-28 05:00:00,144.31906
2012-08-28 06:00:00,116.40993
2012-08-28 07:00:00,148.17703
2012-08-28 08:00:00,140.75546
2012-08-28 09:00:00,201.44931
2012-08-28 10:00:00,314.2255
2012-08-28 11:00:00,336.49103
2012-08-28 12:00:00,333.82663
2012-08-28 13:00:00,369.63193
2012-08-28 14:00:00,373.22098
2012-08-28 15:00:00,341.5463
2012-08-28 16:00:00,364.2393
2012-08-28 17:00:00,440.52982
2012-08-28 18:00:00,378.13443
2012-08-28 19:00:00,313.86356
2012-08-28 20:00:00,244.89209
2012-08-28 21:00:00,232.10529
2012-08-28 22:00:00,219.62933
2012-08-28 23:00:00,203.54663
2012-08-29 00:00:00,146.07489
2012-08-29 01:00:00,176.134
2012-08-29 02:00:00,148.75467
2012-08-29 03:00:00,139.62921
2012-08-29 04:00:00,137.3383
2012-08-29 05:00:00,140.98749
2012-08-29 06:00:00,140.98749
2012-08-29 07:00:00,172.46895
2012-08-29 08:00:00,228.75691
2012-08-29 09:00:00,286.67633
2012-08-29 10:00:00,291.10312
2012-08-29 11:00:00,280.19244
2012-08-29 12:00:00,348.684
2012-08-29 13:00:00,315.11914
2012-08-29 14:00:00,326.28952
2012-08-29 15:00:00,364.9639
2012-08-29 16:00:00,380.69522
2012-08-29 17:00:00,380.5541
2012-08-29 18:00:00,338.6852
2012-08-29 19:00:00,279.8519
2012-08-29 20:00:00,203.54663
2012-08-29 21:00:00,207.54984
2012-08-29 22:00:00,223.14722
2012-08-29 23:00:00,205.35063
2012-08-30 00:00:00,140.03009
2012-08-30 01:00:00,163.82083
2012-08-30 02:00:00,114.695946
2012-08-30 03:00:00,114.695946
2012-08-30 04:00:00,114.695946
2012-08-30 05:00:00,114.695946
2012-08-30 06:00:00,94.11261
2012-08-30 07:00:00,117.64637
2012-08-30 08:00:00,169.21524
2012-08-30 09:00:00,203.43726
2012-08-30 10:00:00,222.19467
2012-08-30 11:00:00,326.28952
2012-08-30 12:00:00,299.39673
2012-08-30 13:00:00,248.70813
2012-08-30 14:00:00,275.44897
2012-08-30 15:00:00,311.21582
2012-08-30 16:00:00,336.24396
2012-08-30 17:00:00,360.13605
2012-08-30 18:00:00,377.38068
2012-08-30 19:00:00,275.44897
2012-08-30 20:00:00,275.6897
2012-08-30 21:00:00,231.98297
2012-08-30 22:00:00,150.90567
2012-08-30 23:00:00,161.79523
2012-08-31 00:00:00,124.12052
2012-08-31 01:00:00,124.12052
2012-08-31 02:00:00,94.407394
2012-08-31 03:00:00,88.64549
2012-08-31 04:00:00,88.72327
2012-08-31 05:00:00,91.1819
2012-08-31 06:00:00,106.48947
2012-08-31 07:00:00,108.98676
2012-08-31 08:00:00,216.97012
2012-08-31 09:00:00,170.3166
2012-08-31 10:00:00,228.77615
2012-08-31 11:00:00,309.9738
2012-08-31 12:00:00,294.9228
2012-08-31 13:00:00,315.0378
2012-08-31 14:00:00,293.053
2012-08-31 15:00:00,289.04462
2012-08-31 16:00:00,287.87393
2012-08-31 17:00:00,345.0992
2012-08-31 18:00:00,354.43185
2012-08-31 19:00:00,271.32254
2012-08-31 20:00:00,271.32254
2012-08-31 21:00:00,305.632
2012-08-31 22:00:00,305.632
2012-08-31 23:00:00,226.00499
2012-09-20 00:00:00,173.94852
2012-09-20 01:00:00,127.36827
2012-09-20 02:00:00,134.16495
2012-09-20 03:00:00,65.64054
2012-09-20 04:00:00,92.64848
2012-09-20 05:00:00,92.64848
2012-09-20 06:00:00,65.64054
2012-09-20 07:00:00,81.07068
2012-09-20 08:00:00,170.01569
2012-09-20 09:00:00,194.85025
2012-09-20 10:00:00,213.89523
2012-09-20 11:00:00,289.87125
2012-09-20 12:00:00,290.97733
2012-09-20 13:00:00,284.7617
2012-09-20 14:00:00,301.6027
2012-09-20 15:00:00,304.3749
2012-09-20 16:00:00,284.22147
2012-09-20 17:00:00,292.93796
2012-09-20 18:00:00,251.00891
2012-09-20 19:00:00,198.05156
2012-09-20 20:00:00,189.8383
2012-09-20 21:00:00,169.54373
2012-09-20 22:00:00,133.15869
2012-09-20 23:00:00,169.61696
2012-09-21 00:00:00,132.65187
2012-09-21 01:00:00,92.79329
2012-09-21 02:00:00,92.79329
2012-09-21 03:00:00,102.04443
2012-09-21 04:00:00,70.89211
2012-09-21 05:00:00,58.36727
2012-09-21 06:00:00,102.04443
2012-09-21 07:00:00,72.218925
2012-09-21 08:00:00,126.85636
2012-09-21 09:00:00,160.65695
2012-09-21 10:00:00,238.83536
2012-09-21 11:00:00,272.9636
2012-09-21 12:00:00,250.27667
2012-09-21 13:00:00,262.04657
2012-09-21 14:00:00,293.13916
2012-09-21 15:00:00,296.45184
2012-09-21 16:00:00,279.8519
2012-09-21 17:00:00,278.9235
2012-09-21 18:00:00,262.0483
2012-09-21 19:00:00,228.77563
2012-09-21 20:00:00,192.9769
2012-09-21 21:00:00,140.6828
2012-09-21 22:00:00,140.98749
2012-09-21 23:00:00,152.6412
2012-09-22 00:00:00,129.36368
2012-09-22 01:00:00,98.81732
2012-09-22 02:00:00,79.76639
2012-09-22 03:00:00,96.66043
2012-09-22 04:00:00,96.66043
2012-09-22 05:00:00,117.13655
2012-09-22 06:00:00,101.42055
2012-09-22 07:00:00,90.44642
2012-09-22 08:00:00,137.15378
2012-09-22 09:00:00,171.97737
2012-09-22 10:00:00,228.30817
2012-09-22 11:00:00,306.9568
2012-09-22 12:00:00,335.6156
2012-09-22 13:00:00,384.1226
2012-09-22 14:00:00,414.07455
2012-09-22 15:00:00,441.243
2012-09-22 16:00:00,380.65842
2012-09-22 17:00:00,380.65842
2012-09-22 18:00:00,338.18137
2012-09-22 19:00:00,285.40585
2012-09-22 20:00:00,324.0472
2012-09-22 21:00:00,288.4027
2012-09-22 22:00:00,276.57773
2012-09-22 23:00:00,331.0145
2012-09-23 00:00:00,484.84152
2012-09-23 01:00:00,302.35324
2012-09-23 02:00:00,362.7827
2012-09-23 03:00:00,262.9888
2012-09-23 04:00:00,276.1424
2012-09-23 05:00:00,241.5148
2012-09-23 06:00:00,220.66345
2012-09-23 07:00:00,247.26575
2012-09-23 08:00:00,263.89713
2012-09-23 09:00:00,286.79077
2012-09-23 10:00:00,409.70816
2012-09-23 11:00:00,416.7684
2012-09-23 12:00:00,392.5722
2012-09-23 13:00:00,460.05563
2012-09-23 14:00:00,472.8082
2012-09-23 15:00:00,469.0065
2012-09-23 16:00:00,473.35486
2012-09-23 17:00:00,460.23544
2012-09-23 18:00:00,477.82925
2012-09-23 19:00:00,417.3088
2012-09-23 20:00:00,417.3088
2012-09-23 21:00:00,346.46658
2012-09-23 22:00:00,396.10855
2012-09-23 23:00:00,329.17508
2012-09-24 00:00:00,272.4446
2012-09-24 01:00:00,277.12637
2012-09-24 02:00:00,308.61945
2012-09-24 03:00:00,286.57318
2012-09-24 04:00:00,289.10538
2012-09-24 05:00:00,299.28012
2012-09-24 06:00:00,321.6492
2012-09-24 07:00:00,277.12637
2012-09-24 08:00:00,300.584
2012-09-24 09:00:00,312.20206
2012-09-24 10:00:00,325.61655
2012-09-24 11:00:00,396.66776
2012-09-24 12:00:00,392.58557
2012-09-24 13:00:00,387.77878
2012-09-24 14:00:00,416.4211
2012-09-24 15:00:00,407.3668
2012-09-24 16:00:00,397.10495
2012-09-24 17:00:00,386.78818
2012-09-24 18:00:00,373.79224
2012-09-24 19:00:00,338.55978
2012-09-24 20:00:00,324.38876
2012-09-24 21:00:00,329.31744
2012-09-24 22:00:00,295.52567
2012-09-24 23:00:00,304.4758
2012-09-25 00:00:00,258.49646
2012-09-25 01:00:00,221.694
2012-09-25 02:00:00,167.87515
2012-09-25 03:00:00,257.64444
2012-09-25 04:00:00,219.2564
2012-09-25 05:00:00,176.12274
2012-09-25 06:00:00,155.7481
2012-09-25 07:00:00,149.86374
2012-09-25 08:00:00,250.57004
2012-09-25 09:00:00,277.98947
2012-09-25 10:00:00,277.56866
2012-09-25 11:00:00,364.49344
2012-09-25 12:00:00,404.9837
2012-09-25 13:00:00,391.9493
2012-09-25 14:00:00,421.9703
2012-09-25 15:00:00,420.53458
2012-09-25 16:00:00,422.22537
2012-09-25 17:00:00,424.55566
2012-09-25 18:00:00,415.09106
2012-09-25 19:00:00,345.8906
2012-09-25 20:00:00,283.26587
2012-09-25 21:00:00,283.26587
2012-09-25 22:00:00,289.60464
2012-09-25 23:00:00,271.834
2012-09-26 00:00:00,234.96191
2012-09-26 01:00:00,227.80988
2012-09-26 02:00:00,221.04523
2012-09-26 03:00:00,221.04523
2012-09-26 04:00:00,190.7514
2012-09-26 05:00:00,213.68082
2012-09-26 06:00:00,228.7615
2012-09-26 07:00:00,235.20563
2012-09-26 08:00:00,176.0682
2012-09-26 09:00:00,285.1581
2012-09-26 10:00:00,183.28476
2012-09-26 11:00:00,294.94672
2012-09-26 12:00:00,315.00052
2012-09-26 13:00:00,338.70065
2012-09-26 14:00:00,430.9707
2012-09-26 15:00:00,429.53104
2012-09-26 16:00:00,445.46216
2012-09-26 17:00:00,429.53104
2012-09-26 18:00:00,418.8988
2012-09-26 19:00:00,340.28622
2012-09-26 20:00:00,270.26413
2012-09-26 21:00:00,287.0429
2012-09-26 22:00:00,271.01108
2012-09-26 23:00:00,186.22716
2012-09-27 00:00:00,243.47641
2012-09-27 01:00:00,243.47641
2012-09-27 02:00:00,243.4764
2012-09-27 03:00:00,223.39168
2012-09-27 04:00:00,128.29324
2012-09-27 05:00:00,147.95721
2012-09-27 06:00:00,171.44339
2012-09-27 07:00:00,223.3917
2012-09-27 08:00:00,276.78394
2012-09-27 09:00:00,325.67825
2012-09-27 10:00:00,355.26016
2012-09-27 11:00:00,344.93558
2012-09-27 12:00:00,341.6218
2012-09-27 13:00:00,389.8788
2012-09-27 14:00:00,338.86215
2012-09-27 15:00:00,405.52664
2012-09-27 16:00:00,288.6584
2012-09-27 17:00:00,221.86893
2012-09-27 18:00:00,257.3877
2012-09-27 19:00:00,290.75916
2012-09-27 20:00:00,258.21555
2012-09-27 21:00:00,161.55295
2012-09-27 22:00:00,161.55295
2012-09-27 23:00:00,240.17184
2012-09-28 00:00:00,184.14682
2012-09-28 01:00:00,166.20035
2012-09-28 02:00:00,150.07
2012-09-28 03:00:00,232.03561
2012-09-28 04:00:00,193.58563
2012-09-28 05:00:00,111.7604
2012-09-28 06:00:00,143.10004
2012-09-28 07:00:00,91.66448
2012-09-28 08:00:00,208.56192
2012-09-28 09:00:00,255.15085
2012-09-28 10:00:00,283.44324
2012-09-28 11:00:00,354.90652
2012-09-28 12:00:00,336.12662
2012-09-28 13:00:00,360.89114
2012-09-28 14:00:00,336.12662
2012-09-28 15:00:00,309.95444
2012-09-28 16:00:00,348.32495
2012-09-28 17:00:00,295.17505
2012-09-28 18:00:00,333.72238
2012-09-28 19:00:00,275.29007
2012-09-28 20:00:00,304.2873
2012-09-28 21:00:00,295.717
2012-09-28 22:00:00,290.8911
2012-09-28 23:00:00,289.2712
2012-09-29 00:00:00,287.18323
2012-09-29 01:00:00,287.18323
2012-09-29 02:00:00,304.89987
2012-09-29 03:00:00,293.36282
2012-09-29 04:00:00,268.82877
2012-09-29 05:00:00,260.55667
2012-09-29 06:00:00,223.02567
2012-09-29 07:00:00,207.40593
2012-09-29 08:00:00,200.8559
2012-09-29 09:00:00,260.55667
2012-09-29 10:00:00,310.72232
2012-09-29 11:00:00,336.05844
2012-09-29 12:00:00,487.00806
2012-09-29 13:00:00,487.00806
2012-09-29 14:00:00,484.9639
2012-09-29 15:00:00,476.59592
2012-09-29 16:00:00,489.00296
2012-09-29 17:00:00,461.11734
2012-09-29 18:00:00,420.9782
2012-09-29 19:00:00,339.37155
2012-09-29 20:00:00,337.48087
2012-09-29 21:00:00,330.39438
2012-09-29 22:00:00,306.90097
2012-09-29 23:00:00,305.63928
2012-09-30 00:00:00,358.70096
2012-09-30 01:00:00,358.70096
2012-09-30 02:00:00,342.06473
2012-09-30 03:00:00,286.67578
2012-09-30 04:00:00,286.67578
2012-09-30 05:00:00,244.00285
2012-09-30 06:00:00,248.75156
2012-09-30 07:00:00,178.40439
2012-09-30 08:00:00,288.041
2012-09-30 09:00:00,308.6539
2012-09-30 10:00:00,413.06302
2012-09-30 11:00:00,478.20096
2012-09-30 12:00:00,487.00806
2012-09-30 13:00:00,489.00296
2012-09-30 14:00:00,489.00296
2012-09-30 15:00:00,481.75366
2012-09-30 16:00:00,477.61234
2012-09-30 17:00:00,489.93918
2012-09-30 18:00:00,278.84964
2012-09-30 19:00:00,263.7038
2012-09-30 20:00:00,263.7038
2012-09-30 21:00:00,322.97266
2012-09-30 22:00:00,269.21426
2012-09-30 23:00:00,261.08353
2012-10-20 00:00:00,147.11824
2012-10-20 01:00:00,211.25293
2012-10-20 02:00:00,182.3078
2012-10-20 03:00:00,154.0662
2012-10-20 04:00:00,244.00285
2012-10-20 05:00:00,111.1895
2012-10-20 06:00:00,240.26617
2012-10-20 07:00:00,111.1895
2012-10-20 08:00:00,260.7598
2012-10-20 09:00:00,316.19608
2012-10-20 10:00:00,343.46146
2012-10-20 11:00:00,365.07635
2012-10-20 12:00:00,374.87552
2012-10-20 13:00:00,428.66614
2012-10-20 14:00:00,446.2883
2012-10-20 15:00:00,423.21738
2012-10-20 16:00:00,410.479
2012-10-20 17:00:00,478.58078
2012-10-20 18:00:00,461.07278
2012-10-20 19:00:00,375.3872
2012-10-20 20:00:00,445.9617
2012-10-20 21:00:00,344.2346
2012-10-20 22:00:00,287.60486
2012-10-20 23:00:00,326.65817
2012-10-21 00:00:00,288.94263
2012-10-21 01:00:00,246.02739
2012-10-21 02:00:00,219.3647
2012-10-21 03:00:00,226.63324
2012-10-21 04:00:00,149.48883
2012-10-21 05:00:00,226.63324
2012-10-21 06:00:00,293.49197
2012-10-21 07:00:00,293.49197
2012-10-21 08:00:00,284.57684
2012-10-21 09:00:00,299.94083
2012-10-21 10:00:00,308.69992
2012-10-21 11:00:00,360.094
2012-10-21 12:00:00,403.49643
2012-10-21 13:00:00,474.04794
2012-10-21 14:00:00,480.02417
2012-10-21 15:00:00,437.47934
2012-10-21 16:00:00,478.58078
2012-10-21 17:00:00,433.7726
2012-10-21 18:00:00,462.1369
2012-10-21 19:00:00,407.3182
2012-10-21 20:00:00,384.27588
2012-10-21 21:00:00,273.24045
2012-10-21 22:00:00,336.08524
2012-10-21 23:00:00,352.6785
2012-10-22 00:00:00,252.37067
2012-10-22 01:00:00,160.62903
2012-10-22 02:00:00,147.07394
2012-10-22 03:00:00,252.37067
2012-10-22 04:00:00,183.93034
2012-10-22 05:00:00,141.19534
2012-10-22 06:00:00,125.175446
2012-10-22 07:00:00,258.50244
2012-10-22 08:00:00,233.89131
2012-10-22 09:00:00,322.01514
2012-10-22 10:00:00,343.16312
2012-10-22 11:00:00,378.0229
2012-10-22 12:00:00,358.6705
2012-10-22 13:00:00,370.3793
2012-10-22 14:00:00,355.34134
2012-10-22 15:00:00,377.8989
2012-10-22 16:00:00,383.1841
2012-10-22 17:00:00,357.54062
2012-10-22 18:00:00,317.8037
2012-10-22 19:00:00,324.38876
2012-10-22 20:00:00,333.3907
2012-10-22 21:00:00,310.6285
2012-10-22 22:00:00,154.06198
2012-10-22 23:00:00,162.37523
2012-10-23 00:00:00,132.65746
2012-10-23 01:00:00,169.50548
2012-10-23 02:00:00,132.41187
2012-10-23 03:00:00,178.07904
2012-10-23 04:00:00,178.30786
2012-10-23 05:00:00,202.62698
2012-10-23 06:00:00,124.64953
2012-10-23 07:00:00,194.72437
2012-10-23 08:00:00,279.89328
2012-10-23 09:00:00,293.31537
2012-10-23 10:00:00,340.26224
2012-10-23 11:00:00,345.05527
2012-10-23 12:00:00,306.53513
2012-10-23 13:00:00,387.20627
2012-10-23 14:00:00,388.5427
2012-10-23 15:00:00,426.3533
2012-10-23 16:00:00,320.44046
2012-10-23 17:00:00,359.58652
2012-10-23 18:00:00,315.58322
2012-10-23 19:00:00,316.17245
2012-10-23 20:00:00,304.92624
2012-10-23 21:00:00,310.78027
2012-10-23 22:00:00,303.5753
2012-10-23 23:00:00,278.501
2012-10-24 00:00:00,277.72354
2012-10-24 01:00:00,301.627
2012-10-24 02:00:00,301.62704
2012-10-24 03:00:00,248.29594
2012-10-24 04:00:00,248.29596
2012-10-24 05:00:00,128.54616
2012-10-24 06:00:00,177.6915
2012-10-24 07:00:00,146.77301
2012-10-24 08:00:00,215.13878
2012-10-24 09:00:00,275.21964
2012-10-24 10:00:00,278.946
2012-10-24 11:00:00,330.43326
2012-10-24 12:00:00,306.35623
2012-10-24 13:00:00,340.22934
2012-10-24 14:00:00,367.35385
2012-10-24 15:00:00,358.10342
2012-10-24 16:00:00,409.89127
2012-10-24 17:00:00,345.24857
2012-10-24 18:00:00,345.80484
2012-10-24 19:00:00,308.84677
2012-10-24 20:00:00,312.60635
2012-10-24 21:00:00,312.10843
2012-10-24 22:00:00,307.3375
2012-10-24 23:00:00,317.59286
2012-10-25 00:00:00,313.4714
2012-10-25 01:00:00,312.72498
2012-10-25 02:00:00,187.26202
2012-10-25 03:00:00,155.80951
2012-10-25 04:00:00,161.64337
2012-10-25 05:00:00,141.98946
2012-10-25 06:00:00,135.46288
2012-10-25 07:00:00,135.46288
2012-10-25 08:00:00,170.57404
2012-10-25 09:00:00,153.1574
2012-10-25 10:00:00,203.76389
2012-10-25 11:00:00,226.39859
2012-10-25 12:00:00,274.81375
2012-10-25 13:00:00,226.30753
2012-10-25 14:00:00,276.62848
2012-10-25 15:00:00,292.189
2012-10-25 16:00:00,285.15042
2012-10-25 17:00:00,285.15042
2012-10-25 18:00:00,211.32094
2012-10-25 19:00:00,149.92297
2012-10-25 20:00:00,155.80951
2012-10-25 21:00:00,155.80951
2012-10-25 22:00:00,236.09076
2012-10-25 23:00:00,203.7639
2012-10-26 00:00:00,223.7868
2012-10-26 01:00:00,155.98178
2012-10-26 02:00:00,161.64337
2012-10-26 03:00:00,141.98946
2012-10-26 04:00:00,141.98946
2012-10-26 05:00:00,161.64337
2012-10-26 06:00:00,155.98178
2012-10-26 07:00:00,161.64337
2012-10-26 08:00:00,164.41064
2012-10-26 09:00:00,164.41064
2012-10-26 10:00:00,177.58255
2012-10-26 11:00:00,235.73747
2012-10-26 12:00:00,264.03854
2012-10-26 13:00:00,308.0106
2012-10-26 14:00:00,307.3375
2012-10-26 15:00:00,312.10843
2012-10-26 16:00:00,281.9031
2012-10-26 17:00:00,233.03586
2012-10-26 18:00:00,254.49939
2012-10-26 19:00:00,179.84395
2012-10-26 20:00:00,179.84396
2012-10-26 21:00:00,253.23737
2012-10-26 22:00:00,193.81296
2012-10-26 23:00:00,156.69711
2012-10-27 00:00:00,142.43016
2012-10-27 01:00:00,148.04501
2012-10-27 02:00:00,145.13379
2012-10-27 03:00:00,142.24799
2012-10-27 04:00:00,146.12097
2012-10-27 05:00:00,150.37898
2012-10-27 06:00:00,150.37898
2012-10-27 07:00:00,145.39032
2012-10-27 08:00:00,166.46567
2012-10-27 09:00:00,166.46567
2012-10-27 10:00:00,179.27647
2012-10-27 11:00:00,246.23427
2012-10-27 12:00:00,392.4377
2012-10-27 13:00:00,476.59592
2012-10-27 14:00:00,463.15884
2012-10-27 15:00:00,259.0909
2012-10-27 16:00:00,240.84323
2012-10-27 17:00:00,240.84323
2012-10-27 18:00:00,240.84323
2012-10-27 19:00:00,193.59923
2012-10-27 20:00:00,193.59923
2012-10-27 21:00:00,193.59923
2012-10-27 22:00:00,184.15909
2012-10-27 23:00:00,217.06744
2012-10-28 00:00:00,213.20218
2012-10-28 01:00:00,194.98749
2012-10-28 02:00:00,210.48712
2012-10-28 03:00:00,230.56744
2012-10-28 04:00:00,226.66476
2012-10-28 05:00:00,228.67307
2012-10-28 06:00:00,242.25928
2012-10-28 07:00:00,243.63925
2012-10-28 08:00:00,260.57248
2012-10-28 09:00:00,263.09344
2012-10-28 10:00:00,276.52994
2012-10-28 11:00:00,282.61478
2012-10-28 12:00:00,249.89355
2012-10-28 13:00:00,237.53992
2012-10-28 14:00:00,248.18234
2012-10-28 15:00:00,238.45459
2012-10-28 16:00:00,187.65892
2012-10-28 17:00:00,124.8752
2012-10-28 18:00:00,14.486006
2012-10-28 19:00:00,73.3185
2012-10-28 20:00:00,19.099115
2012-10-28 21:00:00,75.36188
2012-10-28 22:00:00,147.5799
2012-10-28 23:00:00,73.3185
2012-10-29 00:00:00,180.81314
2012-10-30 13:00:00,57.854885
2012-10-30 14:00:00,57.854885
2012-10-30 15:00:00,171.14124
2012-10-30 16:00:00,171.14124
2012-10-30 17:00:00,170.39346
2012-10-30 18:00:00,146.48956
2012-10-30 19:00:00,267.02432
2012-10-30 20:00:00,174.70564
2012-10-30 21:00:00,137.29517
2012-10-30 22:00:00,150.67056
2012-10-30 23:00:00,150.67056
2012-10-31 00:00:00,132.51538
2012-10-31 01:00:00,127.0448
2012-10-31 02:00:00,146.35236
2012-10-31 03:00:00,132.51538
2012-10-31 04:00:00,176.59302
2012-10-31 05:00:00,146.35236
2012-10-31 06:00:00,164.28676
2012-10-31 07:00:00,151.16138
2012-10-31 08:00:00,143.32947
2012-10-31 09:00:00,142.68018
2012-10-31 10:00:00,213.64777
2012-10-31 11:00:00,202.92892
2012-10-31 12:00:00,274.00296
2012-10-31 13:00:00,280.16254
2012-10-31 14:00:00,268.39365
2012-10-31 15:00:00,311.61496
2012-10-31 16:00:00,268.03513
2012-10-31 17:00:00,285.5951
2012-10-31 18:00:00,285.5951
2012-10-31 19:00:00,284.63046
2012-10-31 20:00:00,284.63046
2012-10-31 21:00:00,284.63046
2012-10-31 22:00:00,266.09372
2012-10-31 23:00:00,277.087
2012-11-20 00:00:00,139.62062
2012-11-20 01:00:00,185.61462
2012-11-20 02:00:00,113.99123
2012-11-20 03:00:00,112.62806
2012-11-20 04:00:00,195.30698
2012-11-20 05:00:00,166.4372
2012-11-20 06:00:00,166.99382
2012-11-20 07:00:00,114.73393
2012-11-20 08:00:00,145.14502
2012-11-20 09:00:00,147.09268
2012-11-20 10:00:00,266.30927
2012-11-20 11:00:00,285.10736
2012-11-20 12:00:00,254.0737
2012-11-20 13:00:00,332.58948
2012-11-20 14:00:00,323.46616
2012-11-20 15:00:00,327.83035
2012-11-20 16:00:00,312.29483
2012-11-20 17:00:00,194.49075
2012-11-20 18:00:00,266.30927
2012-11-20 19:00:00,188.29922
2012-11-20 20:00:00,130.07086
2012-11-20 21:00:00,130.81529
2012-11-20 22:00:00,130.81529
2012-11-20 23:00:00,131.83006
2012-11-21 00:00:00,95.57887
2012-11-21 01:00:00,131.83006
2012-11-21 02:00:00,150.35858
2012-11-21 03:00:00,150.35858
2012-11-21 04:00:00,150.35858
2012-11-21 05:00:00,150.35858
2012-11-21 06:00:00,142.81747
2012-11-21 07:00:00,148.01962
2012-11-21 08:00:00,131.17633
2012-11-21 09:00:00,114.73396
2012-11-21 10:00:00,205.288
2012-11-21 11:00:00,293.08932
2012-11-21 12:00:00,317.1248
2012-11-21 13:00:00,338.2688
2012-11-21 14:00:00,364.3462
2012-11-21 15:00:00,296.57785
2012-11-21 16:00:00,341.93478
2012-11-21 17:00:00,287.24908
2012-11-21 18:00:00,271.1898
2012-11-21 19:00:00,274.73083
2012-11-21 20:00:00,245.48993
2012-11-21 21:00:00,266.76382
2012-11-21 22:00:00,253.62347
2012-11-21 23:00:00,165.99854
2012-11-22 00:00:00,-5.207199
2012-11-22 01:00:00,-35.222115
2012-11-22 02:00:00,-69.66966
2012-11-22 03:00:00,-63.51118
2012-11-22 04:00:00,-54.330036
2012-11-22 05:00:00,-63.51118
2012-11-22 06:00:00,-37.733875
2012-11-22 07:00:00,-64.59001
2012-11-22 08:00:00,-52.318203
2012-11-22 09:00:00,-22.624954
2012-11-22 10:00:00,137.12686
2012-11-22 11:00:00,247.813
2012-11-22 12:00:00,249.07782
2012-11-22 13:00:00,345.26636
2012-11-22 14:00:00,402.1404
2012-11-22 15:00:00,402.1404
2012-11-22 16:00:00,318.02695
2012-11-22 17:00:00,249.07782
2012-11-22 18:00:00,153.14893
2012-11-22 19:00:00,11.078559
2012-11-22 20:00:00,1.2417573
2012-11-22 21:00:00,59.072094
2012-11-22 22:00:00,7.548896
2012-11-22 23:00:00,-27.57507
2012-11-23 00:00:00,86.843765
2012-11-23 01:00:00,131.17744
2012-11-23 02:00:00,112.91661
2012-11-23 03:00:00,63.039745
2012-11-23 04:00:00,126.90675
2012-11-23 05:00:00,90.00632
2012-11-23 06:00:00,90.00632
2012-11-23 07:00:00,90.00632
2012-11-23 08:00:00,154.85052
2012-11-23 09:00:00,125.485344
2012-11-23 10:00:00,202.37418
2012-11-23 11:00:00,293.08932
2012-11-23 12:00:00,315.75565
2012-11-23 13:00:00,319.7208
2012-11-23 14:00:00,372.40823
2012-11-23 15:00:00,321.36978
2012-11-23 16:00:00,285.12262
2012-11-23 17:00:00,274.1398
2012-11-23 18:00:00,339.4147
2012-11-23 19:00:00,295.2673
2012-11-23 20:00:00,285.50314
2012-11-23 21:00:00,275.7937
2012-11-23 22:00:00,374.47836
2012-11-23 23:00:00,342.6058
2012-11-24 00:00:00,316.78644
2012-11-24 01:00:00,248.0462
2012-11-24 02:00:00,162.57939
2012-11-24 03:00:00,193.0636
2012-11-24 04:00:00,194.50792
2012-11-24 05:00:00,111.71838
2012-11-24 06:00:00,54.2984
2012-11-24 07:00:00,66.10724
2012-11-24 08:00:00,120.30121
2012-11-24 09:00:00,147.50221
2012-11-24 10:00:00,42.19858
2012-11-24 11:00:00,82.39543
2012-11-24 12:00:00,53.274708
2012-11-24 13:00:00,265.71756
2012-11-24 14:00:00,256.43845
2012-11-24 15:00:00,243.20016
2012-11-24 16:00:00,222.41159
2012-11-24 17:00:00,170.20749
2012-11-24 18:00:00,207.45573
2012-11-24 19:00:00,85.62857
2012-11-24 20:00:00,54.29839
2012-11-24 21:00:00,84.37169
2012-11-24 22:00:00,63.015995
2012-11-24 23:00:00,84.37169
2012-11-25 00:00:00,40.868465
2012-11-25 01:00:00,65.58423
2012-11-25 02:00:00,35.174473
2012-11-25 03:00:00,150.45418
2012-11-25 04:00:00,150.45418
2012-11-25 05:00:00,54.99516
2012-11-25 06:00:00,56.40991
2012-11-25 07:00:00,35.825726
2012-11-25 08:00:00,38.688152
2012-11-25 09:00:00,51.277233
2012-11-25 10:00:00,63.91568
2012-11-25 11:00:00,70.586624
2012-11-25 12:00:00,70.586624
2012-11-25 13:00:00,124.13405
2012-11-25 14:00:00,91.16458
2012-11-25 15:00:00,151.85396
2012-11-25 16:00:00,173.00528
2012-11-25 17:00:00,155.83936
2012-11-25 18:00:00,122.14906
2012-11-25 19:00:00,213.55547
2012-11-25 20:00:00,91.27954
2012-11-25 21:00:00,187.27428
2012-11-25 22:00:00,91.27954
2012-11-25 23:00:00,42.773983
2012-11-26 00:00:00,57.894466
2012-11-26 01:00:00,56.762695
2012-11-26 02:00:00,56.762695
2012-11-26 03:00:00,56.762695
2012-11-26 04:00:00,57.894466
2012-11-26 05:00:00,155.92911
2012-11-26 06:00:00,57.894466
2012-11-26 07:00:00,61.49311
2012-11-26 08:00:00,61.49311
2012-11-26 09:00:00,168.12958
2012-11-26 10:00:00,239.42403
2012-11-26 11:00:00,286.09946
2012-11-26 12:00:00,276.861
2012-11-26 13:00:00,276.861
2012-11-26 14:00:00,292.79166
2012-11-26 15:00:00,262.0245
2012-11-26 16:00:00,309.93564
2012-11-26 17:00:00,286.7356
2012-11-26 18:00:00,278.61874
2012-11-26 19:00:00,247.64601
2012-11-26 20:00:00,253.62347
2012-11-26 21:00:00,253.62347
2012-11-26 22:00:00,165.99847
2012-11-26 23:00:00,115.714066
2012-11-27 00:00:00,107.48859
2012-11-27 01:00:00,128.58603
2012-11-27 02:00:00,161.38461
2012-11-27 03:00:00,121.91133
2012-11-27 04:00:00,160.68933
2012-11-27 05:00:00,183.05261
2012-11-27 06:00:00,158.11314
2012-11-27 07:00:00,141.77426
2012-11-27 08:00:00,148.02908
2012-11-27 09:00:00,138.51498
2012-11-27 10:00:00,157.77309
2012-11-27 11:00:00,131.7432
2012-11-27 12:00:00,27.97601
2012-11-27 13:00:00,160.13072
2012-11-27 14:00:00,41.84103
2012-11-27 15:00:00,185.55188
2012-11-27 16:00:00,185.55188
2012-11-27 17:00:00,105.4978
2012-11-27 18:00:00,66.40468
2012-11-27 19:00:00,190.2031
2012-11-27 20:00:00,127.673416
2012-11-27 21:00:00,136.99829
2012-11-27 22:00:00,179.73633
2012-11-27 23:00:00,179.18884
2012-11-28 00:00:00,182.94913
2012-11-28 01:00:00,186.9552
2012-11-28 02:00:00,186.9552
2012-11-28 03:00:00,188.43048
2012-11-28 04:00:00,175.26025
2012-11-28 05:00:00,127.042755
2012-11-28 06:00:00,188.8843
2012-11-28 07:00:00,185.62491
2012-11-28 08:00:00,147.0043
2012-11-28 09:00:00,206.603
2012-11-28 10:00:00,247.04387
2012-11-28 11:00:00,254.51453
2012-11-28 12:00:00,260.16122
2012-11-28 13:00:00,255.16026
2012-11-28 14:00:00,255.61453
2012-11-28 15:00:00,293.3701
2012-11-28 16:00:00,289.1636
2012-11-28 17:00:00,212.29716
2012-11-28 18:00:00,248.16379
2012-11-28 19:00:00,217.5111
2012-11-28 20:00:00,220.95642
2012-11-28 21:00:00,222.13641
2012-11-28 22:00:00,217.99808
2012-11-28 23:00:00,195.99823
2012-11-29 00:00:00,82.523544
2012-11-29 01:00:00,82.1062
2012-11-29 02:00:00,53.92992
2012-11-29 04:00:00,118.60239
2012-11-29 05:00:00,56.762695
2012-11-29 06:00:00,57.894466
2012-11-29 07:00:00,46.839333
2012-11-29 08:00:00,110.48374
2012-11-29 09:00:00,82.185745
2012-11-29 10:00:00,89.26428
2012-11-29 11:00:00,256.35956
2012-11-29 12:00:00,258.00873
2012-11-29 13:00:00,274.25717
2012-11-29 14:00:00,259.54257
2012-11-29 15:00:00,241.10876
2012-11-29 16:00:00,251.71747
2012-11-29 17:00:00,238.06247
2012-11-29 18:00:00,249.78674
2012-11-29 19:00:00,227.24779
2012-11-29 20:00:00,224.71338
2012-11-29 21:00:00,121.6309
2012-11-29 22:00:00,97.95157
2012-11-29 23:00:00,112.035736
2012-11-30 00:00:00,157.97427
2012-11-30 01:00:00,101.74088
2012-11-30 02:00:00,73.59885
2012-11-30 03:00:00,73.59885
2012-11-30 04:00:00,72.45019
2012-11-30 05:00:00,85.58035
2012-11-30 06:00:00,98.64266
2012-11-30 07:00:00,86.23991
2012-11-30 08:00:00,130.35712
2012-11-30 09:00:00,116.92458
2012-11-30 10:00:00,122.13489
2012-11-30 11:00:00,241.92908
2012-11-30 12:00:00,304.18912
2012-11-30 13:00:00,253.51508
2012-11-30 14:00:00,245.43048
2012-11-30 15:00:00,232.92345
2012-11-30 16:00:00,284.92712
2012-11-30 17:00:00,276.89978
2012-11-30 18:00:00,222.99287
2012-11-30 19:00:00,120.59914
2012-11-30 20:00:00,120.59914
2012-11-30 21:00:00,111.97822
2012-11-30 22:00:00,77.482735
2012-11-30 23:00:00,111.90773
2012-12-20 00:00:00,203.42302
2012-12-20 01:00:00,120.59914
2012-12-20 02:00:00,120.59914
2012-12-20 03:00:00,95.88937
2012-12-20 04:00:00,95.88937
2012-12-20 05:00:00,104.06153
2012-12-20 06:00:00,122.13489
2012-12-20 07:00:00,87.49443
2012-12-20 08:00:00,87.49443
2012-12-20 09:00:00,87.49443
2012-12-20 10:00:00,130.60052
2012-12-20 11:00:00,243.40265
2012-12-20 12:00:00,269.20065
2012-12-20 13:00:00,254.8054
2012-12-20 14:00:00,265.7288
2012-12-20 15:00:00,245.0824
2012-12-20 16:00:00,170.76202
2012-12-20 17:00:00,195.30698
2012-12-20 18:00:00,178.50476
2012-12-20 19:00:00,197.08383
2012-12-20 20:00:00,143.52274
2012-12-20 21:00:00,143.52274
2012-12-20 22:00:00,156.93991
2012-12-20 23:00:00,179.09445
2012-12-21 00:00:00,95.487274
2012-12-21 01:00:00,91.91986
2012-12-21 02:00:00,89.64786
2012-12-21 03:00:00,89.64786
2012-12-21 04:00:00,100.25252
2012-12-21 05:00:00,73.04266
2012-12-21 06:00:00,92.42224
2012-12-21 07:00:00,106.54795
2012-12-21 08:00:00,111.33879
2012-12-21 09:00:00,113.05336
2012-12-21 10:00:00,139.36154
2012-12-21 11:00:00,117.163155
2012-12-21 12:00:00,120.43512
2012-12-21 13:00:00,118.14848
2012-12-21 14:00:00,118.33998
2012-12-21 15:00:00,111.77394
2012-12-21 16:00:00,114.08046
2012-12-21 17:00:00,68.81052
2012-12-21 18:00:00,71.87412
2012-12-21 19:00:00,117.85149
2012-12-21 20:00:00,120.04945
2012-12-21 21:00:00,108.87371
2012-12-21 22:00:00,108.616806
2012-12-21 23:00:00,109.684906
2012-12-22 00:00:00,144.30519
2012-12-22 01:00:00,77.006584
2012-12-22 02:00:00,93.1743
2012-12-22 03:00:00,98.50577
2012-12-22 04:00:00,82.22189
2012-12-22 05:00:00,82.68809
2012-12-22 06:00:00,74.20651
2012-12-22 07:00:00,74.20651
2012-12-22 08:00:00,165.02551
2012-12-22 09:00:00,77.685425
2012-12-22 10:00:00,69.36327
2012-12-22 11:00:00,105.21597
2012-12-22 12:00:00,111.01459
2012-12-22 13:00:00,135.59987
2012-12-22 14:00:00,136.05484
2012-12-22 15:00:00,64.028725
2012-12-22 16:00:00,117.70432
2012-12-22 17:00:00,109.85509
2012-12-22 18:00:00,79.77348
2012-12-22 19:00:00,76.80589
2012-12-22 20:00:00,64.39626
2012-12-22 21:00:00,60.470272
2012-12-22 22:00:00,60.470272
2012-12-22 23:00:00,47.22752
2012-12-23 00:00:00,58.115612
2012-12-23 01:00:00,59.297222
2012-12-23 02:00:00,38.77712
2012-12-23 03:00:00,44.441235
2012-12-23 04:00:00,47.10447
2012-12-23 05:00:00,51.579285
2012-12-23 06:00:00,34.399403
2012-12-23 07:00:00,34.399403
2012-12-23 08:00:00,27.49136
2012-12-23 09:00:00,40.16126
2012-12-23 10:00:00,38.12959
2012-12-23 11:00:00,49.71633
2012-12-23 12:00:00,114.34685
2012-12-23 13:00:00,139.80353
2012-12-23 14:00:00,163.73047
2012-12-23 15:00:00,196.9255
2012-12-23 16:00:00,179.01938
2012-12-23 17:00:00,110.163666
2012-12-23 18:00:00,101.570404
2012-12-23 19:00:00,118.56661
2012-12-23 20:00:00,62.331196
2012-12-23 21:00:00,45.390865
2012-12-23 22:00:00,55.552624
2012-12-23 23:00:00,59.46887
2012-12-24 00:00:00,78.04837
2012-12-24 01:00:00,78.048355
2012-12-24 02:00:00,70.904816
2012-12-24 03:00:00,70.904816
2012-12-24 05:00:00,68.288185
2012-12-24 06:00:00,70.904816
2012-12-24 07:00:00,74.95503
2012-12-24 08:00:00,78.048355
2012-12-24 09:00:00,85.79491
2012-12-24 10:00:00,94.269806
2012-12-24 11:00:00,84.07406
2012-12-24 12:00:00,98.86801
2012-12-24 13:00:00,74.4236
2012-12-24 14:00:00,72.49626
2012-12-24 15:00:00,57.086945
2012-12-24 16:00:00,57.086945
2012-12-24 17:00:00,59.2653
2012-12-24 18:00:00,71.18317
2012-12-24 19:00:00,68.95881
2012-12-24 20:00:00,62.40372
2012-12-24 21:00:00,72.9966
2012-12-24 22:00:00,76.91832
2012-12-24 23:00:00,80.2106
2012-12-25 00:00:00,21.189518
2012-12-25 01:00:00,36.45027
2012-12-25 02:00:00,36.45027
2012-12-25 04:00:00,17.625881
2012-12-25 05:00:00,27.922722
2012-12-25 06:00:00,27.922722
2012-12-25 07:00:00,35.958324
2012-12-25 08:00:00,12.602676
2012-12-25 09:00:00,10.667034
2012-12-25 10:00:00,10.222839
2012-12-25 11:00:00,26.278131
2012-12-25 12:00:00,28.488611
2012-12-25 13:00:00,155.26602
2012-12-25 14:00:00,151.25766
2012-12-25 15:00:00,135.84082
2012-12-25 16:00:00,113.14516
2012-12-25 17:00:00,82.651
2012-12-25 18:00:00,67.452866
2012-12-25 19:00:00,52.819897
2012-12-25 20:00:00,82.30832
2012-12-25 21:00:00,44.654003
2012-12-25 22:00:00,40.063007
2012-12-25 23:00:00,69.18605
2012-12-26 00:00:00,79.91614
2012-12-26 01:00:00,55.542446
2012-12-26 02:00:00,55.542446
2012-12-26 03:00:00,73.91426
2012-12-26 04:00:00,74.653015
2012-12-26 05:00:00,54.015453
2012-12-26 06:00:00,60.51517
2012-12-26 07:00:00,64.68091
2012-12-26 08:00:00,64.68091
2012-12-26 09:00:00,64.68091
2012-12-26 10:00:00,55.386555
2012-12-26 11:00:00,47.29086
2012-12-26 12:00:00,62.33352
2012-12-26 13:00:00,62.33352
2012-12-26 14:00:00,52.69569
2012-12-26 15:00:00,68.878815
2012-12-26 16:00:00,68.878815
2012-12-26 17:00:00,68.147026
2012-12-26 18:00:00,56.45386
2012-12-26 19:00:00,70.817986
2012-12-26 20:00:00,65.90407
2012-12-26 21:00:00,62.77072
2012-12-26 22:00:00,58.794018
2012-12-26 23:00:00,55.332928
2012-12-27 00:00:00,55.332928
2012-12-27 01:00:00,58.794018
2012-12-27 02:00:00,66.5058
2012-12-27 03:00:00,60.46021
2012-12-27 04:00:00,61.326645
2012-12-27 05:00:00,79.10202
2012-12-27 06:00:00,92.15314
2012-12-27 07:00:00,73.73364
2012-12-27 08:00:00,63.79024
2012-12-27 09:00:00,107.02647
2012-12-27 10:00:00,91.770164
2012-12-27 11:00:00,83.84894
2012-12-27 12:00:00,121.721825
2012-12-27 13:00:00,121.721825
2012-12-27 14:00:00,141.4255
2012-12-27 15:00:00,101.55823
2012-12-27 16:00:00,89.28185
2012-12-27 17:00:00,89.28185
2012-12-27 18:00:00,67.011444
2012-12-27 19:00:00,67.727036
2012-12-27 20:00:00,83.313774
2012-12-27 21:00:00,67.011444
2012-12-27 22:00:00,55.708687
2012-12-27 23:00:00,67.011444
2012-12-28 00:00:00,83.08325
2012-12-28 01:00:00,86.267685
2012-12-28 02:00:00,77.87694
2012-12-28 03:00:00,83.08325
2012-12-28 04:00:00,83.67885
2012-12-28 05:00:00,84.37335
2012-12-28 06:00:00,58.920753
2012-12-28 07:00:00,82.55299
2012-12-28 08:00:00,82.14701
2012-12-28 09:00:00,55.708687
2012-12-28 10:00:00,84.13796
2012-12-28 11:00:00,97.07532
2012-12-28 12:00:00,103.59247
2012-12-28 13:00:00,103.59247
2012-12-28 14:00:00,103.59247
2012-12-28 15:00:00,104.47773
2012-12-28 16:00:00,105.285126
2012-12-28 17:00:00,81.17828
2012-12-28 18:00:00,81.17828
2012-12-28 19:00:00,77.14641
2012-12-28 20:00:00,85.79491
2012-12-28 21:00:00,83.507454
2012-12-28 22:00:00,87.67134
2012-12-28 23:00:00,87.05559
2012-12-29 00:00:00,50.953632
2012-12-29 01:00:00,41.18127
2012-12-29 02:00:00,50.953632
2012-12-29 03:00:00,47.201538
2012-12-29 04:00:00,41.18127
2012-12-29 05:00:00,41.18127
2012-12-29 06:00:00,43.290337
2012-12-29 07:00:00,42.483173
2012-12-29 08:00:00,45.596226
2012-12-29 09:00:00,45.596226
2012-12-29 10:00:00,37.9585
2012-12-29 11:00:00,31.70744
2012-12-29 12:00:00,33.00961
2012-12-29 13:00:00,33.00961
2012-12-29 14:00:00,38.5555
2012-12-29 15:00:00,39.98805
2012-12-29 16:00:00,46.10844
2012-12-29 17:00:00,43.55896
2012-12-29 18:00:00,43.571552
2012-12-29 19:00:00,50.699795
2012-12-29 20:00:00,158.9083
2012-12-29 21:00:00,129.71243
2012-12-29 22:00:00,101.72664
2012-12-29 23:00:00,62.925095
2012-12-30 00:00:00,42.29031
2012-12-30 01:00:00,95.963974
2012-12-30 02:00:00,63.270283
2012-12-30 03:00:00,95.963974
2012-12-30 04:00:00,44.720837
2012-12-30 05:00:00,62.70431
2012-12-30 06:00:00,98.09459
2012-12-30 07:00:00,75.083084
2012-12-30 08:00:00,111.29021
2012-12-30 09:00:00,84.436584
2012-12-30 10:00:00,139.46217
2012-12-30 11:00:00,82.69905
2012-12-30 12:00:00,105.66295
2012-12-30 13:00:00,111.01459
2012-12-30 14:00:00,125.21965
2012-12-30 15:00:00,111.34707
2012-12-30 16:00:00,105.603294
2012-12-30 17:00:00,90.33987
2012-12-30 18:00:00,65.042114
2012-12-30 19:00:00,86.05185
2012-12-30 20:00:00,71.34097
2012-12-30 21:00:00,38.77712
2012-12-30 22:00:00,40.89243
2012-12-30 23:00:00,47.980663
2012-12-31 00:00:00,73.94941
2012-12-31 01:00:00,73.94941
2012-12-31 02:00:00,70.89508
2012-12-31 03:00:00,75.398636
2012-12-31 04:00:00,66.29494
2012-12-31 05:00:00,60.883625
2012-12-31 06:00:00,67.8855
2012-12-31 07:00:00,73.87268
2012-12-31 08:00:00,62.161938
2012-12-31 09:00:00,77.4278
2012-12-31 10:00:00,72.26079
2012-12-31 11:00:00,75.23985
2012-12-31 12:00:00,79.01603
2012-12-31 13:00:00,89.95296
2012-12-31 14:00:00,103.44408
2012-12-31 15:00:00,101.633
2012-12-31 16:00:00,89.75218
2012-12-31 17:00:00,90.261154
2012-12-31 18:00:00,85.164345
2012-12-31 19:00:00,84.07406
2012-12-31 20:00:00,84.07406
2012-12-31 21:00:00,83.319275
2012-12-31 22:00:00,85.431076
2012-12-31 23:00:00,91.943985
