datetime,count
2011-01-20 00:00:00,91.25111
2011-01-20 01:00:00,68.85568
2011-01-20 02:00:00,68.85568
2011-01-20 03:00:00,75.43327
2011-01-20 04:00:00,75.43327
2011-01-20 05:00:00,69.091995
2011-01-20 06:00:00,65.38859
2011-01-20 07:00:00,69.64426
2011-01-20 08:00:00,74.617
2011-01-20 09:00:00,77.98471
2011-01-20 10:00:00,95.1514
2011-01-20 11:00:00,99.101776
2011-01-20 12:00:00,119.26184
2011-01-20 13:00:00,99.475586
2011-01-20 14:00:00,105.96684
2011-01-20 15:00:00,115.22069
2011-01-20 16:00:00,97.22357
2011-01-20 17:00:00,99.3802
2011-01-20 18:00:00,77.68049
2011-01-20 19:00:00,84.50151
2011-01-20 20:00:00,77.02968
2011-01-20 21:00:00,70.91891
2011-01-20 22:00:00,66.15681
2011-01-20 23:00:00,69.26012
2011-01-21 00:00:00,62.603565
2011-01-21 01:00:00,62.603565
2011-01-21 02:00:00,63.859753
2011-01-21 03:00:00,53.4515
2011-01-21 04:00:00,63.96662
2011-01-21 05:00:00,81.457726
2011-01-21 06:00:00,71.84169
2011-01-21 07:00:00,72.663216
2011-01-21 08:00:00,82.9423
2011-01-21 09:00:00,79.86478
2011-01-21 10:00:00,91.54776
2011-01-21 11:00:00,104.28469
2011-01-21 12:00:00,86.32836
2011-01-21 13:00:00,60.96321
2011-01-21 14:00:00,82.60433
2011-01-21 15:00:00,79.6729
2011-01-21 16:00:00,96.750046
2011-01-21 17:00:00,90.02734
2011-01-21 18:00:00,80.8336
2011-01-21 19:00:00,80.797195
2011-01-21 20:00:00,70.636406
2011-01-21 21:00:00,56.36815
2011-01-21 22:00:00,45.490257
2011-01-21 23:00:00,50.199154
2011-01-22 00:00:00,21.343243
2011-01-22 01:00:00,22.510168
2011-01-22 02:00:00,24.040401
2011-01-22 03:00:00,24.649445
2011-01-22 04:00:00,16.87601
2011-01-22 06:00:00,19.71027
2011-01-22 07:00:00,19.273623
2011-01-22 08:00:00,18.356253
2011-01-22 09:00:00,24.130802
2011-01-22 10:00:00,26.867756
2011-01-22 11:00:00,32.24943
2011-01-22 12:00:00,38.02609
2011-01-22 13:00:00,51.36895
2011-01-22 14:00:00,47.41213
2011-01-22 15:00:00,72.51659
2011-01-22 16:00:00,71.657745
2011-01-22 17:00:00,92.16812
2011-01-22 18:00:00,41.29365
2011-01-22 19:00:00,40.039604
2011-01-22 20:00:00,27.77594
2011-01-22 21:00:00,35.023567
2011-01-22 22:00:00,43.974678
2011-01-22 23:00:00,26.568989
2011-01-23 00:00:00,26.568989
2011-01-23 01:00:00,26.568989
2011-01-23 02:00:00,22.28748
2011-01-23 03:00:00,22.28748
2011-01-23 05:00:00,26.663963
2011-01-23 06:00:00,26.663963
2011-01-23 07:00:00,28.313904
2011-01-23 08:00:00,23.739765
2011-01-23 09:00:00,31.515404
2011-01-23 10:00:00,52.151905
2011-01-23 11:00:00,47.512775
2011-01-23 12:00:00,79.78513
2011-01-23 13:00:00,74.8543
2011-01-23 14:00:00,92.32367
2011-01-23 15:00:00,92.32367
2011-01-23 16:00:00,94.89751
2011-01-23 17:00:00,81.80426
2011-01-23 18:00:00,71.14544
2011-01-23 19:00:00,74.0346
2011-01-23 20:00:00,51.019836
2011-01-23 21:00:00,44.59546
2011-01-23 22:00:00,37.8464
2011-01-23 23:00:00,29.556889
2011-01-24 00:00:00,43.239807
2011-01-24 01:00:00,37.068356
2011-01-24 03:00:00,36.647816
2011-01-24 04:00:00,36.94216
2011-01-24 05:00:00,36.94216
2011-01-24 06:00:00,41.06277
2011-01-24 07:00:00,50.961437
2011-01-24 08:00:00,53.31037
2011-01-24 09:00:00,56.948006
2011-01-24 10:00:00,54.26179
2011-01-24 11:00:00,50.353466
2011-01-24 12:00:00,59.808636
2011-01-24 13:00:00,63.185047
2011-01-24 14:00:00,59.417206
2011-01-24 15:00:00,68.49195
2011-01-24 16:00:00,65.24772
2011-01-24 17:00:00,56.14057
2011-01-24 18:00:00,49.987827
2011-01-24 19:00:00,53.84363
2011-01-24 20:00:00,49.987827
2011-01-24 21:00:00,49.537567
2011-01-24 22:00:00,47.718613
2011-01-24 23:00:00,50.561916
2011-01-25 00:00:00,46.183723
2011-01-25 01:00:00,50.752285
2011-01-25 02:00:00,48.0904
2011-01-25 04:00:00,51.89428
2011-01-25 05:00:00,43.78519
2011-01-25 06:00:00,53.915886
2011-01-25 07:00:00,46.356792
2011-01-25 08:00:00,52.955994
2011-01-25 09:00:00,67.496346
2011-01-25 10:00:00,71.20491
2011-01-25 11:00:00,70.848656
2011-01-25 12:00:00,81.2448
2011-01-25 13:00:00,78.6205
2011-01-25 14:00:00,109.10403
2011-01-25 15:00:00,123.2189
2011-01-25 16:00:00,123.2189
2011-01-25 17:00:00,87.32325
2011-01-25 18:00:00,96.74629
2011-01-25 19:00:00,71.11895
2011-01-25 20:00:00,64.69773
2011-01-25 21:00:00,64.69773
2011-01-25 22:00:00,64.08958
2011-01-25 23:00:00,64.981995
2011-01-26 00:00:00,63.635574
2011-01-26 01:00:00,68.454865
2011-01-26 02:00:00,62.511066
2011-01-26 05:00:00,47.732925
2011-01-26 06:00:00,47.732925
2011-01-26 07:00:00,51.251225
2011-01-26 08:00:00,51.251225
2011-01-26 09:00:00,51.251225
2011-01-26 10:00:00,49.99406
2011-01-26 11:00:00,48.184902
2011-01-26 12:00:00,48.184902
2011-01-26 13:00:00,48.184902
2011-01-26 14:00:00,47.82543
2011-01-26 15:00:00,46.484497
2011-01-26 16:00:00,47.6401
2011-01-26 17:00:00,45.190495
2011-01-27 16:00:00,70.134735
2011-01-27 17:00:00,70.52651
2011-01-27 18:00:00,62.64192
2011-01-27 19:00:00,62.64192
2011-01-27 20:00:00,58.26292
2011-01-27 21:00:00,58.26292
2011-01-27 22:00:00,58.26292
2011-01-27 23:00:00,52.731747
2011-01-28 00:00:00,58.21931
2011-01-28 01:00:00,58.21931
2011-01-28 02:00:00,56.27148
2011-01-28 03:00:00,62.916653
2011-01-28 05:00:00,58.6271
2011-01-28 06:00:00,54.914238
2011-01-28 07:00:00,56.040485
2011-01-28 08:00:00,56.040485
2011-01-28 09:00:00,60.19946
2011-01-28 10:00:00,59.17344
2011-01-28 11:00:00,58.387962
2011-01-28 12:00:00,58.387962
2011-01-28 13:00:00,58.387962
2011-01-28 14:00:00,77.336845
2011-01-28 15:00:00,68.815414
2011-01-28 16:00:00,67.06016
2011-01-28 17:00:00,63.193695
2011-01-28 18:00:00,59.105663
2011-01-28 19:00:00,64.325005
2011-01-28 20:00:00,62.67741
2011-01-28 21:00:00,61.235977
2011-01-28 22:00:00,72.386826
2011-01-28 23:00:00,69.091995
2011-01-29 00:00:00,53.15161
2011-01-29 01:00:00,46.65789
2011-01-29 02:00:00,46.829945
2011-01-29 03:00:00,44.20299
2011-01-29 04:00:00,39.840473
2011-01-29 06:00:00,39.106487
2011-01-29 07:00:00,41.10804
2011-01-29 08:00:00,45.378304
2011-01-29 09:00:00,45.87174
2011-01-29 10:00:00,46.464344
2011-01-29 11:00:00,42.3055
2011-01-29 12:00:00,45.47585
2011-01-29 13:00:00,54.022297
2011-01-29 14:00:00,50.96002
2011-01-29 15:00:00,42.480083
2011-01-29 16:00:00,52.679848
2011-01-29 17:00:00,59.64807
2011-01-29 18:00:00,45.480938
2011-01-29 19:00:00,43.093468
2011-01-29 20:00:00,43.14111
2011-01-29 21:00:00,43.14111
2011-01-29 22:00:00,40.881527
2011-01-29 23:00:00,40.881527
2011-01-30 00:00:00,39.117477
2011-01-30 01:00:00,46.805767
2011-01-30 02:00:00,48.344963
2011-01-30 03:00:00,46.573082
2011-01-30 04:00:00,46.573082
2011-01-30 05:00:00,46.655964
2011-01-30 07:00:00,46.655964
2011-01-30 08:00:00,49.369286
2011-01-30 09:00:00,51.88348
2011-01-30 10:00:00,53.892822
2011-01-30 11:00:00,54.372635
2011-01-30 12:00:00,71.30687
2011-01-30 13:00:00,59.719246
2011-01-30 14:00:00,61.627834
2011-01-30 15:00:00,65.05649
2011-01-30 16:00:00,65.05649
2011-01-30 17:00:00,70.34798
2011-01-30 18:00:00,53.08982
2011-01-30 19:00:00,52.916534
2011-01-30 20:00:00,58.027645
2011-01-30 21:00:00,47.89976
2011-01-30 22:00:00,45.628647
2011-01-30 23:00:00,49.320774
2011-01-31 00:00:00,65.520325
2011-01-31 01:00:00,63.45788
2011-01-31 02:00:00,63.95388
2011-01-31 03:00:00,63.95388
2011-01-31 04:00:00,62.569862
2011-01-31 05:00:00,55.49717
2011-01-31 06:00:00,47.89096
2011-01-31 07:00:00,49.26449
2011-01-31 08:00:00,53.494473
2011-01-31 09:00:00,54.372375
2011-01-31 10:00:00,53.516716
2011-01-31 11:00:00,53.516716
2011-01-31 12:00:00,66.228004
2011-01-31 13:00:00,69.76401
2011-01-31 14:00:00,63.145306
2011-01-31 15:00:00,58.44597
2011-01-31 16:00:00,58.624622
2011-01-31 17:00:00,53.516716
2011-01-31 18:00:00,56.119827
2011-01-31 19:00:00,80.0024
2011-01-31 20:00:00,56.065456
2011-01-31 21:00:00,64.05007
2011-01-31 22:00:00,59.751163
2011-01-31 23:00:00,61.7596
2011-02-20 00:00:00,124.84164
2011-02-20 01:00:00,107.669235
2011-02-20 02:00:00,111.23342
2011-02-20 03:00:00,99.34418
2011-02-20 04:00:00,99.34418
2011-02-20 06:00:00,64.632
2011-02-20 07:00:00,49.660778
2011-02-20 08:00:00,53.911034
2011-02-20 09:00:00,70.74413
2011-02-20 10:00:00,90.293304
2011-02-20 11:00:00,143.74713
2011-02-20 12:00:00,144.97589
2011-02-20 13:00:00,166.5325
2011-02-20 14:00:00,214.22322
2011-02-20 15:00:00,207.37779
2011-02-20 16:00:00,195.24922
2011-02-20 17:00:00,174.69936
2011-02-20 18:00:00,154.75198
2011-02-20 19:00:00,154.75198
2011-02-20 20:00:00,118.61992
2011-02-20 21:00:00,75.50925
2011-02-20 22:00:00,76.85779
2011-02-20 23:00:00,67.20392
2011-02-21 00:00:00,125.35405
2011-02-21 01:00:00,125.35405
2011-02-21 02:00:00,125.35405
2011-02-21 03:00:00,122.775055
2011-02-21 04:00:00,93.517555
2011-02-21 05:00:00,162.83995
2011-02-21 06:00:00,259.88635
2011-02-21 07:00:00,262.4728
2011-02-21 08:00:00,80.62485
2011-02-21 09:00:00,78.58416
2011-02-21 10:00:00,74.70211
2011-02-21 11:00:00,72.336624
2011-02-21 12:00:00,62.281563
2011-02-21 13:00:00,46.56444
2011-02-21 14:00:00,52.316425
2011-02-21 15:00:00,68.330536
2011-02-21 16:00:00,51.342075
2011-02-21 17:00:00,51.995518
2011-02-21 18:00:00,34.210445
2011-02-21 19:00:00,34.210445
2011-02-21 20:00:00,37.470936
2011-02-21 21:00:00,41.6984
2011-02-21 22:00:00,34.4822
2011-02-21 23:00:00,34.4822
2011-02-22 06:00:00,38.967884
2011-02-22 07:00:00,38.967884
2011-02-22 08:00:00,39.28665
2011-02-22 09:00:00,41.930607
2011-02-22 10:00:00,58.361645
2011-02-22 11:00:00,64.743
2011-02-22 12:00:00,66.0567
2011-02-22 13:00:00,69.1891
2011-02-22 14:00:00,70.134735
2011-02-22 15:00:00,79.81001
2011-02-22 16:00:00,71.86271
2011-02-22 17:00:00,73.8901
2011-02-22 18:00:00,73.73642
2011-02-22 19:00:00,77.3638
2011-02-22 20:00:00,74.19454
2011-02-22 21:00:00,76.92856
2011-02-22 22:00:00,70.05072
2011-02-22 23:00:00,70.05072
2011-02-23 00:00:00,54.575546
2011-02-23 01:00:00,57.62867
2011-02-23 02:00:00,54.286617
2011-02-23 03:00:00,52.072037
2011-02-23 05:00:00,54.770134
2011-02-23 06:00:00,54.770134
2011-02-23 07:00:00,52.770702
2011-02-23 08:00:00,53.84363
2011-02-23 09:00:00,65.78805
2011-02-23 10:00:00,83.88738
2011-02-23 11:00:00,91.87561
2011-02-23 12:00:00,121.22887
2011-02-23 13:00:00,157.80904
2011-02-23 14:00:00,163.17337
2011-02-23 15:00:00,175.06244
2011-02-23 16:00:00,158.11725
2011-02-23 17:00:00,175.06244
2011-02-23 18:00:00,168.31856
2011-02-23 19:00:00,126.296585
2011-02-23 20:00:00,69.40291
2011-02-23 21:00:00,72.842384
2011-02-23 22:00:00,72.842384
2011-02-23 23:00:00,72.31941
2011-02-24 00:00:00,72.31941
2011-02-24 01:00:00,70.39036
2011-02-24 02:00:00,64.38069
2011-02-24 03:00:00,61.53383
2011-02-24 05:00:00,59.58404
2011-02-24 06:00:00,55.796818
2011-02-24 07:00:00,54.270187
2011-02-24 08:00:00,61.66567
2011-02-24 09:00:00,58.342037
2011-02-24 10:00:00,67.24302
2011-02-24 11:00:00,107.309715
2011-02-24 12:00:00,124.394775
2011-02-24 13:00:00,129.92331
2011-02-24 14:00:00,143.16339
2011-02-24 15:00:00,141.46472
2011-02-24 16:00:00,113.7344
2011-02-24 17:00:00,92.06349
2011-02-24 18:00:00,70.000496
2011-02-24 19:00:00,66.5591
2011-02-24 20:00:00,66.29889
2011-02-24 21:00:00,70.000496
2011-02-24 22:00:00,72.27762
2011-02-24 23:00:00,65.387146
2011-02-25 00:00:00,84.86594
2011-02-25 01:00:00,77.13178
2011-02-25 02:00:00,77.13178
2011-02-25 03:00:00,74.31406
2011-02-25 05:00:00,74.31406
2011-02-25 06:00:00,80.8337
2011-02-25 07:00:00,74.276566
2011-02-25 08:00:00,80.060486
2011-02-25 09:00:00,66.668915
2011-02-25 10:00:00,88.93285
2011-02-25 11:00:00,148.56943
2011-02-25 12:00:00,185.71776
2011-02-25 13:00:00,185.71776
2011-02-25 14:00:00,213.50485
2011-02-25 15:00:00,184.65576
2011-02-25 16:00:00,130.24094
2011-02-25 17:00:00,131.18135
2011-02-25 18:00:00,132.13698
2011-02-25 19:00:00,119.08475
2011-02-25 20:00:00,128.90695
2011-02-25 21:00:00,114.24479
2011-02-25 22:00:00,108.90919
2011-02-25 23:00:00,99.1457
2011-02-26 00:00:00,58.985863
2011-02-26 01:00:00,66.38201
2011-02-26 02:00:00,57.670612
2011-02-26 03:00:00,52.66215
2011-02-26 04:00:00,58.336514
2011-02-26 05:00:00,52.60869
2011-02-26 06:00:00,57.92911
2011-02-26 07:00:00,54.02247
2011-02-26 08:00:00,65.914185
2011-02-26 09:00:00,61.16686
2011-02-26 10:00:00,78.99282
2011-02-26 11:00:00,72.194115
2011-02-26 12:00:00,99.9506
2011-02-26 13:00:00,126.57722
2011-02-26 14:00:00,146.05392
2011-02-26 15:00:00,141.93239
2011-02-26 16:00:00,129.06413
2011-02-26 17:00:00,132.1094
2011-02-26 18:00:00,108.685265
2011-02-26 19:00:00,99.13901
2011-02-26 20:00:00,70.51526
2011-02-26 21:00:00,60.04795
2011-02-26 22:00:00,50.297565
2011-02-26 23:00:00,49.34935
2011-02-27 00:00:00,42.54452
2011-02-27 01:00:00,46.3938
2011-02-27 02:00:00,49.524273
2011-02-27 03:00:00,51.464474
2011-02-27 04:00:00,46.22314
2011-02-27 06:00:00,54.86765
2011-02-27 07:00:00,46.22314
2011-02-27 08:00:00,56.58838
2011-02-27 09:00:00,53.551804
2011-02-27 10:00:00,53.61898
2011-02-27 11:00:00,73.298996
2011-02-27 12:00:00,82.623985
2011-02-27 13:00:00,97.5406
2011-02-27 14:00:00,127.60626
2011-02-27 15:00:00,177.24661
2011-02-27 16:00:00,195.78603
2011-02-27 17:00:00,123.98998
2011-02-27 18:00:00,115.70313
2011-02-27 19:00:00,97.674515
2011-02-27 20:00:00,82.623985
2011-02-27 21:00:00,86.13444
2011-02-27 22:00:00,82.601425
2011-02-27 23:00:00,78.238075
2011-02-28 00:00:00,89.50778
2011-02-28 01:00:00,71.201935
2011-02-28 03:00:00,71.47278
2011-02-28 05:00:00,80.63804
2011-02-28 06:00:00,76.03521
2011-02-28 07:00:00,80.23973
2011-02-28 08:00:00,65.66001
2011-02-28 09:00:00,97.62302
2011-02-28 10:00:00,161.69403
2011-02-28 11:00:00,169.13445
2011-02-28 12:00:00,169.13443
2011-02-28 13:00:00,96.16825
2011-02-28 14:00:00,84.00464
2011-02-28 15:00:00,84.00464
2011-02-28 16:00:00,90.24442
2011-02-28 17:00:00,80.532196
2011-02-28 18:00:00,97.17763
2011-02-28 19:00:00,120.44515
2011-02-28 20:00:00,120.44515
2011-02-28 21:00:00,91.77789
2011-02-28 22:00:00,68.948265
2011-02-28 23:00:00,75.64118
2011-03-20 00:00:00,130.72543
2011-03-20 01:00:00,102.869225
2011-03-20 02:00:00,88.532104
2011-03-20 03:00:00,70.95997
2011-03-20 04:00:00,63.98789
2011-03-20 05:00:00,57.039154
2011-03-20 06:00:00,59.14479
2011-03-20 07:00:00,52.185753
2011-03-20 08:00:00,63.558918
2011-03-20 09:00:00,72.48357
2011-03-20 10:00:00,100.322075
2011-03-20 11:00:00,127.12256
2011-03-20 12:00:00,130.69891
2011-03-20 13:00:00,168.9343
2011-03-20 14:00:00,210.03043
2011-03-20 15:00:00,202.82323
2011-03-20 16:00:00,207.20758
2011-03-20 17:00:00,200.95027
2011-03-20 18:00:00,168.9974
2011-03-20 19:00:00,137.39523
2011-03-20 20:00:00,129.06413
2011-03-20 21:00:00,99.95882
2011-03-20 22:00:00,104.41144
2011-03-20 23:00:00,91.87296
2011-03-21 00:00:00,115.47221
2011-03-21 01:00:00,105.56733
2011-03-21 02:00:00,100.09402
2011-03-21 03:00:00,100.09402
2011-03-21 05:00:00,84.94752
2011-03-21 06:00:00,88.12054
2011-03-21 07:00:00,81.23505
2011-03-21 08:00:00,81.30408
2011-03-21 09:00:00,89.367615
2011-03-21 10:00:00,119.561584
2011-03-21 11:00:00,130.40405
2011-03-21 12:00:00,119.629105
2011-03-21 13:00:00,168.3162
2011-03-21 14:00:00,181.99286
2011-03-21 15:00:00,205.13576
2011-03-21 16:00:00,181.6116
2011-03-21 17:00:00,181.45967
2011-03-21 18:00:00,150.14828
2011-03-21 19:00:00,222.3679
2011-03-21 20:00:00,173.58174
2011-03-21 21:00:00,102.50768
2011-03-21 22:00:00,108.58325
2011-03-21 23:00:00,96.4109
2011-03-22 00:00:00,106.08444
2011-03-22 01:00:00,92.99309
2011-03-22 02:00:00,94.32613
2011-03-22 03:00:00,110.0758
2011-03-22 04:00:00,105.37268
2011-03-22 05:00:00,98.796394
2011-03-22 06:00:00,99.59376
2011-03-22 07:00:00,102.436264
2011-03-22 08:00:00,152.11662
2011-03-22 09:00:00,166.88739
2011-03-22 10:00:00,171.59021
2011-03-22 11:00:00,182.68776
2011-03-22 12:00:00,211.01646
2011-03-22 13:00:00,235.23656
2011-03-22 14:00:00,254.46622
2011-03-22 15:00:00,247.87807
2011-03-22 16:00:00,214.58308
2011-03-22 17:00:00,214.58308
2011-03-22 18:00:00,198.97235
2011-03-22 19:00:00,171.06894
2011-03-22 20:00:00,176.72083
2011-03-22 21:00:00,163.9102
2011-03-22 22:00:00,148.7705
2011-03-22 23:00:00,148.7705
2011-03-23 00:00:00,103.507996
2011-03-23 01:00:00,91.74825
2011-03-23 02:00:00,91.74825
2011-03-23 03:00:00,91.660194
2011-03-23 05:00:00,84.37968
2011-03-23 06:00:00,83.509674
2011-03-23 07:00:00,76.70979
2011-03-23 08:00:00,82.794266
2011-03-23 09:00:00,84.0186
2011-03-23 10:00:00,88.820206
2011-03-23 11:00:00,85.92982
2011-03-23 12:00:00,83.544136
2011-03-23 13:00:00,89.81641
2011-03-23 14:00:00,91.51587
2011-03-23 15:00:00,100.11766
2011-03-23 16:00:00,109.947205
2011-03-23 17:00:00,109.947205
2011-03-23 18:00:00,102.41627
2011-03-23 19:00:00,102.41627
2011-03-23 20:00:00,109.73219
2011-03-23 21:00:00,72.64366
2011-03-23 22:00:00,80.72846
2011-03-23 23:00:00,92.69749
2011-03-24 00:00:00,76.70979
2011-03-24 01:00:00,70.197266
2011-03-24 02:00:00,69.3581
2011-03-24 03:00:00,68.93912
2011-03-24 04:00:00,68.93912
2011-03-24 05:00:00,70.057076
2011-03-24 06:00:00,70.057076
2011-03-24 07:00:00,65.506905
2011-03-24 08:00:00,60.599422
2011-03-24 09:00:00,67.010155
2011-03-24 10:00:00,63.259457
2011-03-24 11:00:00,79.83766
2011-03-24 12:00:00,92.45164
2011-03-24 13:00:00,91.6072
2011-03-24 14:00:00,89.63508
2011-03-24 15:00:00,89.19812
2011-03-24 16:00:00,92.91043
2011-03-24 17:00:00,87.65657
2011-03-24 18:00:00,104.11628
2011-03-24 19:00:00,125.969154
2011-03-24 20:00:00,95.46737
2011-03-24 21:00:00,83.78836
2011-03-24 22:00:00,81.71275
2011-03-24 23:00:00,76.69731
2011-03-25 00:00:00,80.20859
2011-03-25 01:00:00,70.20739
2011-03-25 02:00:00,68.066505
2011-03-25 03:00:00,72.09132
2011-03-25 04:00:00,67.76188
2011-03-25 05:00:00,64.734055
2011-03-25 06:00:00,61.626637
2011-03-25 07:00:00,84.19655
2011-03-25 08:00:00,97.2847
2011-03-25 09:00:00,109.356094
2011-03-25 10:00:00,98.07915
2011-03-25 11:00:00,139.79619
2011-03-25 12:00:00,149.6351
2011-03-25 13:00:00,168.49536
2011-03-25 14:00:00,206.91127
2011-03-25 15:00:00,181.92946
2011-03-25 16:00:00,184.01024
2011-03-25 17:00:00,166.5352
2011-03-25 18:00:00,150.99239
2011-03-25 19:00:00,160.73436
2011-03-25 20:00:00,178.88455
2011-03-25 21:00:00,170.43854
2011-03-25 22:00:00,146.07378
2011-03-25 23:00:00,137.15735
2011-03-26 00:00:00,131.8021
2011-03-26 01:00:00,130.19424
2011-03-26 02:00:00,90.423645
2011-03-26 03:00:00,72.67885
2011-03-26 04:00:00,90.42364
2011-03-26 05:00:00,66.282814
2011-03-26 06:00:00,58.03267
2011-03-26 07:00:00,66.28282
2011-03-26 08:00:00,83.85627
2011-03-26 09:00:00,102.124115
2011-03-26 10:00:00,111.9524
2011-03-26 11:00:00,138.15288
2011-03-26 12:00:00,160.56586
2011-03-26 13:00:00,185.19746
2011-03-26 14:00:00,219.3319
2011-03-26 15:00:00,231.0434
2011-03-26 16:00:00,272.7001
2011-03-26 17:00:00,238.67992
2011-03-26 18:00:00,276.02106
2011-03-26 19:00:00,120.15193
2011-03-26 20:00:00,120.15193
2011-03-26 21:00:00,109.68617
2011-03-26 22:00:00,130.45392
2011-03-26 23:00:00,115.97362
2011-03-27 00:00:00,122.70773
2011-03-27 01:00:00,76.489655
2011-03-27 02:00:00,72.36179
2011-03-27 03:00:00,53.78484
2011-03-27 04:00:00,50.385395
2011-03-27 06:00:00,46.732155
2011-03-27 07:00:00,43.242928
2011-03-27 08:00:00,50.56033
2011-03-27 09:00:00,65.659164
2011-03-27 10:00:00,69.06104
2011-03-27 11:00:00,87.113464
2011-03-27 12:00:00,113.036896
2011-03-27 13:00:00,144.4243
2011-03-27 14:00:00,182.02025
2011-03-27 15:00:00,169.92366
2011-03-27 16:00:00,184.45126
2011-03-27 17:00:00,194.2594
2011-03-27 18:00:00,175.84047
2011-03-27 19:00:00,183.2071
2011-03-27 20:00:00,150.77925
2011-03-27 21:00:00,111.9524
2011-03-27 22:00:00,111.9524
2011-03-27 23:00:00,104.46008
2011-03-28 00:00:00,83.444466
2011-03-28 01:00:00,107.239456
2011-03-28 02:00:00,104.16998
2011-03-28 03:00:00,104.16998
2011-03-28 05:00:00,92.4641
2011-03-28 06:00:00,117.32144
2011-03-28 07:00:00,129.872
2011-03-28 08:00:00,124.33902
2011-03-28 09:00:00,141.92383
2011-03-28 10:00:00,158.65695
2011-03-28 11:00:00,161.77992
2011-03-28 12:00:00,212.04431
2011-03-28 13:00:00,216.57016
2011-03-28 14:00:00,235.96735
2011-03-28 15:00:00,220.1917
2011-03-28 16:00:00,242.62532
2011-03-28 17:00:00,230.10356
2011-03-28 18:00:00,230.50128
2011-03-28 19:00:00,232.36371
2011-03-28 20:00:00,234.14587
2011-03-28 21:00:00,242.19577
2011-03-28 22:00:00,225.07175
2011-03-28 23:00:00,192.87033
2011-03-29 00:00:00,162.53574
2011-03-29 01:00:00,143.60126
2011-03-29 02:00:00,143.60126
2011-03-29 03:00:00,143.60126
2011-03-29 04:00:00,97.404205
2011-03-29 05:00:00,124.72771
2011-03-29 06:00:00,121.28941
2011-03-29 07:00:00,124.28851
2011-03-29 08:00:00,140.33128
2011-03-29 09:00:00,170.4282
2011-03-29 10:00:00,203.67581
2011-03-29 11:00:00,196.9216
2011-03-29 12:00:00,238.90169
2011-03-29 13:00:00,222.62167
2011-03-29 14:00:00,241.82727
2011-03-29 15:00:00,270.6152
2011-03-29 16:00:00,257.9387
2011-03-29 17:00:00,248.9972
2011-03-29 18:00:00,228.86755
2011-03-29 19:00:00,249.3246
2011-03-29 20:00:00,228.86755
2011-03-29 21:00:00,155.43951
2011-03-29 22:00:00,126.65025
2011-03-29 23:00:00,112.565506
2011-03-30 00:00:00,119.81855
2011-03-30 01:00:00,163.87405
2011-03-30 02:00:00,119.81855
2011-03-30 03:00:00,148.2687
2011-03-30 04:00:00,119.81855
2011-03-30 05:00:00,108.02223
2011-03-30 06:00:00,132.62852
2011-03-30 07:00:00,171.79268
2011-03-30 08:00:00,138.8596
2011-03-30 09:00:00,143.0893
2011-03-30 10:00:00,147.47125
2011-03-30 11:00:00,145.8205
2011-03-30 12:00:00,160.37524
2011-03-30 13:00:00,159.01459
2011-03-30 14:00:00,154.51785
2011-03-30 15:00:00,76.130974
2011-03-30 16:00:00,74.530365
2011-03-30 17:00:00,77.30314
2011-03-30 18:00:00,67.010155
2011-03-30 19:00:00,67.010155
2011-03-30 20:00:00,60.666656
2011-03-30 21:00:00,61.691647
2011-03-30 22:00:00,63.201885
2011-03-30 23:00:00,60.573483
2011-03-31 00:00:00,63.201885
2011-03-31 01:00:00,64.42439
2011-03-31 02:00:00,64.42439
2011-03-31 03:00:00,63.201885
2011-03-31 04:00:00,62.397907
2011-03-31 05:00:00,63.201885
2011-03-31 06:00:00,60.666656
2011-03-31 07:00:00,62.397907
2011-03-31 08:00:00,59.879913
2011-03-31 09:00:00,65.43421
2011-03-31 10:00:00,65.43421
2011-03-31 11:00:00,72.545944
2011-03-31 12:00:00,72.545944
2011-03-31 13:00:00,84.118256
2011-03-31 14:00:00,84.11827
2011-03-31 15:00:00,75.68002
2011-03-31 16:00:00,76.57497
2011-03-31 17:00:00,76.57497
2011-03-31 18:00:00,80.92032
2011-03-31 19:00:00,80.92032
2011-03-31 20:00:00,68.562454
2011-03-31 21:00:00,72.726654
2011-03-31 22:00:00,70.781456
2011-03-31 23:00:00,69.085815
2011-04-20 00:00:00,98.47908
2011-04-20 01:00:00,95.61985
2011-04-20 02:00:00,95.61985
2011-04-20 03:00:00,89.87301
2011-04-20 04:00:00,90.15979
2011-04-20 05:00:00,93.788956
2011-04-20 06:00:00,95.61985
2011-04-20 07:00:00,91.39889
2011-04-20 08:00:00,226.72409
2011-04-20 09:00:00,254.22923
2011-04-20 10:00:00,142.94205
2011-04-20 11:00:00,142.94205
2011-04-20 12:00:00,347.3501
2011-04-20 13:00:00,347.3501
2011-04-20 14:00:00,406.17752
2011-04-20 15:00:00,400.8424
2011-04-20 16:00:00,400.8424
2011-04-20 17:00:00,411.97842
2011-04-20 18:00:00,375.95917
2011-04-20 19:00:00,347.1734
2011-04-20 20:00:00,280.3035
2011-04-20 21:00:00,353.56787
2011-04-20 22:00:00,327.35352
2011-04-20 23:00:00,342.68268
2011-04-21 00:00:00,285.13275
2011-04-21 01:00:00,244.121
2011-04-21 02:00:00,253.55782
2011-04-21 03:00:00,201.34526
2011-04-21 04:00:00,185.7593
2011-04-21 05:00:00,187.76141
2011-04-21 06:00:00,175.3742
2011-04-21 07:00:00,195.595
2011-04-21 08:00:00,184.30049
2011-04-21 09:00:00,187.8032
2011-04-21 10:00:00,199.94054
2011-04-21 11:00:00,225.37218
2011-04-21 12:00:00,237.38254
2011-04-21 13:00:00,286.94122
2011-04-21 14:00:00,292.93787
2011-04-21 15:00:00,321.12265
2011-04-21 16:00:00,331.5555
2011-04-21 17:00:00,278.87656
2011-04-21 18:00:00,315.36487
2011-04-21 19:00:00,300.71045
2011-04-21 20:00:00,253.5973
2011-04-21 21:00:00,191.32938
2011-04-21 22:00:00,205.71878
2011-04-21 23:00:00,186.1104
2011-04-22 00:00:00,112.101654
2011-04-22 01:00:00,137.80156
2011-04-22 02:00:00,143.52434
2011-04-22 03:00:00,143.52434
2011-04-22 04:00:00,135.29109
2011-04-22 05:00:00,128.14552
2011-04-22 06:00:00,135.2911
2011-04-22 07:00:00,135.52184
2011-04-22 08:00:00,132.72934
2011-04-22 09:00:00,117.71852
2011-04-22 10:00:00,115.27979
2011-04-22 11:00:00,104.82739
2011-04-22 12:00:00,95.141754
2011-04-22 13:00:00,87.59665
2011-04-22 14:00:00,84.60479
2011-04-22 15:00:00,87.59665
2011-04-22 16:00:00,89.81639
2011-04-22 17:00:00,77.83456
2011-04-22 18:00:00,77.83456
2011-04-22 19:00:00,77.83456
2011-04-22 20:00:00,81.45892
2011-04-22 21:00:00,79.7463
2011-04-22 22:00:00,78.667946
2011-04-22 23:00:00,87.61164
2011-04-23 00:00:00,60.66274
2011-04-23 01:00:00,60.66274
2011-04-23 02:00:00,66.25067
2011-04-23 03:00:00,69.025276
2011-04-23 04:00:00,79.32234
2011-04-23 05:00:00,79.32234
2011-04-23 06:00:00,63.7669
2011-04-23 07:00:00,65.49058
2011-04-23 08:00:00,62.459496
2011-04-23 09:00:00,75.395004
2011-04-23 10:00:00,86.90829
2011-04-23 11:00:00,94.83221
2011-04-23 12:00:00,137.30899
2011-04-23 13:00:00,132.13396
2011-04-23 14:00:00,163.07196
2011-04-23 15:00:00,199.19896
2011-04-23 16:00:00,180.8861
2011-04-23 17:00:00,188.64131
2011-04-23 18:00:00,121.51629
2011-04-23 19:00:00,126.68141
2011-04-23 20:00:00,113.140205
2011-04-23 21:00:00,127.06421
2011-04-23 22:00:00,141.4918
2011-04-23 23:00:00,104.2121
2011-04-24 00:00:00,109.945595
2011-04-24 01:00:00,96.65394
2011-04-24 02:00:00,96.65394
2011-04-24 03:00:00,85.35156
2011-04-24 04:00:00,85.35156
2011-04-24 05:00:00,85.35156
2011-04-24 06:00:00,89.895325
2011-04-24 07:00:00,89.895325
2011-04-24 08:00:00,98.1371
2011-04-24 09:00:00,116.478226
2011-04-24 10:00:00,119.80231
2011-04-24 11:00:00,188.91751
2011-04-24 12:00:00,251.44415
2011-04-24 13:00:00,299.11954
2011-04-24 14:00:00,326.5533
2011-04-24 15:00:00,260.873
2011-04-24 16:00:00,383.54453
2011-04-24 17:00:00,249.97162
2011-04-24 18:00:00,165.87215
2011-04-24 19:00:00,141.61433
2011-04-24 20:00:00,141.61433
2011-04-24 21:00:00,104.892044
2011-04-24 22:00:00,101.016136
2011-04-24 23:00:00,99.90288
2011-04-25 00:00:00,109.50862
2011-04-25 01:00:00,101.00901
2011-04-25 02:00:00,101.00901
2011-04-25 03:00:00,104.602104
2011-04-25 04:00:00,102.95771
2011-04-25 05:00:00,98.679115
2011-04-25 06:00:00,101.676636
2011-04-25 07:00:00,105.08964
2011-04-25 08:00:00,104.9894
2011-04-25 09:00:00,114.803764
2011-04-25 10:00:00,181.92902
2011-04-25 11:00:00,181.92902
2011-04-25 12:00:00,197.52129
2011-04-25 13:00:00,240.42633
2011-04-25 14:00:00,298.42435
2011-04-25 15:00:00,314.0881
2011-04-25 16:00:00,315.3058
2011-04-25 17:00:00,304.44434
2011-04-25 18:00:00,292.446
2011-04-25 19:00:00,279.17307
2011-04-25 20:00:00,254.22923
2011-04-25 21:00:00,204.70386
2011-04-25 22:00:00,191.83931
2011-04-25 23:00:00,161.23413
2011-04-26 00:00:00,210.50685
2011-04-26 01:00:00,193.53905
2011-04-26 02:00:00,148.95973
2011-04-26 03:00:00,129.47632
2011-04-26 04:00:00,137.39873
2011-04-26 05:00:00,126.88159
2011-04-26 06:00:00,126.47326
2011-04-26 07:00:00,150.01346
2011-04-26 08:00:00,150.01349
2011-04-26 09:00:00,210.61302
2011-04-26 10:00:00,231.22385
2011-04-26 11:00:00,257.43997
2011-04-26 12:00:00,285.83228
2011-04-26 13:00:00,352.8371
2011-04-26 14:00:00,302.01044
2011-04-26 15:00:00,285.19333
2011-04-26 16:00:00,299.97247
2011-04-26 17:00:00,275.08698
2011-04-26 18:00:00,257.78345
2011-04-26 19:00:00,217.37897
2011-04-26 20:00:00,210.61302
2011-04-26 21:00:00,179.36006
2011-04-26 22:00:00,136.51195
2011-04-26 23:00:00,145.93007
2011-04-27 00:00:00,138.7333
2011-04-27 01:00:00,148.18744
2011-04-27 02:00:00,135.29019
2011-04-27 03:00:00,139.48457
2011-04-27 04:00:00,120.20015
2011-04-27 05:00:00,125.5824
2011-04-27 06:00:00,124.27115
2011-04-27 07:00:00,139.48457
2011-04-27 08:00:00,144.66428
2011-04-27 09:00:00,159.33633
2011-04-27 10:00:00,162.66519
2011-04-27 11:00:00,182.49313
2011-04-27 12:00:00,198.0667
2011-04-27 13:00:00,185.96901
2011-04-27 14:00:00,214.17575
2011-04-27 15:00:00,269.24115
2011-04-27 16:00:00,248.13683
2011-04-27 17:00:00,190.808
2011-04-27 18:00:00,190.808
2011-04-27 19:00:00,179.36006
2011-04-27 20:00:00,173.40808
2011-04-27 21:00:00,144.36778
2011-04-27 22:00:00,153.18121
2011-04-27 23:00:00,157.41148
2011-04-28 00:00:00,195.20651
2011-04-28 01:00:00,177.63525
2011-04-28 02:00:00,187.03947
2011-04-28 03:00:00,197.62715
2011-04-28 04:00:00,182.32622
2011-04-28 05:00:00,177.63525
2011-04-28 06:00:00,206.01454
2011-04-28 07:00:00,204.32178
2011-04-28 08:00:00,211.13126
2011-04-28 09:00:00,154.07838
2011-04-28 10:00:00,146.27689
2011-04-28 11:00:00,162.66519
2011-04-28 12:00:00,175.21448
2011-04-28 13:00:00,164.61981
2011-04-28 14:00:00,163.98598
2011-04-28 15:00:00,230.35257
2011-04-28 16:00:00,170.75076
2011-04-28 17:00:00,321.02914
2011-04-28 18:00:00,321.02914
2011-04-28 19:00:00,327.71487
2011-04-28 20:00:00,280.5468
2011-04-28 21:00:00,232.00807
2011-04-28 22:00:00,239.51454
2011-04-28 23:00:00,233.3618
2011-04-29 00:00:00,279.73746
2011-04-29 01:00:00,199.92336
2011-04-29 02:00:00,114.206085
2011-04-29 03:00:00,123.79581
2011-04-29 04:00:00,178.0083
2011-04-29 05:00:00,193.52814
2011-04-29 06:00:00,241.65636
2011-04-29 07:00:00,251.92337
2011-04-29 08:00:00,291.66977
2011-04-29 09:00:00,292.82736
2011-04-29 10:00:00,295.36072
2011-04-29 11:00:00,325.69833
2011-04-29 12:00:00,310.33542
2011-04-29 13:00:00,312.192
2011-04-29 14:00:00,362.45847
2011-04-29 15:00:00,298.17142
2011-04-29 16:00:00,275.21603
2011-04-29 17:00:00,248.38039
2011-04-29 18:00:00,238.41092
2011-04-29 19:00:00,180.38983
2011-04-29 20:00:00,214.38527
2011-04-29 21:00:00,191.00014
2011-04-29 22:00:00,142.76953
2011-04-29 23:00:00,165.29936
2011-04-30 00:00:00,168.37526
2011-04-30 01:00:00,166.32666
2011-04-30 02:00:00,167.00363
2011-04-30 03:00:00,154.62344
2011-04-30 04:00:00,154.47958
2011-04-30 05:00:00,175.42566
2011-04-30 06:00:00,139.43542
2011-04-30 07:00:00,167.96089
2011-04-30 08:00:00,154.53473
2011-04-30 09:00:00,186.27264
2011-04-30 10:00:00,237.08853
2011-04-30 11:00:00,260.04333
2011-04-30 12:00:00,271.95514
2011-04-30 13:00:00,308.35382
2011-04-30 14:00:00,304.5602
2011-04-30 15:00:00,306.03726
2011-04-30 16:00:00,336.12314
2011-04-30 17:00:00,271.8649
2011-04-30 18:00:00,262.14825
2011-04-30 19:00:00,262.14825
2011-04-30 20:00:00,106.29017
2011-04-30 21:00:00,106.29017
2011-04-30 22:00:00,91.89576
2011-04-30 23:00:00,91.89576
2011-05-20 00:00:00,95.785446
2011-05-20 01:00:00,92.05209
2011-05-20 02:00:00,93.54196
2011-05-20 03:00:00,90.50933
2011-05-20 04:00:00,94.32613
2011-05-20 05:00:00,95.44909
2011-05-20 06:00:00,97.60842
2011-05-20 07:00:00,115.430756
2011-05-20 08:00:00,106.1083
2011-05-20 09:00:00,163.40935
2011-05-20 10:00:00,173.58174
2011-05-20 11:00:00,209.03506
2011-05-20 12:00:00,261.0466
2011-05-20 13:00:00,266.39587
2011-05-20 14:00:00,267.6227
2011-05-20 15:00:00,250.83763
2011-05-20 16:00:00,255.49576
2011-05-20 17:00:00,205.9207
2011-05-20 18:00:00,233.15956
2011-05-20 19:00:00,139.60068
2011-05-20 20:00:00,145.2357
2011-05-20 21:00:00,138.46153
2011-05-20 22:00:00,100.60577
2011-05-20 23:00:00,125.58814
2011-05-21 00:00:00,93.67066
2011-05-21 01:00:00,89.60321
2011-05-21 02:00:00,96.888885
2011-05-21 03:00:00,87.745445
2011-05-21 04:00:00,85.81726
2011-05-21 05:00:00,84.19403
2011-05-21 06:00:00,93.535065
2011-05-21 07:00:00,105.353195
2011-05-21 08:00:00,172.16223
2011-05-21 09:00:00,217.8857
2011-05-21 10:00:00,189.84607
2011-05-21 11:00:00,264.37784
2011-05-21 12:00:00,264.59738
2011-05-21 13:00:00,313.65228
2011-05-21 14:00:00,332.511
2011-05-21 15:00:00,372.6455
2011-05-21 16:00:00,413.22775
2011-05-21 17:00:00,370.6787
2011-05-21 18:00:00,346.1638
2011-05-21 19:00:00,319.58893
2011-05-21 20:00:00,168.14923
2011-05-21 21:00:00,189.84607
2011-05-21 22:00:00,140.47116
2011-05-21 23:00:00,97.21996
2011-05-22 00:00:00,98.94535
2011-05-22 01:00:00,90.36336
2011-05-22 02:00:00,88.23528
2011-05-22 03:00:00,84.78568
2011-05-22 04:00:00,82.97399
2011-05-22 05:00:00,84.78568
2011-05-22 06:00:00,88.23528
2011-05-22 07:00:00,91.41522
2011-05-22 08:00:00,110.43378
2011-05-22 09:00:00,137.81383
2011-05-22 10:00:00,177.38795
2011-05-22 11:00:00,299.33032
2011-05-22 12:00:00,336.00156
2011-05-22 13:00:00,294.80786
2011-05-22 14:00:00,206.24658
2011-05-22 15:00:00,243.28058
2011-05-22 16:00:00,228.71817
2011-05-22 17:00:00,294.29288
2011-05-22 18:00:00,253.09404
2011-05-22 19:00:00,241.97522
2011-05-22 20:00:00,191.41125
2011-05-22 21:00:00,151.61678
2011-05-22 22:00:00,104.114586
2011-05-22 23:00:00,108.021286
2011-05-23 00:00:00,115.376686
2011-05-23 01:00:00,104.9894
2011-05-23 02:00:00,126.339294
2011-05-23 03:00:00,119.33561
2011-05-23 04:00:00,104.58423
2011-05-23 05:00:00,104.58423
2011-05-23 06:00:00,104.23189
2011-05-23 07:00:00,110.19028
2011-05-23 08:00:00,123.02684
2011-05-23 09:00:00,130.64308
2011-05-23 10:00:00,209.67029
2011-05-23 11:00:00,241.86865
2011-05-23 12:00:00,241.86865
2011-05-23 13:00:00,320.57718
2011-05-23 14:00:00,292.84827
2011-05-23 15:00:00,293.553
2011-05-23 16:00:00,288.07675
2011-05-23 17:00:00,256.87988
2011-05-23 18:00:00,224.58757
2011-05-23 19:00:00,206.34074
2011-05-23 20:00:00,143.82018
2011-05-23 21:00:00,134.91609
2011-05-23 22:00:00,125.01307
2011-05-23 23:00:00,131.40688
2011-05-24 00:00:00,120.70565
2011-05-24 01:00:00,116.496826
2011-05-24 02:00:00,120.70565
2011-05-24 03:00:00,111.753296
2011-05-24 04:00:00,106.41837
2011-05-24 05:00:00,129.73433
2011-05-24 06:00:00,123.45066
2011-05-24 07:00:00,170.08481
2011-05-24 08:00:00,156.41797
2011-05-24 09:00:00,180.78412
2011-05-24 10:00:00,280.62314
2011-05-24 11:00:00,314.0881
2011-05-24 12:00:00,391.03412
2011-05-24 13:00:00,360.39484
2011-05-24 14:00:00,370.41092
2011-05-24 15:00:00,332.53973
2011-05-24 16:00:00,196.27124
2011-05-24 17:00:00,218.31721
2011-05-24 18:00:00,208.29018
2011-05-24 19:00:00,172.16428
2011-05-24 20:00:00,130.43974
2011-05-24 21:00:00,114.188515
2011-05-24 22:00:00,141.64038
2011-05-24 23:00:00,186.54837
2011-05-25 00:00:00,149.94885
2011-05-25 01:00:00,140.41533
2011-05-25 02:00:00,105.91498
2011-05-25 03:00:00,104.95245
2011-05-25 04:00:00,102.34482
2011-05-25 05:00:00,103.47156
2011-05-25 06:00:00,103.017876
2011-05-25 07:00:00,137.8144
2011-05-25 08:00:00,200.03355
2011-05-25 09:00:00,188.61905
2011-05-25 10:00:00,213.33128
2011-05-25 11:00:00,262.70035
2011-05-25 12:00:00,267.1476
2011-05-25 13:00:00,267.1476
2011-05-25 14:00:00,278.14145
2011-05-25 15:00:00,332.44315
2011-05-25 16:00:00,330.82285
2011-05-25 17:00:00,314.0881
2011-05-25 18:00:00,279.7856
2011-05-25 19:00:00,228.92636
2011-05-25 20:00:00,238.98984
2011-05-25 21:00:00,171.40054
2011-05-25 22:00:00,217.11655
2011-05-25 23:00:00,143.87396
2011-05-26 00:00:00,143.87398
2011-05-26 01:00:00,143.87398
2011-05-26 02:00:00,111.00058
2011-05-26 03:00:00,104.7039
2011-05-26 04:00:00,101.337944
2011-05-26 05:00:00,111.00625
2011-05-26 06:00:00,105.44957
2011-05-26 07:00:00,132.8773
2011-05-26 08:00:00,137.39087
2011-05-26 09:00:00,209.91968
2011-05-26 10:00:00,224.58757
2011-05-26 11:00:00,256.59473
2011-05-26 12:00:00,333.9775
2011-05-26 13:00:00,374.61017
2011-05-26 14:00:00,374.61017
2011-05-26 15:00:00,392.17526
2011-05-26 16:00:00,399.10526
2011-05-26 17:00:00,380.10425
2011-05-26 18:00:00,395.46475
2011-05-26 19:00:00,382.79196
2011-05-26 20:00:00,259.39847
2011-05-26 21:00:00,220.91516
2011-05-26 22:00:00,210.88826
2011-05-26 23:00:00,230.85976
2011-05-27 00:00:00,225.36563
2011-05-27 01:00:00,287.02438
2011-05-27 02:00:00,249.7707
2011-05-27 03:00:00,177.96332
2011-05-27 04:00:00,162.45874
2011-05-27 05:00:00,230.22908
2011-05-27 06:00:00,144.41162
2011-05-27 07:00:00,156.46117
2011-05-27 08:00:00,205.8469
2011-05-27 09:00:00,255.33702
2011-05-27 10:00:00,329.29898
2011-05-27 11:00:00,328.75735
2011-05-27 12:00:00,333.24124
2011-05-27 13:00:00,278.29547
2011-05-27 14:00:00,320.77783
2011-05-27 15:00:00,360.93005
2011-05-27 16:00:00,345.99435
2011-05-27 17:00:00,321.3394
2011-05-27 18:00:00,288.07675
2011-05-27 19:00:00,170.05673
2011-05-27 20:00:00,183.41193
2011-05-27 21:00:00,109.10034
2011-05-27 22:00:00,121.88464
2011-05-27 23:00:00,110.62634
2011-05-28 00:00:00,98.62346
2011-05-28 01:00:00,109.55896
2011-05-28 02:00:00,101.3741
2011-05-28 03:00:00,111.30596
2011-05-28 04:00:00,116.478226
2011-05-28 05:00:00,111.30596
2011-05-28 06:00:00,128.01234
2011-05-28 07:00:00,133.28535
2011-05-28 08:00:00,134.90292
2011-05-28 09:00:00,186.67084
2011-05-28 10:00:00,249.87634
2011-05-28 11:00:00,249.87634
2011-05-28 12:00:00,304.5026
2011-05-28 13:00:00,280.4632
2011-05-28 14:00:00,305.879
2011-05-28 15:00:00,322.0909
2011-05-28 16:00:00,345.83627
2011-05-28 17:00:00,337.3752
2011-05-28 18:00:00,289.01352
2011-05-28 19:00:00,237.22478
2011-05-28 20:00:00,249.87634
2011-05-28 21:00:00,202.75526
2011-05-28 22:00:00,155.11562
2011-05-28 23:00:00,122.81252
2011-05-29 00:00:00,131.81363
2011-05-29 01:00:00,106.75733
2011-05-29 02:00:00,97.127556
2011-05-29 03:00:00,97.127556
2011-05-29 04:00:00,93.80275
2011-05-29 05:00:00,97.3555
2011-05-29 06:00:00,118.250626
2011-05-29 07:00:00,128.59068
2011-05-29 08:00:00,124.20969
2011-05-29 09:00:00,118.18193
2011-05-29 10:00:00,146.92601
2011-05-29 11:00:00,162.95465
2011-05-29 12:00:00,214.50616
2011-05-29 13:00:00,257.7274
2011-05-29 14:00:00,267.50134
2011-05-29 15:00:00,270.3976
2011-05-29 16:00:00,267.50134
2011-05-29 17:00:00,267.50134
2011-05-29 18:00:00,242.0527
2011-05-29 19:00:00,229.69463
2011-05-29 20:00:00,160.88187
2011-05-29 21:00:00,126.73611
2011-05-29 22:00:00,105.70261
2011-05-29 23:00:00,111.48344
2011-05-30 00:00:00,106.05168
2011-05-30 01:00:00,95.88343
2011-05-30 02:00:00,106.05168
2011-05-30 03:00:00,106.05168
2011-05-30 04:00:00,98.095436
2011-05-30 05:00:00,97.00468
2011-05-30 06:00:00,97.861206
2011-05-30 07:00:00,95.34831
2011-05-30 08:00:00,104.94626
2011-05-30 09:00:00,160.89156
2011-05-30 10:00:00,373.66003
2011-05-30 11:00:00,358.24615
2011-05-30 12:00:00,395.7913
2011-05-30 13:00:00,398.99777
2011-05-30 14:00:00,410.42572
2011-05-30 15:00:00,458.80225
2011-05-30 16:00:00,466.52548
2011-05-30 17:00:00,442.37247
2011-05-30 18:00:00,417.9713
2011-05-30 19:00:00,233.2201
2011-05-30 20:00:00,279.5905
2011-05-30 21:00:00,209.87732
2011-05-30 22:00:00,189.88065
2011-05-30 23:00:00,115.45885
2011-05-31 00:00:00,131.26292
2011-05-31 01:00:00,114.71453
2011-05-31 02:00:00,119.85954
2011-05-31 03:00:00,108.20639
2011-05-31 04:00:00,113.16107
2011-05-31 05:00:00,113.16107
2011-05-31 06:00:00,121.798584
2011-05-31 07:00:00,218.38956
2011-05-31 08:00:00,274.99756
2011-05-31 09:00:00,299.73346
2011-05-31 10:00:00,307.11423
2011-05-31 11:00:00,308.9291
2011-05-31 12:00:00,329.05957
2011-05-31 13:00:00,351.22144
2011-05-31 14:00:00,330.75168
2011-05-31 15:00:00,349.24808
2011-05-31 16:00:00,342.16946
2011-05-31 17:00:00,359.011
2011-05-31 18:00:00,344.96375
2011-05-31 19:00:00,251.9422
2011-05-31 20:00:00,251.9422
2011-05-31 21:00:00,229.6258
2011-05-31 22:00:00,218.45306
2011-05-31 23:00:00,142.9686
2011-06-20 00:00:00,129.75287
2011-06-20 01:00:00,107.604256
2011-06-20 02:00:00,107.604256
2011-06-20 03:00:00,117.184944
2011-06-20 04:00:00,131.26183
2011-06-20 05:00:00,132.77814
2011-06-20 06:00:00,143.28165
2011-06-20 07:00:00,129.28406
2011-06-20 08:00:00,135.3973
2011-06-20 09:00:00,168.5387
2011-06-20 10:00:00,168.5387
2011-06-20 11:00:00,122.824875
2011-06-20 12:00:00,165.00793
2011-06-20 13:00:00,173.26353
2011-06-20 14:00:00,204.34575
2011-06-20 15:00:00,212.60258
2011-06-20 16:00:00,252.19022
2011-06-20 17:00:00,224.97707
2011-06-20 18:00:00,266.1826
2011-06-20 19:00:00,224.60146
2011-06-20 20:00:00,208.02637
2011-06-20 21:00:00,156.46117
2011-06-20 22:00:00,191.15688
2011-06-20 23:00:00,170.75076
2011-06-21 00:00:00,160.7221
2011-06-21 01:00:00,200.83255
2011-06-21 02:00:00,169.90317
2011-06-21 03:00:00,169.90317
2011-06-21 04:00:00,125.0237
2011-06-21 05:00:00,129.79594
2011-06-21 06:00:00,129.79594
2011-06-21 07:00:00,112.89552
2011-06-21 08:00:00,126.64175
2011-06-21 09:00:00,163.46083
2011-06-21 10:00:00,164.65546
2011-06-21 11:00:00,149.86383
2011-06-21 12:00:00,216.48842
2011-06-21 13:00:00,273.6627
2011-06-21 14:00:00,319.3574
2011-06-21 15:00:00,355.35944
2011-06-21 16:00:00,355.14227
2011-06-21 17:00:00,318.2862
2011-06-21 18:00:00,305.29703
2011-06-21 19:00:00,270.80603
2011-06-21 20:00:00,292.87415
2011-06-21 21:00:00,243.37218
2011-06-21 22:00:00,164.73424
2011-06-21 23:00:00,191.88943
2011-06-22 00:00:00,180.08197
2011-06-22 01:00:00,155.968
2011-06-22 02:00:00,137.28522
2011-06-22 03:00:00,155.968
2011-06-22 04:00:00,117.63916
2011-06-22 05:00:00,114.04052
2011-06-22 06:00:00,124.20497
2011-06-22 07:00:00,151.0922
2011-06-22 08:00:00,207.70529
2011-06-22 09:00:00,202.59813
2011-06-22 10:00:00,284.47708
2011-06-22 11:00:00,255.32756
2011-06-22 12:00:00,364.8119
2011-06-22 13:00:00,396.9744
2011-06-22 14:00:00,419.06277
2011-06-22 15:00:00,404.88358
2011-06-22 16:00:00,405.49606
2011-06-22 17:00:00,415.09128
2011-06-22 18:00:00,375.7214
2011-06-22 19:00:00,397.95978
2011-06-22 20:00:00,229.09529
2011-06-22 21:00:00,211.96567
2011-06-22 22:00:00,231.9591
2011-06-22 23:00:00,241.70714
2011-06-23 00:00:00,228.09293
2011-06-23 01:00:00,254.12482
2011-06-23 02:00:00,254.12482
2011-06-23 03:00:00,245.58517
2011-06-23 04:00:00,195.1636
2011-06-23 05:00:00,232.20601
2011-06-23 06:00:00,232.20609
2011-06-23 07:00:00,236.08418
2011-06-23 08:00:00,274.80548
2011-06-23 09:00:00,257.19452
2011-06-23 10:00:00,284.6812
2011-06-23 11:00:00,328.10403
2011-06-23 12:00:00,327.59088
2011-06-23 13:00:00,340.30307
2011-06-23 14:00:00,330.19498
2011-06-23 15:00:00,395.66626
2011-06-23 16:00:00,329.62473
2011-06-23 17:00:00,295.57104
2011-06-23 18:00:00,296.44318
2011-06-23 19:00:00,297.70456
2011-06-23 20:00:00,240.80933
2011-06-23 21:00:00,228.79733
2011-06-23 22:00:00,251.40596
2011-06-23 23:00:00,259.58722
2011-06-24 00:00:00,187.62067
2011-06-24 01:00:00,204.7527
2011-06-24 02:00:00,204.7527
2011-06-24 03:00:00,149.86383
2011-06-24 04:00:00,126.58467
2011-06-24 05:00:00,118.06482
2011-06-24 06:00:00,139.04399
2011-06-24 07:00:00,185.45517
2011-06-24 08:00:00,240.80933
2011-06-24 09:00:00,273.9302
2011-06-24 10:00:00,418.76352
2011-06-24 11:00:00,432.57388
2011-06-24 12:00:00,417.33804
2011-06-24 13:00:00,391.52853
2011-06-24 14:00:00,414.03076
2011-06-24 15:00:00,440.11313
2011-06-24 16:00:00,442.52017
2011-06-24 17:00:00,396.94263
2011-06-24 18:00:00,413.4836
2011-06-24 19:00:00,381.92908
2011-06-24 20:00:00,343.5819
2011-06-24 21:00:00,316.8111
2011-06-24 22:00:00,294.0482
2011-06-24 23:00:00,296.28998
2011-06-25 00:00:00,363.72797
2011-06-25 01:00:00,337.63278
2011-06-25 02:00:00,356.78134
2011-06-25 03:00:00,299.74713
2011-06-25 04:00:00,299.74713
2011-06-25 05:00:00,241.0065
2011-06-25 06:00:00,307.28235
2011-06-25 07:00:00,316.66138
2011-06-25 08:00:00,393.31006
2011-06-25 09:00:00,417.50992
2011-06-25 10:00:00,397.8521
2011-06-25 11:00:00,385.31393
2011-06-25 12:00:00,455.7425
2011-06-25 13:00:00,455.7425
2011-06-25 14:00:00,434.61713
2011-06-25 15:00:00,374.39304
2011-06-25 16:00:00,457.56097
2011-06-25 17:00:00,433.43515
2011-06-25 18:00:00,417.50992
2011-06-25 19:00:00,408.12082
2011-06-25 20:00:00,377.97888
2011-06-25 21:00:00,341.47943
2011-06-25 22:00:00,374.73032
2011-06-25 23:00:00,369.31888
2011-06-26 00:00:00,285.66272
2011-06-26 01:00:00,299.73203
2011-06-26 02:00:00,270.76254
2011-06-26 03:00:00,204.64227
2011-06-26 04:00:00,201.93536
2011-06-26 05:00:00,195.66415
2011-06-26 06:00:00,195.66415
2011-06-26 07:00:00,216.40833
2011-06-26 08:00:00,275.77933
2011-06-26 09:00:00,292.743
2011-06-26 10:00:00,355.6407
2011-06-26 11:00:00,375.43268
2011-06-26 12:00:00,411.75293
2011-06-26 13:00:00,387.29102
2011-06-26 14:00:00,399.15707
2011-06-26 15:00:00,387.29102
2011-06-26 16:00:00,421.8507
2011-06-26 17:00:00,413.74466
2011-06-26 18:00:00,424.86774
2011-06-26 19:00:00,375.9183
2011-06-26 20:00:00,360.45316
2011-06-26 21:00:00,327.77042
2011-06-26 22:00:00,327.9216
2011-06-26 23:00:00,310.80667
2011-06-27 00:00:00,237.13919
2011-06-27 01:00:00,168.6394
2011-06-27 02:00:00,190.74542
2011-06-27 03:00:00,190.74542
2011-06-27 04:00:00,149.48793
2011-06-27 05:00:00,153.30153
2011-06-27 06:00:00,178.9893
2011-06-27 07:00:00,229.64293
2011-06-27 08:00:00,205.80093
2011-06-27 09:00:00,299.7468
2011-06-27 10:00:00,309.23376
2011-06-27 11:00:00,272.97095
2011-06-27 12:00:00,299.7468
2011-06-27 13:00:00,325.06357
2011-06-27 14:00:00,280.024
2011-06-27 15:00:00,302.76828
2011-06-27 16:00:00,290.42877
2011-06-27 17:00:00,301.3566
2011-06-27 18:00:00,291.91754
2011-06-27 19:00:00,293.07382
2011-06-27 20:00:00,236.502
2011-06-27 21:00:00,209.48112
2011-06-27 22:00:00,181.80673
2011-06-27 23:00:00,181.80673
2011-06-28 00:00:00,175.57997
2011-06-28 01:00:00,155.53552
2011-06-28 02:00:00,181.0026
2011-06-28 03:00:00,181.0026
2011-06-28 04:00:00,155.53552
2011-06-28 05:00:00,137.28522
2011-06-28 06:00:00,149.86383
2011-06-28 07:00:00,170.9888
2011-06-28 08:00:00,188.2343
2011-06-28 09:00:00,202.85175
2011-06-28 10:00:00,359.6148
2011-06-28 11:00:00,339.5695
2011-06-28 12:00:00,399.7515
2011-06-28 13:00:00,344.2519
2011-06-28 14:00:00,404.1597
2011-06-28 15:00:00,357.8847
2011-06-28 16:00:00,432.68124
2011-06-28 17:00:00,412.07736
2011-06-28 18:00:00,406.34616
2011-06-28 19:00:00,355.16995
2011-06-28 20:00:00,242.14717
2011-06-28 21:00:00,309.44266
2011-06-28 22:00:00,274.85577
2011-06-28 23:00:00,271.8487
2011-06-29 00:00:00,228.24542
2011-06-29 01:00:00,226.0247
2011-06-29 02:00:00,174.07428
2011-06-29 03:00:00,144.0418
2011-06-29 04:00:00,130.24126
2011-06-29 05:00:00,154.0144
2011-06-29 06:00:00,261.5459
2011-06-29 07:00:00,326.3302
2011-06-29 08:00:00,368.25824
2011-06-29 09:00:00,407.93997
2011-06-29 10:00:00,406.69305
2011-06-29 11:00:00,384.49734
2011-06-29 12:00:00,395.65836
2011-06-29 13:00:00,407.305
2011-06-29 14:00:00,367.09985
2011-06-29 15:00:00,352.203
2011-06-29 16:00:00,429.18076
2011-06-29 17:00:00,409.06052
2011-06-29 18:00:00,390.31604
2011-06-29 19:00:00,442.3377
2011-06-29 20:00:00,410.29367
2011-06-29 21:00:00,380.87375
2011-06-29 22:00:00,360.10052
2011-06-29 23:00:00,337.18735
2011-06-30 00:00:00,305.35086
2011-06-30 01:00:00,279.14285
2011-06-30 02:00:00,263.28293
2011-06-30 03:00:00,251.80743
2011-06-30 04:00:00,200.61215
2011-06-30 05:00:00,237.17139
2011-06-30 06:00:00,256.2792
2011-06-30 07:00:00,265.56644
2011-06-30 08:00:00,348.99243
2011-06-30 09:00:00,374.71796
2011-06-30 10:00:00,364.69012
2011-06-30 11:00:00,338.91513
2011-06-30 12:00:00,355.88504
2011-06-30 13:00:00,369.37088
2011-06-30 14:00:00,367.02182
2011-06-30 15:00:00,358.197
2011-06-30 16:00:00,329.8961
2011-06-30 17:00:00,395.6302
2011-06-30 18:00:00,376.5196
2011-06-30 19:00:00,366.7089
2011-06-30 20:00:00,366.7089
2011-06-30 21:00:00,324.0818
2011-06-30 22:00:00,345.4975
2011-06-30 23:00:00,274.89645
2011-07-20 00:00:00,143.87543
2011-07-20 01:00:00,136.75523
2011-07-20 02:00:00,136.75523
2011-07-20 03:00:00,143.87543
2011-07-20 04:00:00,131.51375
2011-07-20 05:00:00,137.42853
2011-07-20 06:00:00,137.25467
2011-07-20 07:00:00,160.78893
2011-07-20 08:00:00,187.76541
2011-07-20 09:00:00,228.42203
2011-07-20 10:00:00,216.8811
2011-07-20 11:00:00,294.65512
2011-07-20 12:00:00,316.80215
2011-07-20 13:00:00,377.07596
2011-07-20 14:00:00,403.85623
2011-07-20 15:00:00,378.05957
2011-07-20 16:00:00,332.5771
2011-07-20 17:00:00,368.5494
2011-07-20 18:00:00,380.06302
2011-07-20 19:00:00,324.67496
2011-07-20 20:00:00,303.36523
2011-07-20 21:00:00,311.3486
2011-07-20 22:00:00,304.25858
2011-07-20 23:00:00,279.22852
2011-07-21 00:00:00,270.14093
2011-07-21 01:00:00,230.42764
2011-07-21 02:00:00,230.42764
2011-07-21 03:00:00,217.25117
2011-07-21 04:00:00,178.54321
2011-07-21 05:00:00,178.54321
2011-07-21 06:00:00,178.54321
2011-07-21 07:00:00,195.58138
2011-07-21 08:00:00,247.61978
2011-07-21 09:00:00,317.08517
2011-07-21 10:00:00,344.1257
2011-07-21 11:00:00,420.2813
2011-07-21 12:00:00,455.9895
2011-07-21 13:00:00,446.6212
2011-07-21 14:00:00,475.6809
2011-07-21 15:00:00,437.33218
2011-07-21 16:00:00,454.24225
2011-07-21 17:00:00,458.41788
2011-07-21 18:00:00,447.83636
2011-07-21 19:00:00,399.16696
2011-07-21 20:00:00,346.49716
2011-07-21 21:00:00,325.83313
2011-07-21 22:00:00,312.32617
2011-07-21 23:00:00,296.31665
2011-07-22 00:00:00,327.35696
2011-07-22 01:00:00,291.72778
2011-07-22 02:00:00,245.17967
2011-07-22 03:00:00,249.33063
2011-07-22 04:00:00,229.25117
2011-07-22 05:00:00,187.19757
2011-07-22 06:00:00,223.06741
2011-07-22 07:00:00,304.39667
2011-07-22 08:00:00,355.01724
2011-07-22 09:00:00,341.1194
2011-07-22 10:00:00,373.99167
2011-07-22 11:00:00,372.75415
2011-07-22 12:00:00,406.69116
2011-07-22 13:00:00,410.49744
2011-07-22 14:00:00,473.7961
2011-07-22 15:00:00,469.94727
2011-07-22 16:00:00,456.0594
2011-07-22 17:00:00,365.0168
2011-07-22 18:00:00,383.41348
2011-07-22 19:00:00,369.94684
2011-07-22 20:00:00,332.5771
2011-07-22 21:00:00,319.8883
2011-07-22 22:00:00,354.9446
2011-07-22 23:00:00,331.08307
2011-07-23 00:00:00,379.8627
2011-07-23 01:00:00,390.8845
2011-07-23 02:00:00,391.08102
2011-07-23 03:00:00,297.04236
2011-07-23 04:00:00,282.62195
2011-07-23 05:00:00,312.80106
2011-07-23 06:00:00,383.71817
2011-07-23 07:00:00,375.91525
2011-07-23 08:00:00,464.7249
2011-07-23 09:00:00,428.70468
2011-07-23 10:00:00,465.46796
2011-07-23 11:00:00,457.6121
2011-07-23 12:00:00,452.548
2011-07-23 13:00:00,462.44983
2011-07-23 14:00:00,456.8393
2011-07-23 15:00:00,459.43784
2011-07-23 16:00:00,459.69833
2011-07-23 17:00:00,459.69833
2011-07-23 18:00:00,478.6741
2011-07-23 19:00:00,382.5534
2011-07-23 20:00:00,400.1032
2011-07-23 21:00:00,400.1032
2011-07-23 22:00:00,375.7822
2011-07-23 23:00:00,347.46313
2011-07-24 00:00:00,347.46313
2011-07-24 01:00:00,300.52133
2011-07-24 02:00:00,330.42896
2011-07-24 03:00:00,330.42896
2011-07-24 04:00:00,300.52133
2011-07-24 05:00:00,297.04236
2011-07-24 06:00:00,346.10342
2011-07-24 07:00:00,355.46158
2011-07-24 08:00:00,430.8335
2011-07-24 09:00:00,444.8544
2011-07-24 10:00:00,494.35046
2011-07-24 11:00:00,448.03375
2011-07-24 12:00:00,453.24005
2011-07-24 13:00:00,465.36902
2011-07-24 14:00:00,483.63962
2011-07-24 15:00:00,488.59714
2011-07-24 16:00:00,488.59714
2011-07-24 17:00:00,443.71533
2011-07-24 18:00:00,446.24817
2011-07-24 19:00:00,439.44992
2011-07-24 20:00:00,428.70468
2011-07-24 21:00:00,340.4604
2011-07-24 22:00:00,282.94174
2011-07-24 23:00:00,269.54407
2011-07-25 00:00:00,243.8487
2011-07-25 01:00:00,240.97061
2011-07-25 02:00:00,203.21178
2011-07-25 03:00:00,165.53815
2011-07-25 04:00:00,156.82663
2011-07-25 05:00:00,156.82663
2011-07-25 06:00:00,176.133
2011-07-25 07:00:00,191.83574
2011-07-25 08:00:00,223.116
2011-07-25 09:00:00,281.85764
2011-07-25 10:00:00,316.80215
2011-07-25 11:00:00,379.048
2011-07-25 12:00:00,379.048
2011-07-25 13:00:00,242.85956
2011-07-25 14:00:00,231.9591
2011-07-25 15:00:00,233.10924
2011-07-25 16:00:00,190.45547
2011-07-25 17:00:00,181.3426
2011-07-25 18:00:00,212.0343
2011-07-25 19:00:00,228.42203
2011-07-25 20:00:00,219.60251
2011-07-25 21:00:00,136.75523
2011-07-25 22:00:00,136.75523
2011-07-25 23:00:00,139.75003
2011-07-26 00:00:00,164.73422
2011-07-26 01:00:00,164.73422
2011-07-26 02:00:00,128.3505
2011-07-26 03:00:00,134.9996
2011-07-26 04:00:00,145.31377
2011-07-26 05:00:00,119.6915
2011-07-26 06:00:00,183.46446
2011-07-26 07:00:00,300.5605
2011-07-26 08:00:00,325.23056
2011-07-26 09:00:00,386.47806
2011-07-26 10:00:00,378.5724
2011-07-26 11:00:00,348.20505
2011-07-26 12:00:00,348.05545
2011-07-26 13:00:00,406.04846
2011-07-26 14:00:00,394.67474
2011-07-26 15:00:00,398.84225
2011-07-26 16:00:00,422.33334
2011-07-26 17:00:00,443.0498
2011-07-26 18:00:00,461.2511
2011-07-26 19:00:00,427.92294
2011-07-26 20:00:00,406.98108
2011-07-26 21:00:00,379.38434
2011-07-26 22:00:00,308.77777
2011-07-26 23:00:00,289.60184
2011-07-27 00:00:00,352.2493
2011-07-27 01:00:00,366.30612
2011-07-27 02:00:00,380.36667
2011-07-27 03:00:00,294.65598
2011-07-27 04:00:00,334.54587
2011-07-27 05:00:00,339.19736
2011-07-27 06:00:00,326.3302
2011-07-27 07:00:00,370.1193
2011-07-27 08:00:00,395.5569
2011-07-27 09:00:00,395.65836
2011-07-27 10:00:00,336.565
2011-07-27 11:00:00,342.83713
2011-07-27 12:00:00,392.0687
2011-07-27 13:00:00,413.44543
2011-07-27 14:00:00,367.2541
2011-07-27 15:00:00,369.53983
2011-07-27 16:00:00,333.9006
2011-07-27 17:00:00,357.15927
2011-07-27 18:00:00,337.06976
2011-07-27 19:00:00,337.86978
2011-07-27 20:00:00,382.549
2011-07-27 21:00:00,313.89706
2011-07-27 22:00:00,300.22556
2011-07-27 23:00:00,314.48764
2011-07-28 00:00:00,303.5183
2011-07-28 01:00:00,290.8669
2011-07-28 02:00:00,287.1617
2011-07-28 03:00:00,278.67535
2011-07-28 04:00:00,252.53516
2011-07-28 05:00:00,236.502
2011-07-28 06:00:00,202.88055
2011-07-28 07:00:00,247.1656
2011-07-28 08:00:00,273.6627
2011-07-28 09:00:00,331.61163
2011-07-28 10:00:00,389.24066
2011-07-28 11:00:00,411.33398
2011-07-28 12:00:00,409.44348
2011-07-28 13:00:00,419.53055
2011-07-28 14:00:00,425.43802
2011-07-28 15:00:00,391.64282
2011-07-28 16:00:00,377.22836
2011-07-28 17:00:00,380.98746
2011-07-28 18:00:00,388.67105
2011-07-28 19:00:00,355.77914
2011-07-28 20:00:00,331.0831
2011-07-28 21:00:00,335.5199
2011-07-28 22:00:00,296.86996
2011-07-28 23:00:00,259.6303
2011-07-29 00:00:00,211.96567
2011-07-29 01:00:00,198.35544
2011-07-29 02:00:00,165.53815
2011-07-29 03:00:00,165.53815
2011-07-29 04:00:00,171.75763
2011-07-29 05:00:00,149.64447
2011-07-29 06:00:00,171.40892
2011-07-29 07:00:00,203.21178
2011-07-29 08:00:00,225.26315
2011-07-29 09:00:00,419.53055
2011-07-29 10:00:00,442.35654
2011-07-29 11:00:00,452.631
2011-07-29 12:00:00,410.72543
2011-07-29 13:00:00,375.70523
2011-07-29 14:00:00,385.03342
2011-07-29 15:00:00,396.36014
2011-07-29 16:00:00,433.2995
2011-07-29 17:00:00,410.14423
2011-07-29 18:00:00,448.98126
2011-07-29 19:00:00,415.44595
2011-07-29 20:00:00,446.90857
2011-07-29 21:00:00,368.0433
2011-07-29 22:00:00,388.56473
2011-07-29 23:00:00,318.1707
2011-07-30 00:00:00,364.91837
2011-07-30 01:00:00,332.32162
2011-07-30 02:00:00,334.96643
2011-07-30 03:00:00,304.39633
2011-07-30 04:00:00,272.1539
2011-07-30 05:00:00,294.4067
2011-07-30 06:00:00,297.1372
2011-07-30 07:00:00,310.8791
2011-07-30 08:00:00,369.43234
2011-07-30 09:00:00,480.2023
2011-07-30 10:00:00,489.602
2011-07-30 11:00:00,443.92892
2011-07-30 12:00:00,429.0407
2011-07-30 13:00:00,433.0288
2011-07-30 14:00:00,438.68787
2011-07-30 15:00:00,435.87906
2011-07-30 16:00:00,428.01352
2011-07-30 17:00:00,426.2282
2011-07-30 18:00:00,421.78152
2011-07-30 19:00:00,441.12054
2011-07-30 20:00:00,419.28564
2011-07-30 21:00:00,409.35233
2011-07-30 22:00:00,361.0038
2011-07-30 23:00:00,332.32166
2011-07-31 00:00:00,332.32162
2011-07-31 01:00:00,279.31485
2011-07-31 02:00:00,258.13504
2011-07-31 03:00:00,240.49997
2011-07-31 04:00:00,204.9873
2011-07-31 05:00:00,211.3036
2011-07-31 06:00:00,214.13
2011-07-31 07:00:00,320.21887
2011-07-31 08:00:00,373.1163
2011-07-31 09:00:00,390.23685
2011-07-31 10:00:00,433.38187
2011-07-31 11:00:00,416.95807
2011-07-31 12:00:00,412.09802
2011-07-31 13:00:00,407.3271
2011-07-31 14:00:00,408.00845
2011-07-31 15:00:00,405.615
2011-07-31 16:00:00,397.30048
2011-07-31 17:00:00,380.37573
2011-07-31 18:00:00,492.66605
2011-07-31 19:00:00,425.51767
2011-07-31 20:00:00,425.51767
2011-07-31 21:00:00,386.19
2011-07-31 22:00:00,307.10324
2011-07-31 23:00:00,305.3237
2011-08-20 00:00:00,101.1045
2011-08-20 01:00:00,106.60173
2011-08-20 02:00:00,119.980354
2011-08-20 03:00:00,119.980354
2011-08-20 04:00:00,108.093185
2011-08-20 05:00:00,104.47317
2011-08-20 06:00:00,124.66231
2011-08-20 07:00:00,106.60172
2011-08-20 08:00:00,174.1994
2011-08-20 09:00:00,220.2032
2011-08-20 10:00:00,281.00412
2011-08-20 11:00:00,283.168
2011-08-20 12:00:00,320.21887
2011-08-20 13:00:00,344.08017
2011-08-20 14:00:00,420.00204
2011-08-20 15:00:00,439.6642
2011-08-20 16:00:00,430.94556
2011-08-20 17:00:00,420.00204
2011-08-20 18:00:00,367.56534
2011-08-20 19:00:00,312.89282
2011-08-20 20:00:00,321.65845
2011-08-20 21:00:00,271.20053
2011-08-20 22:00:00,236.90036
2011-08-20 23:00:00,192.57225
2011-08-21 00:00:00,221.01279
2011-08-21 01:00:00,187.37129
2011-08-21 02:00:00,173.6076
2011-08-21 03:00:00,158.65617
2011-08-21 04:00:00,169.17761
2011-08-21 05:00:00,160.84036
2011-08-21 06:00:00,156.98515
2011-08-21 07:00:00,196.7497
2011-08-21 08:00:00,203.83049
2011-08-21 09:00:00,252.43211
2011-08-21 10:00:00,275.96512
2011-08-21 11:00:00,383.2724
2011-08-21 12:00:00,417.1325
2011-08-21 13:00:00,419.885
2011-08-21 14:00:00,245.56172
2011-08-21 15:00:00,202.82642
2011-08-21 16:00:00,191.07858
2011-08-21 17:00:00,178.15114
2011-08-21 18:00:00,235.44276
2011-08-21 19:00:00,284.51257
2011-08-21 20:00:00,217.827
2011-08-21 21:00:00,217.827
2011-08-21 22:00:00,205.0914
2011-08-21 23:00:00,206.30716
2011-08-22 00:00:00,175.44093
2011-08-22 01:00:00,147.61032
2011-08-22 02:00:00,252.4611
2011-08-22 03:00:00,276.68793
2011-08-22 04:00:00,258.9268
2011-08-22 05:00:00,281.7086
2011-08-22 06:00:00,293.33978
2011-08-22 07:00:00,298.98508
2011-08-22 08:00:00,298.98508
2011-08-22 09:00:00,324.6079
2011-08-22 10:00:00,368.25824
2011-08-22 11:00:00,415.41034
2011-08-22 12:00:00,440.21967
2011-08-22 13:00:00,428.56732
2011-08-22 14:00:00,416.32068
2011-08-22 15:00:00,392.22675
2011-08-22 16:00:00,416.32068
2011-08-22 17:00:00,385.85086
2011-08-22 18:00:00,383.2629
2011-08-22 19:00:00,388.34802
2011-08-22 20:00:00,359.9211
2011-08-22 21:00:00,358.46997
2011-08-22 22:00:00,396.3737
2011-08-22 23:00:00,368.6716
2011-08-23 00:00:00,340.79343
2011-08-23 01:00:00,286.4034
2011-08-23 02:00:00,265.8201
2011-08-23 03:00:00,279.7513
2011-08-23 04:00:00,237.02173
2011-08-23 05:00:00,243.13446
2011-08-23 06:00:00,226.41634
2011-08-23 07:00:00,312.74283
2011-08-23 08:00:00,295.64996
2011-08-23 09:00:00,316.42868
2011-08-23 10:00:00,317.56586
2011-08-23 11:00:00,321.1323
2011-08-23 12:00:00,313.83374
2011-08-23 13:00:00,327.55756
2011-08-23 14:00:00,325.96616
2011-08-23 15:00:00,379.82928
2011-08-23 16:00:00,336.8454
2011-08-23 17:00:00,379.82928
2011-08-23 18:00:00,366.025
2011-08-23 19:00:00,328.61905
2011-08-23 20:00:00,314.81238
2011-08-23 21:00:00,237.76535
2011-08-23 22:00:00,263.28293
2011-08-23 23:00:00,242.34663
2011-08-24 00:00:00,263.28293
2011-08-24 01:00:00,238.6128
2011-08-24 02:00:00,179.03958
2011-08-24 03:00:00,179.03958
2011-08-24 04:00:00,137.902
2011-08-24 05:00:00,137.902
2011-08-24 06:00:00,134.08377
2011-08-24 07:00:00,213.07587
2011-08-24 08:00:00,200.73914
2011-08-24 09:00:00,244.50577
2011-08-24 10:00:00,321.1331
2011-08-24 11:00:00,351.29208
2011-08-24 12:00:00,361.33496
2011-08-24 13:00:00,417.7822
2011-08-24 14:00:00,417.7822
2011-08-24 15:00:00,418.45847
2011-08-24 16:00:00,400.88763
2011-08-24 17:00:00,391.3024
2011-08-24 18:00:00,356.21384
2011-08-24 19:00:00,356.21384
2011-08-24 20:00:00,332.9247
2011-08-24 21:00:00,321.95166
2011-08-24 22:00:00,304.47336
2011-08-24 23:00:00,270.22034
2011-08-25 00:00:00,250.12906
2011-08-25 01:00:00,274.70984
2011-08-25 02:00:00,274.70984
2011-08-25 03:00:00,242.75208
2011-08-25 04:00:00,227.52863
2011-08-25 05:00:00,218.46312
2011-08-25 06:00:00,204.7527
2011-08-25 07:00:00,229.66347
2011-08-25 08:00:00,266.67154
2011-08-25 09:00:00,291.56308
2011-08-25 10:00:00,317.07144
2011-08-25 11:00:00,202.39569
2011-08-25 12:00:00,202.39569
2011-08-25 13:00:00,164.73422
2011-08-25 14:00:00,209.04367
2011-08-25 15:00:00,230.64014
2011-08-25 16:00:00,149.64447
2011-08-25 17:00:00,149.64447
2011-08-25 18:00:00,188.44519
2011-08-25 19:00:00,219.46341
2011-08-25 20:00:00,215.27516
2011-08-25 21:00:00,206.0994
2011-08-25 22:00:00,118.37114
2011-08-25 23:00:00,121.74223
2011-08-26 00:00:00,132.33
2011-08-26 01:00:00,118.37114
2011-08-26 02:00:00,124.8448
2011-08-26 03:00:00,117.58417
2011-08-26 04:00:00,112.67859
2011-08-26 05:00:00,121.396736
2011-08-26 06:00:00,112.67859
2011-08-26 07:00:00,117.63916
2011-08-26 08:00:00,130.24126
2011-08-26 09:00:00,169.9279
2011-08-26 10:00:00,246.73895
2011-08-26 11:00:00,280.06232
2011-08-26 12:00:00,274.771
2011-08-26 13:00:00,309.5967
2011-08-26 14:00:00,305.54288
2011-08-26 15:00:00,353.42813
2011-08-26 16:00:00,285.16327
2011-08-26 17:00:00,271.56784
2011-08-26 18:00:00,242.85956
2011-08-26 19:00:00,178.67908
2011-08-26 20:00:00,173.94012
2011-08-26 21:00:00,202.59813
2011-08-26 22:00:00,178.67908
2011-08-26 23:00:00,139.75003
2011-08-27 00:00:00,130.12314
2011-08-27 01:00:00,151.66032
2011-08-27 02:00:00,164.23944
2011-08-27 03:00:00,188.67377
2011-08-27 04:00:00,188.67377
2011-08-27 05:00:00,212.78783
2011-08-27 06:00:00,212.78783
2011-08-27 07:00:00,220.50137
2011-08-27 08:00:00,201.14407
2011-08-27 09:00:00,230.0725
2011-08-27 10:00:00,250.54535
2011-08-27 11:00:00,187.30835
2011-08-27 12:00:00,220.51888
2011-08-27 13:00:00,204.02051
2011-08-27 14:00:00,202.14598
2011-08-27 15:00:00,202.14598
2011-08-27 16:00:00,197.44849
2011-08-27 17:00:00,238.51108
2011-08-28 07:00:00,182.75284
2011-08-28 08:00:00,193.17279
2011-08-28 09:00:00,242.87782
2011-08-28 10:00:00,323.40045
2011-08-28 11:00:00,342.62296
2011-08-28 12:00:00,404.14215
2011-08-28 13:00:00,452.9262
2011-08-28 14:00:00,482.82336
2011-08-28 15:00:00,477.13892
2011-08-28 16:00:00,509.40582
2011-08-28 17:00:00,472.5438
2011-08-28 18:00:00,433.43515
2011-08-28 19:00:00,355.64072
2011-08-28 20:00:00,367.20325
2011-08-28 21:00:00,255.5772
2011-08-28 22:00:00,174.39394
2011-08-28 23:00:00,141.43694
2011-08-29 00:00:00,161.59071
2011-08-29 01:00:00,181.5453
2011-08-29 02:00:00,215.84332
2011-08-29 03:00:00,181.5453
2011-08-29 04:00:00,172.49454
2011-08-29 05:00:00,147.72542
2011-08-29 06:00:00,147.72542
2011-08-29 07:00:00,266.20078
2011-08-29 08:00:00,293.17368
2011-08-29 09:00:00,310.3903
2011-08-29 10:00:00,341.3406
2011-08-29 11:00:00,317.96735
2011-08-29 12:00:00,350.4142
2011-08-29 13:00:00,333.9917
2011-08-29 14:00:00,308.80704
2011-08-29 15:00:00,345.4975
2011-08-29 16:00:00,350.19852
2011-08-29 17:00:00,361.68854
2011-08-29 18:00:00,348.69305
2011-08-29 19:00:00,348.69305
2011-08-29 20:00:00,290.2499
2011-08-29 21:00:00,300.91214
2011-08-29 22:00:00,263.28293
2011-08-29 23:00:00,234.24051
2011-08-30 00:00:00,147.72542
2011-08-30 01:00:00,162.08087
2011-08-30 02:00:00,133.06583
2011-08-30 03:00:00,162.74603
2011-08-30 04:00:00,137.2607
2011-08-30 05:00:00,117.22427
2011-08-30 06:00:00,133.06583
2011-08-30 07:00:00,172.49454
2011-08-30 08:00:00,263.28293
2011-08-30 09:00:00,328.61905
2011-08-30 10:00:00,377.73
2011-08-30 11:00:00,366.61404
2011-08-30 12:00:00,322.1117
2011-08-30 13:00:00,326.3169
2011-08-30 14:00:00,352.54224
2011-08-30 15:00:00,381.7529
2011-08-30 16:00:00,353.29626
2011-08-30 17:00:00,364.69012
2011-08-30 18:00:00,338.41843
2011-08-30 19:00:00,277.86584
2011-08-30 20:00:00,274.89645
2011-08-30 21:00:00,207.34447
2011-08-30 22:00:00,209.85966
2011-08-30 23:00:00,209.85966
2011-08-31 00:00:00,166.24712
2011-08-31 01:00:00,166.24712
2011-08-31 02:00:00,134.08377
2011-08-31 03:00:00,120.19786
2011-08-31 04:00:00,134.08377
2011-08-31 05:00:00,114.81087
2011-08-31 06:00:00,119.67831
2011-08-31 07:00:00,130.47145
2011-08-31 08:00:00,170.96997
2011-08-31 09:00:00,184.04515
2011-08-31 10:00:00,310.4416
2011-08-31 11:00:00,335.68686
2011-08-31 12:00:00,338.34445
2011-08-31 13:00:00,325.8321
2011-08-31 14:00:00,337.98575
2011-08-31 15:00:00,337.98575
2011-08-31 16:00:00,339.0723
2011-08-31 17:00:00,329.19647
2011-08-31 18:00:00,339.26465
2011-08-31 19:00:00,414.57156
2011-08-31 20:00:00,266.6512
2011-08-31 21:00:00,234.61589
2011-08-31 22:00:00,170.5228
2011-08-31 23:00:00,134.67438
2011-09-20 00:00:00,179.08463
2011-09-20 01:00:00,130.52803
2011-09-20 02:00:00,130.52803
2011-09-20 03:00:00,151.96257
2011-09-20 04:00:00,130.2556
2011-09-20 05:00:00,135.6085
2011-09-20 06:00:00,135.6085
2011-09-20 07:00:00,130.52803
2011-09-20 08:00:00,137.77081
2011-09-20 09:00:00,136.19226
2011-09-20 10:00:00,142.33101
2011-09-20 11:00:00,142.33101
2011-09-20 12:00:00,128.21971
2011-09-20 13:00:00,124.306656
2011-09-20 14:00:00,143.09433
2011-09-20 15:00:00,158.93658
2011-09-20 16:00:00,149.48793
2011-09-20 17:00:00,122.44555
2011-09-20 18:00:00,122.44555
2011-09-20 19:00:00,111.75938
2011-09-20 20:00:00,109.41564
2011-09-20 21:00:00,109.41564
2011-09-20 22:00:00,109.41564
2011-09-20 23:00:00,109.41564
2011-09-21 00:00:00,107.1805
2011-09-21 01:00:00,107.88549
2011-09-21 02:00:00,107.88549
2011-09-21 03:00:00,118.20462
2011-09-21 04:00:00,119.33034
2011-09-21 05:00:00,122.08883
2011-09-21 06:00:00,124.89857
2011-09-21 07:00:00,124.89857
2011-09-21 08:00:00,117.19608
2011-09-21 09:00:00,118.11056
2011-09-21 10:00:00,118.93172
2011-09-21 11:00:00,153.30153
2011-09-21 12:00:00,155.94194
2011-09-21 13:00:00,213.259
2011-09-21 14:00:00,222.97739
2011-09-21 15:00:00,191.80731
2011-09-21 16:00:00,191.80731
2011-09-21 17:00:00,233.29102
2011-09-21 18:00:00,170.21144
2011-09-21 19:00:00,123.590416
2011-09-21 20:00:00,123.590416
2011-09-21 21:00:00,114.14364
2011-09-21 22:00:00,116.34187
2011-09-21 23:00:00,112.19696
2011-09-22 00:00:00,112.19696
2011-09-22 01:00:00,117.08735
2011-09-22 02:00:00,118.47605
2011-09-22 03:00:00,117.08733
2011-09-22 04:00:00,117.08733
2011-09-22 05:00:00,118.47605
2011-09-22 06:00:00,118.4742
2011-09-22 07:00:00,115.0732
2011-09-22 08:00:00,122.55293
2011-09-22 09:00:00,137.33406
2011-09-22 10:00:00,159.29839
2011-09-22 11:00:00,149.93799
2011-09-22 12:00:00,163.49977
2011-09-22 13:00:00,174.51419
2011-09-22 14:00:00,185.45517
2011-09-22 15:00:00,193.8559
2011-09-22 16:00:00,209.41437
2011-09-22 17:00:00,162.06053
2011-09-22 18:00:00,135.50446
2011-09-22 19:00:00,125.83072
2011-09-22 20:00:00,126.42901
2011-09-22 21:00:00,125.83072
2011-09-22 22:00:00,115.71887
2011-09-22 23:00:00,116.34187
2011-09-23 00:00:00,134.50986
2011-09-23 01:00:00,120.72688
2011-09-23 02:00:00,126.3559
2011-09-23 03:00:00,120.72688
2011-09-23 04:00:00,129.87039
2011-09-23 05:00:00,137.00607
2011-09-23 06:00:00,134.50986
2011-09-23 07:00:00,152.07925
2011-09-23 08:00:00,152.07925
2011-09-23 09:00:00,138.2912
2011-09-23 10:00:00,135.5249
2011-09-23 11:00:00,135.52489
2011-09-23 12:00:00,151.90982
2011-09-23 13:00:00,132.24881
2011-09-23 14:00:00,132.24881
2011-09-23 15:00:00,151.90984
2011-09-23 16:00:00,158.27586
2011-09-23 17:00:00,120.72688
2011-09-23 18:00:00,114.33596
2011-09-23 19:00:00,132.18939
2011-09-23 20:00:00,117.143684
2011-09-23 21:00:00,127.59396
2011-09-23 22:00:00,133.69928
2011-09-23 23:00:00,135.32294
2011-09-24 00:00:00,111.50127
2011-09-24 01:00:00,122.37586
2011-09-24 02:00:00,122.37586
2011-09-24 03:00:00,111.06764
2011-09-24 04:00:00,113.785194
2011-09-24 05:00:00,121.38159
2011-09-24 06:00:00,121.38159
2011-09-24 07:00:00,127.78546
2011-09-24 08:00:00,126.366135
2011-09-24 09:00:00,131.01749
2011-09-24 10:00:00,131.01749
2011-09-24 11:00:00,163.79951
2011-09-24 12:00:00,163.79951
2011-09-24 13:00:00,167.0687
2011-09-24 14:00:00,239.3584
2011-09-24 15:00:00,239.3584
2011-09-24 16:00:00,194.39166
2011-09-24 17:00:00,205.66663
2011-09-24 18:00:00,169.82805
2011-09-24 19:00:00,122.54509
2011-09-24 20:00:00,141.86386
2011-09-24 21:00:00,137.37267
2011-09-24 22:00:00,143.5089
2011-09-24 23:00:00,131.01749
2011-09-25 00:00:00,139.55548
2011-09-25 01:00:00,131.29044
2011-09-25 02:00:00,131.75476
2011-09-25 03:00:00,131.75476
2011-09-25 04:00:00,128.27669
2011-09-25 05:00:00,117.78454
2011-09-25 06:00:00,131.29044
2011-09-25 07:00:00,121.301315
2011-09-25 08:00:00,143.5089
2011-09-25 09:00:00,167.1131
2011-09-25 10:00:00,167.1131
2011-09-25 11:00:00,208.8768
2011-09-25 12:00:00,199.7533
2011-09-25 13:00:00,234.35596
2011-09-25 14:00:00,199.7533
2011-09-25 15:00:00,199.7533
2011-09-25 16:00:00,241.09575
2011-09-25 17:00:00,207.15778
2011-09-25 18:00:00,207.15778
2011-09-25 19:00:00,143.00333
2011-09-25 20:00:00,136.82965
2011-09-25 21:00:00,113.58652
2011-09-25 22:00:00,119.904144
2011-09-25 23:00:00,123.134346
2011-09-26 00:00:00,137.00607
2011-09-26 01:00:00,157.40086
2011-09-26 02:00:00,157.40086
2011-09-26 03:00:00,137.00607
2011-09-26 04:00:00,134.50986
2011-09-26 05:00:00,160.26924
2011-09-26 06:00:00,134.50986
2011-09-26 07:00:00,137.00607
2011-09-26 08:00:00,137.00607
2011-09-26 09:00:00,175.41978
2011-09-26 10:00:00,175.41978
2011-09-26 11:00:00,240.73335
2011-09-26 12:00:00,244.7576
2011-09-26 13:00:00,285.94894
2011-09-26 14:00:00,278.7936
2011-09-26 15:00:00,316.14517
2011-09-26 16:00:00,302.82172
2011-09-26 17:00:00,270.50992
2011-09-26 18:00:00,168.54898
2011-09-26 19:00:00,171.32317
2011-09-26 20:00:00,144.44691
2011-09-26 21:00:00,144.44691
2011-09-26 22:00:00,132.18939
2011-09-26 23:00:00,132.18939
2011-09-27 00:00:00,132.18939
2011-09-27 01:00:00,138.36255
2011-09-27 02:00:00,127.89552
2011-09-27 03:00:00,137.00607
2011-09-27 04:00:00,152.31943
2011-09-27 05:00:00,152.31943
2011-09-27 06:00:00,136.27606
2011-09-27 07:00:00,136.27606
2011-09-27 08:00:00,157.57767
2011-09-27 09:00:00,194.52007
2011-09-27 10:00:00,161.69135
2011-09-27 11:00:00,161.68086
2011-09-27 12:00:00,165.76324
2011-09-27 13:00:00,297.47195
2011-09-27 14:00:00,227.83925
2011-09-27 15:00:00,203.90825
2011-09-27 16:00:00,219.51411
2011-09-27 17:00:00,181.6103
2011-09-27 18:00:00,183.46758
2011-09-27 19:00:00,160.97583
2011-09-27 20:00:00,180.90845
2011-09-27 21:00:00,154.60808
2011-09-27 22:00:00,130.7303
2011-09-27 23:00:00,130.7303
2011-09-28 00:00:00,134.37975
2011-09-28 01:00:00,134.37975
2011-09-28 02:00:00,174.77904
2011-09-28 03:00:00,130.15794
2011-09-28 04:00:00,134.37975
2011-09-28 05:00:00,128.97368
2011-09-28 06:00:00,150.08415
2011-09-28 07:00:00,150.08415
2011-09-28 08:00:00,170.18277
2011-09-28 09:00:00,170.18277
2011-09-28 10:00:00,137.00607
2011-09-28 11:00:00,194.47614
2011-09-28 12:00:00,216.4458
2011-09-28 13:00:00,290.0127
2011-09-28 14:00:00,350.1619
2011-09-28 15:00:00,270.50992
2011-09-28 16:00:00,287.2692
2011-09-28 17:00:00,294.6492
2011-09-28 18:00:00,248.62445
2011-09-28 19:00:00,248.62444
2011-09-28 20:00:00,215.37798
2011-09-28 21:00:00,188.23517
2011-09-28 22:00:00,130.7303
2011-09-28 23:00:00,128.27351
2011-09-29 00:00:00,139.88863
2011-09-29 01:00:00,136.64253
2011-09-29 02:00:00,136.64253
2011-09-29 03:00:00,147.19705
2011-09-29 04:00:00,168.611
2011-09-29 05:00:00,152.64848
2011-09-29 06:00:00,152.0385
2011-09-29 07:00:00,139.8935
2011-09-29 08:00:00,154.60808
2011-09-29 09:00:00,234.51683
2011-09-29 10:00:00,291.44922
2011-09-29 11:00:00,307.48685
2011-09-29 12:00:00,308.231
2011-09-29 13:00:00,313.41522
2011-09-29 14:00:00,389.1831
2011-09-29 15:00:00,430.92258
2011-09-29 16:00:00,452.69003
2011-09-29 17:00:00,400.33093
2011-09-29 18:00:00,411.8205
2011-09-29 19:00:00,329.76834
2011-09-29 20:00:00,319.1674
2011-09-29 21:00:00,267.92368
2011-09-29 22:00:00,203.97433
2011-09-29 23:00:00,162.22604
2011-09-30 00:00:00,134.64922
2011-09-30 01:00:00,160.45345
2011-09-30 02:00:00,134.64922
2011-09-30 03:00:00,134.64919
2011-09-30 04:00:00,157.03964
2011-09-30 05:00:00,157.03964
2011-09-30 06:00:00,164.14745
2011-09-30 07:00:00,164.14745
2011-09-30 08:00:00,172.64276
2011-09-30 09:00:00,217.43335
2011-09-30 10:00:00,249.77808
2011-09-30 11:00:00,306.48825
2011-09-30 12:00:00,346.08652
2011-09-30 13:00:00,410.4407
2011-09-30 14:00:00,403.96262
2011-09-30 15:00:00,378.62903
2011-09-30 16:00:00,354.05093
2011-09-30 17:00:00,347.21127
2011-09-30 18:00:00,339.9654
2011-09-30 19:00:00,314.9087
2011-09-30 20:00:00,314.9087
2011-09-30 21:00:00,295.96014
2011-09-30 22:00:00,285.01337
2011-09-30 23:00:00,285.01337
2011-10-20 00:00:00,160.5664
2011-10-20 01:00:00,185.07788
2011-10-20 02:00:00,199.59212
2011-10-20 03:00:00,197.16928
2011-10-20 04:00:00,197.16928
2011-10-20 05:00:00,175.2555
2011-10-20 06:00:00,169.98387
2011-10-20 07:00:00,181.13316
2011-10-20 08:00:00,217.44011
2011-10-20 09:00:00,222.81621
2011-10-20 10:00:00,234.10956
2011-10-20 11:00:00,257.20374
2011-10-20 12:00:00,283.79013
2011-10-20 13:00:00,302.32724
2011-10-20 14:00:00,278.97415
2011-10-20 15:00:00,274.9169
2011-10-20 16:00:00,274.9169
2011-10-20 17:00:00,291.7886
2011-10-20 18:00:00,281.36014
2011-10-20 19:00:00,270.9215
2011-10-20 20:00:00,274.68893
2011-10-20 21:00:00,267.01584
2011-10-20 22:00:00,263.30484
2011-10-20 23:00:00,237.44672
2011-10-21 00:00:00,207.77243
2011-10-21 01:00:00,211.77983
2011-10-21 02:00:00,178.95885
2011-10-21 03:00:00,127.691086
2011-10-21 04:00:00,132.57442
2011-10-21 05:00:00,119.16341
2011-10-21 06:00:00,132.57442
2011-10-21 07:00:00,132.57442
2011-10-21 08:00:00,214.36958
2011-10-21 09:00:00,259.69208
2011-10-21 10:00:00,291.87958
2011-10-21 11:00:00,331.7894
2011-10-21 12:00:00,325.40372
2011-10-21 13:00:00,296.09515
2011-10-21 14:00:00,351.83984
2011-10-21 15:00:00,328.2899
2011-10-21 16:00:00,332.3519
2011-10-21 17:00:00,292.62308
2011-10-21 18:00:00,270.2675
2011-10-21 19:00:00,247.32268
2011-10-21 20:00:00,278.31433
2011-10-21 21:00:00,244.26474
2011-10-21 22:00:00,266.25986
2011-10-21 23:00:00,211.77983
2011-10-22 00:00:00,189.66808
2011-10-22 01:00:00,189.66808
2011-10-22 02:00:00,184.59207
2011-10-22 03:00:00,182.18524
2011-10-22 04:00:00,149.06848
2011-10-22 05:00:00,149.95198
2011-10-22 06:00:00,122.7272
2011-10-22 07:00:00,99.48486
2011-10-22 08:00:00,134.34843
2011-10-22 09:00:00,158.7822
2011-10-22 10:00:00,220.40337
2011-10-22 11:00:00,220.40337
2011-10-22 12:00:00,241.87856
2011-10-22 13:00:00,313.48148
2011-10-22 14:00:00,322.663
2011-10-22 15:00:00,297.8178
2011-10-22 16:00:00,342.89078
2011-10-22 17:00:00,249.60855
2011-10-22 18:00:00,240.75415
2011-10-22 19:00:00,162.54
2011-10-22 20:00:00,156.9233
2011-10-22 21:00:00,114.306564
2011-10-22 22:00:00,114.306564
2011-10-22 23:00:00,96.79153
2011-10-23 00:00:00,93.68765
2011-10-23 01:00:00,93.68765
2011-10-23 02:00:00,88.94989
2011-10-23 03:00:00,91.88626
2011-10-23 04:00:00,91.88626
2011-10-23 05:00:00,90.07688
2011-10-23 06:00:00,86.86475
2011-10-23 07:00:00,88.94989
2011-10-23 08:00:00,90.84681
2011-10-23 09:00:00,114.306564
2011-10-23 10:00:00,137.42043
2011-10-23 11:00:00,151.55185
2011-10-23 12:00:00,258.10965
2011-10-23 13:00:00,290.99005
2011-10-23 14:00:00,295.40762
2011-10-23 15:00:00,304.35028
2011-10-23 16:00:00,290.99005
2011-10-23 17:00:00,215.30284
2011-10-23 18:00:00,210.73883
2011-10-23 19:00:00,126.7981
2011-10-23 20:00:00,139.60101
2011-10-23 21:00:00,139.60101
2011-10-23 22:00:00,111.50411
2011-10-23 23:00:00,120.19622
2011-10-24 00:00:00,136.6217
2011-10-24 01:00:00,120.30825
2011-10-24 02:00:00,113.91949
2011-10-24 03:00:00,115.76615
2011-10-24 04:00:00,114.643425
2011-10-24 05:00:00,107.44743
2011-10-24 06:00:00,113.91949
2011-10-24 07:00:00,113.63581
2011-10-24 08:00:00,126.4678
2011-10-24 09:00:00,142.63248
2011-10-24 10:00:00,160.53194
2011-10-24 11:00:00,216.21176
2011-10-24 12:00:00,233.76073
2011-10-24 13:00:00,279.48593
2011-10-24 14:00:00,280.5934
2011-10-24 15:00:00,281.3029
2011-10-24 16:00:00,260.79486
2011-10-24 17:00:00,214.94472
2011-10-24 18:00:00,255.92648
2011-10-24 19:00:00,181.58583
2011-10-24 20:00:00,129.04303
2011-10-24 21:00:00,120.29345
2011-10-24 22:00:00,170.81834
2011-10-24 23:00:00,143.29483
2011-10-25 00:00:00,140.9275
2011-10-25 01:00:00,140.9275
2011-10-25 02:00:00,123.935425
2011-10-25 03:00:00,108.97315
2011-10-25 04:00:00,113.34094
2011-10-25 05:00:00,113.34094
2011-10-25 06:00:00,114.65335
2011-10-25 07:00:00,145.10468
2011-10-25 08:00:00,159.97775
2011-10-25 09:00:00,283.0546
2011-10-25 10:00:00,304.28772
2011-10-25 11:00:00,323.96768
2011-10-25 12:00:00,370.6224
2011-10-25 13:00:00,391.51154
2011-10-25 14:00:00,380.30072
2011-10-25 15:00:00,351.9894
2011-10-25 16:00:00,382.24112
2011-10-25 17:00:00,351.9894
2011-10-25 18:00:00,327.72757
2011-10-25 19:00:00,221.72806
2011-10-25 20:00:00,194.7056
2011-10-25 21:00:00,167.1304
2011-10-25 22:00:00,213.24144
2011-10-25 23:00:00,167.1304
2011-10-26 00:00:00,175.09753
2011-10-26 01:00:00,201.69778
2011-10-26 02:00:00,199.643
2011-10-26 03:00:00,204.67148
2011-10-26 04:00:00,173.27182
2011-10-26 05:00:00,172.12375
2011-10-26 06:00:00,172.12375
2011-10-26 07:00:00,169.43837
2011-10-26 08:00:00,220.86922
2011-10-26 09:00:00,257.22437
2011-10-26 10:00:00,272.608
2011-10-26 11:00:00,268.2099
2011-10-26 12:00:00,351.90567
2011-10-26 13:00:00,312.64014
2011-10-26 14:00:00,183.98419
2011-10-26 15:00:00,183.98419
2011-10-26 16:00:00,185.77411
2011-10-26 17:00:00,187.03342
2011-10-26 18:00:00,173.7963
2011-10-26 19:00:00,137.03355
2011-10-26 20:00:00,118.984764
2011-10-26 21:00:00,183.98419
2011-10-26 22:00:00,129.18257
2011-10-26 23:00:00,129.18257
2011-10-27 00:00:00,112.28638
2011-10-27 01:00:00,112.28638
2011-10-27 02:00:00,132.28198
2011-10-27 03:00:00,132.28197
2011-10-27 04:00:00,159.29918
2011-10-27 05:00:00,146.6733
2011-10-27 06:00:00,186.01321
2011-10-27 07:00:00,122.45025
2011-10-27 08:00:00,151.12088
2011-10-27 09:00:00,162.30882
2011-10-27 10:00:00,156.7856
2011-10-27 11:00:00,150.40663
2011-10-27 12:00:00,150.40663
2011-10-27 13:00:00,142.49971
2011-10-27 14:00:00,161.47836
2011-10-27 15:00:00,158.36644
2011-10-27 16:00:00,233.28804
2011-10-27 17:00:00,218.12671
2011-10-27 18:00:00,221.24904
2011-10-27 19:00:00,210.07889
2011-10-27 20:00:00,209.04634
2011-10-27 21:00:00,214.54619
2011-10-27 22:00:00,179.5144
2011-10-27 23:00:00,175.72098
2011-10-28 00:00:00,145.1968
2011-10-28 01:00:00,138.72322
2011-10-28 02:00:00,141.87141
2011-10-28 03:00:00,126.50828
2011-10-28 04:00:00,137.7598
2011-10-28 05:00:00,150.983
2011-10-28 06:00:00,128.31876
2011-10-28 07:00:00,128.31876
2011-10-28 08:00:00,148.713
2011-10-28 09:00:00,174.98001
2011-10-28 10:00:00,187.40541
2011-10-28 11:00:00,241.53339
2011-10-28 12:00:00,325.30832
2011-10-28 13:00:00,302.46014
2011-10-28 14:00:00,272.0159
2011-10-28 15:00:00,265.9371
2011-10-28 16:00:00,280.0416
2011-10-28 17:00:00,265.54822
2011-10-28 18:00:00,246.91333
2011-10-28 19:00:00,265.54822
2011-10-28 20:00:00,184.90564
2011-10-28 21:00:00,138.31712
2011-10-28 22:00:00,121.62688
2011-10-28 23:00:00,111.31548
2011-10-29 00:00:00,83.82404
2011-10-29 01:00:00,87.38386
2011-10-29 02:00:00,87.38386
2011-10-29 03:00:00,102.84714
2011-10-29 04:00:00,102.84714
2011-10-29 05:00:00,74.56649
2011-10-29 06:00:00,80.53043
2011-10-29 07:00:00,80.53043
2011-10-29 08:00:00,86.90531
2011-10-29 09:00:00,86.90531
2011-10-29 10:00:00,73.65098
2011-10-29 11:00:00,75.85437
2011-10-29 12:00:00,81.41895
2011-10-29 13:00:00,83.391975
2011-10-29 14:00:00,78.81674
2011-10-29 15:00:00,68.59644
2011-10-29 16:00:00,66.43427
2011-10-29 17:00:00,66.43427
2011-10-29 18:00:00,66.43427
2011-10-29 19:00:00,74.36948
2011-10-29 20:00:00,74.36948
2011-10-29 21:00:00,74.36948
2011-10-29 22:00:00,69.47191
2011-10-29 23:00:00,71.991714
2011-10-30 00:00:00,69.47191
2011-10-30 01:00:00,69.29664
2011-10-30 02:00:00,69.78272
2011-10-30 03:00:00,87.99762
2011-10-30 04:00:00,76.13646
2011-10-30 05:00:00,83.06179
2011-10-30 06:00:00,82.24408
2011-10-30 07:00:00,85.10254
2011-10-30 08:00:00,92.152214
2011-10-30 09:00:00,117.60097
2011-10-30 10:00:00,144.16693
2011-10-30 11:00:00,204.58601
2011-10-30 12:00:00,251.91063
2011-10-30 13:00:00,299.57712
2011-10-30 14:00:00,345.0024
2011-10-30 15:00:00,364.47687
2011-10-30 16:00:00,374.62186
2011-10-30 17:00:00,350.14276
2011-10-30 18:00:00,290.11295
2011-10-30 19:00:00,346.00552
2011-10-30 20:00:00,179.0125
2011-10-30 21:00:00,131.1553
2011-10-30 22:00:00,92.943825
2011-10-30 23:00:00,84.80612
2011-10-31 00:00:00,95.6717
2011-10-31 01:00:00,96.3465
2011-10-31 02:00:00,93.69736
2011-10-31 03:00:00,90.070335
2011-10-31 04:00:00,93.69736
2011-10-31 05:00:00,90.83357
2011-10-31 06:00:00,93.69736
2011-10-31 07:00:00,93.19705
2011-10-31 08:00:00,102.58005
2011-10-31 09:00:00,116.22991
2011-10-31 10:00:00,223.39131
2011-10-31 11:00:00,274.83755
2011-10-31 12:00:00,304.68152
2011-10-31 13:00:00,321.7201
2011-10-31 14:00:00,308.59952
2011-10-31 15:00:00,302.44034
2011-10-31 16:00:00,266.25986
2011-10-31 17:00:00,260.41006
2011-10-31 18:00:00,179.43024
2011-10-31 19:00:00,179.43024
2011-10-31 20:00:00,179.43024
2011-10-31 21:00:00,129.95251
2011-10-31 22:00:00,129.95251
2011-10-31 23:00:00,129.95251
2011-11-20 00:00:00,151.29437
2011-11-20 01:00:00,184.59207
2011-11-20 02:00:00,183.74866
2011-11-20 03:00:00,174.62265
2011-11-20 04:00:00,155.7197
2011-11-20 05:00:00,178.97871
2011-11-20 06:00:00,178.83167
2011-11-20 07:00:00,167.57912
2011-11-20 08:00:00,162.96397
2011-11-20 09:00:00,142.96976
2011-11-20 10:00:00,164.0129
2011-11-20 11:00:00,237.16656
2011-11-20 12:00:00,240.70886
2011-11-20 13:00:00,289.1179
2011-11-20 14:00:00,244.49376
2011-11-20 15:00:00,228.09358
2011-11-20 16:00:00,248.74817
2011-11-20 17:00:00,259.8747
2011-11-20 18:00:00,263.46985
2011-11-20 19:00:00,184.72452
2011-11-20 20:00:00,214.57979
2011-11-20 21:00:00,152.25775
2011-11-20 22:00:00,119.90607
2011-11-20 23:00:00,119.90607
2011-11-21 00:00:00,119.29005
2011-11-21 01:00:00,134.54965
2011-11-21 02:00:00,126.26663
2011-11-21 03:00:00,123.71864
2011-11-21 04:00:00,123.71864
2011-11-21 05:00:00,116.448784
2011-11-21 06:00:00,114.923065
2011-11-21 07:00:00,127.25025
2011-11-21 08:00:00,119.29005
2011-11-21 09:00:00,125.48824
2011-11-21 10:00:00,161.47836
2011-11-21 11:00:00,158.36644
2011-11-21 12:00:00,183.20749
2011-11-21 13:00:00,183.20749
2011-11-21 14:00:00,159.35956
2011-11-21 15:00:00,131.8558
2011-11-21 16:00:00,131.8558
2011-11-21 17:00:00,130.8202
2011-11-21 18:00:00,134.90572
2011-11-21 19:00:00,123.94267
2011-11-21 20:00:00,132.78659
2011-11-21 21:00:00,130.03548
2011-11-21 22:00:00,127.88832
2011-11-21 23:00:00,130.03548
2011-11-22 00:00:00,118.655235
2011-11-22 01:00:00,121.631035
2011-11-22 02:00:00,116.112595
2011-11-22 03:00:00,116.112595
2011-11-22 04:00:00,119.86182
2011-11-22 05:00:00,119.86182
2011-11-22 06:00:00,113.63581
2011-11-22 07:00:00,120.7604
2011-11-22 08:00:00,120.7604
2011-11-22 09:00:00,119.924835
2011-11-22 10:00:00,119.924835
2011-11-22 11:00:00,121.631035
2011-11-22 12:00:00,118.94025
2011-11-22 13:00:00,121.25932
2011-11-22 14:00:00,121.25932
2011-11-22 15:00:00,127.67955
2011-11-22 16:00:00,127.67955
2011-11-22 17:00:00,123.60405
2011-11-22 18:00:00,122.69317
2011-11-22 19:00:00,129.42552
2011-11-22 20:00:00,127.250084
2011-11-22 21:00:00,128.22215
2011-11-22 22:00:00,136.86298
2011-11-22 23:00:00,138.48828
2011-11-23 00:00:00,138.48828
2011-11-23 01:00:00,142.65485
2011-11-23 02:00:00,157.40842
2011-11-23 03:00:00,157.40843
2011-11-23 04:00:00,179.45631
2011-11-23 05:00:00,130.11188
2011-11-23 06:00:00,116.448784
2011-11-23 07:00:00,120.31528
2011-11-23 08:00:00,125.48824
2011-11-23 09:00:00,140.27702
2011-11-23 10:00:00,140.27702
2011-11-23 11:00:00,214.37242
2011-11-23 12:00:00,259.6414
2011-11-23 13:00:00,242.43451
2011-11-23 14:00:00,234.3212
2011-11-23 15:00:00,233.92122
2011-11-23 16:00:00,207.86691
2011-11-23 17:00:00,179.5793
2011-11-23 18:00:00,220.09091
2011-11-23 19:00:00,206.86632
2011-11-23 20:00:00,180.12921
2011-11-23 21:00:00,196.13535
2011-11-23 22:00:00,179.1064
2011-11-23 23:00:00,169.07692
2011-11-24 00:00:00,145.18715
2011-11-24 01:00:00,162.99693
2011-11-24 02:00:00,128.38182
2011-11-24 03:00:00,97.88886
2011-11-24 04:00:00,131.59204
2011-11-24 05:00:00,130.13457
2011-11-24 06:00:00,131.59204
2011-11-24 07:00:00,80.62349
2011-11-24 08:00:00,109.5636
2011-11-24 09:00:00,152.59883
2011-11-24 10:00:00,186.35379
2011-11-24 11:00:00,304.71332
2011-11-24 12:00:00,378.20123
2011-11-24 13:00:00,407.1936
2011-11-24 14:00:00,421.51846
2011-11-24 15:00:00,428.71555
2011-11-24 16:00:00,407.15726
2011-11-24 17:00:00,392.4427
2011-11-24 18:00:00,262.09848
2011-11-24 19:00:00,229.09341
2011-11-24 20:00:00,99.67859
2011-11-24 21:00:00,108.6284
2011-11-24 22:00:00,108.6284
2011-11-24 23:00:00,93.53018
2011-11-25 00:00:00,115.13957
2011-11-25 01:00:00,117.915436
2011-11-25 02:00:00,97.3141
2011-11-25 03:00:00,99.70057
2011-11-25 04:00:00,104.86343
2011-11-25 05:00:00,104.76688
2011-11-25 06:00:00,94.67014
2011-11-25 07:00:00,96.3465
2011-11-25 08:00:00,95.91936
2011-11-25 09:00:00,112.23708
2011-11-25 10:00:00,132.57442
2011-11-25 11:00:00,181.08435
2011-11-25 12:00:00,283.54965
2011-11-25 13:00:00,331.7894
2011-11-25 14:00:00,366.47543
2011-11-25 15:00:00,373.58588
2011-11-25 16:00:00,349.39032
2011-11-25 17:00:00,350.64832
2011-11-25 18:00:00,308.25308
2011-11-25 19:00:00,174.67624
2011-11-25 20:00:00,222.25461
2011-11-25 21:00:00,143.76886
2011-11-25 22:00:00,123.210625
2011-11-25 23:00:00,110.917984
2011-11-26 00:00:00,96.651146
2011-11-26 01:00:00,93.25395
2011-11-26 02:00:00,88.09914
2011-11-26 03:00:00,89.94433
2011-11-26 04:00:00,89.94433
2011-11-26 05:00:00,91.99874
2011-11-26 06:00:00,97.39745
2011-11-26 07:00:00,77.40873
2011-11-26 08:00:00,93.25395
2011-11-26 09:00:00,95.91769
2011-11-26 10:00:00,95.30118
2011-11-26 11:00:00,179.88243
2011-11-26 12:00:00,246.42303
2011-11-26 13:00:00,311.19424
2011-11-26 14:00:00,330.43298
2011-11-26 15:00:00,367.9481
2011-11-26 16:00:00,328.2373
2011-11-26 17:00:00,328.2373
2011-11-26 18:00:00,216.14172
2011-11-26 19:00:00,154.21323
2011-11-26 20:00:00,226.49132
2011-11-26 21:00:00,108.311
2011-11-26 22:00:00,131.88881
2011-11-26 23:00:00,95.30118
2011-11-27 00:00:00,95.30118
2011-11-27 01:00:00,95.30118
2011-11-27 02:00:00,93.499466
2011-11-27 03:00:00,91.88626
2011-11-27 04:00:00,89.31836
2011-11-27 05:00:00,94.908264
2011-11-27 06:00:00,105.12537
2011-11-27 07:00:00,105.931015
2011-11-27 08:00:00,122.451866
2011-11-27 09:00:00,167.98485
2011-11-27 10:00:00,167.98485
2011-11-27 11:00:00,231.78732
2011-11-27 12:00:00,295.85623
2011-11-27 13:00:00,267.23984
2011-11-27 14:00:00,426.39175
2011-11-27 15:00:00,444.80338
2011-11-27 16:00:00,332.45126
2011-11-27 17:00:00,293.63083
2011-11-27 18:00:00,222.93706
2011-11-27 19:00:00,199.00432
2011-11-27 20:00:00,232.95999
2011-11-27 21:00:00,197.53731
2011-11-27 22:00:00,171.36562
2011-11-27 23:00:00,171.36562
2011-11-28 00:00:00,172.63496
2011-11-28 01:00:00,174.73503
2011-11-28 03:00:00,132.174
2011-11-28 04:00:00,120.9242
2011-11-28 05:00:00,108.97315
2011-11-28 06:00:00,118.280304
2011-11-28 07:00:00,110.33737
2011-11-28 08:00:00,115.89113
2011-11-28 09:00:00,136.5998
2011-11-28 10:00:00,176.59154
2011-11-28 11:00:00,233.76074
2011-11-28 12:00:00,265.8535
2011-11-28 13:00:00,296.0083
2011-11-28 14:00:00,299.61627
2011-11-28 15:00:00,286.97296
2011-11-28 16:00:00,286.79086
2011-11-28 17:00:00,308.0572
2011-11-28 18:00:00,272.45486
2011-11-28 19:00:00,217.67322
2011-11-28 20:00:00,230.35748
2011-11-28 21:00:00,211.55135
2011-11-28 22:00:00,158.36644
2011-11-28 23:00:00,160.1774
2011-11-29 00:00:00,137.81952
2011-11-29 01:00:00,133.44154
2011-11-29 02:00:00,139.9112
2011-11-29 03:00:00,139.9112
2011-11-29 04:00:00,185.41074
2011-11-29 05:00:00,156.13289
2011-11-29 06:00:00,174.82027
2011-11-29 07:00:00,186.12204
2011-11-29 08:00:00,200.0418
2011-11-29 09:00:00,229.48846
2011-11-29 10:00:00,229.48846
2011-11-29 11:00:00,165.91402
2011-11-29 12:00:00,168.66927
2011-11-29 13:00:00,167.45535
2011-11-29 14:00:00,123.94266
2011-11-29 15:00:00,141.2406
2011-11-29 16:00:00,132.78659
2011-11-29 17:00:00,135.06622
2011-11-29 18:00:00,146.55945
2011-11-29 19:00:00,149.38054
2011-11-29 20:00:00,125.98366
2011-11-29 21:00:00,125.98366
2011-11-29 22:00:00,137.25111
2011-11-29 23:00:00,143.48763
2011-11-30 00:00:00,183.37746
2011-11-30 01:00:00,151.63123
2011-11-30 02:00:00,122.57018
2011-11-30 03:00:00,122.57018
2011-11-30 04:00:00,109.70866
2011-11-30 05:00:00,99.78726
2011-11-30 06:00:00,92.727005
2011-11-30 07:00:00,94.67014
2011-11-30 08:00:00,99.78726
2011-11-30 09:00:00,116.420006
2011-11-30 10:00:00,142.67969
2011-11-30 11:00:00,226.41553
2011-11-30 12:00:00,219.1977
2011-11-30 13:00:00,267.60284
2011-11-30 14:00:00,267.60284
2011-11-30 15:00:00,233.29175
2011-11-30 16:00:00,241.03851
2011-11-30 17:00:00,211.68689
2011-11-30 18:00:00,208.84102
2011-11-30 19:00:00,178.6085
2011-11-30 20:00:00,178.6085
2011-11-30 21:00:00,186.96414
2011-11-30 22:00:00,163.63417
2011-11-30 23:00:00,170.0905
2011-12-20 00:00:00,207.82693
2011-12-20 01:00:00,221.63686
2011-12-20 02:00:00,202.91418
2011-12-20 03:00:00,202.91418
2011-12-20 04:00:00,253.31195
2011-12-20 05:00:00,227.72943
2011-12-20 06:00:00,227.72946
2011-12-20 07:00:00,204.86864
2011-12-20 08:00:00,276.52792
2011-12-20 09:00:00,187.64952
2011-12-20 10:00:00,259.39026
2011-12-20 11:00:00,230.64896
2011-12-20 12:00:00,287.85147
2011-12-20 13:00:00,287.85147
2011-12-20 14:00:00,263.29193
2011-12-20 15:00:00,265.3866
2011-12-20 16:00:00,238.94229
2011-12-20 17:00:00,212.50937
2011-12-20 18:00:00,180.6903
2011-12-20 19:00:00,169.07124
2011-12-20 20:00:00,163.12874
2011-12-20 21:00:00,157.10799
2011-12-20 22:00:00,187.64952
2011-12-20 23:00:00,211.06136
2011-12-21 00:00:00,83.624214
2011-12-21 01:00:00,89.50778
2011-12-21 02:00:00,84.6232
2011-12-21 03:00:00,84.6232
2011-12-21 04:00:00,84.6232
2011-12-21 05:00:00,88.7088
2011-12-21 06:00:00,83.4923
2011-12-21 07:00:00,82.55551
2011-12-21 08:00:00,88.64047
2011-12-21 09:00:00,88.36214
2011-12-21 10:00:00,121.335045
2011-12-21 11:00:00,121.335045
2011-12-21 12:00:00,107.56545
2011-12-21 13:00:00,92.25096
2011-12-21 14:00:00,109.82619
2011-12-21 15:00:00,111.97587
2011-12-21 16:00:00,87.832726
2011-12-21 17:00:00,87.832726
2011-12-21 18:00:00,86.972084
2011-12-21 19:00:00,105.53266
2011-12-21 20:00:00,108.03155
2011-12-21 21:00:00,107.44443
2011-12-21 22:00:00,105.40896
2011-12-21 23:00:00,101.73221
2011-12-22 00:00:00,98.4663
2011-12-22 01:00:00,86.16266
2011-12-22 02:00:00,91.61821
2011-12-22 03:00:00,104.45974
2011-12-22 04:00:00,85.475555
2011-12-22 05:00:00,78.879074
2011-12-22 06:00:00,76.81044
2011-12-22 07:00:00,74.10821
2011-12-22 08:00:00,83.4923
2011-12-22 09:00:00,87.17192
2011-12-22 10:00:00,90.146385
2011-12-22 11:00:00,89.35061
2011-12-22 12:00:00,113.31712
2011-12-22 13:00:00,93.2298
2011-12-22 14:00:00,93.2298
2011-12-22 15:00:00,102.03564
2011-12-22 16:00:00,93.2298
2011-12-22 17:00:00,109.19475
2011-12-22 18:00:00,98.55064
2011-12-22 19:00:00,91.89011
2011-12-22 20:00:00,95.51558
2011-12-22 21:00:00,95.51558
2011-12-22 22:00:00,83.04715
2011-12-22 23:00:00,93.07584
2011-12-23 00:00:00,90.488106
2011-12-23 01:00:00,90.488106
2011-12-23 02:00:00,86.78133
2011-12-23 03:00:00,86.78133
2011-12-23 04:00:00,80.86423
2011-12-23 05:00:00,74.51573
2011-12-23 06:00:00,88.121025
2011-12-23 07:00:00,87.23858
2011-12-23 08:00:00,97.45813
2011-12-23 09:00:00,113.750046
2011-12-23 10:00:00,129.89597
2011-12-23 11:00:00,147.744
2011-12-23 12:00:00,162.24515
2011-12-23 13:00:00,165.08267
2011-12-23 14:00:00,152.0743
2011-12-23 15:00:00,138.79407
2011-12-23 16:00:00,139.77959
2011-12-23 17:00:00,114.17601
2011-12-23 18:00:00,121.50413
2011-12-23 19:00:00,104.52256
2011-12-23 20:00:00,96.431114
2011-12-23 21:00:00,86.71186
2011-12-23 22:00:00,82.09844
2011-12-23 23:00:00,82.052895
2011-12-24 00:00:00,64.28741
2011-12-24 01:00:00,71.69433
2011-12-24 02:00:00,69.26635
2011-12-24 03:00:00,67.60082
2011-12-24 04:00:00,67.10162
2011-12-24 05:00:00,67.10162
2011-12-24 06:00:00,57.315224
2011-12-24 07:00:00,65.981995
2011-12-24 08:00:00,53.31423
2011-12-24 09:00:00,124.85719
2011-12-24 10:00:00,133.29607
2011-12-24 11:00:00,138.82938
2011-12-24 12:00:00,139.87698
2011-12-24 13:00:00,139.03073
2011-12-24 14:00:00,139.03073
2011-12-24 15:00:00,124.31423
2011-12-24 16:00:00,113.31307
2011-12-24 17:00:00,78.58422
2011-12-24 18:00:00,86.54497
2011-12-24 19:00:00,69.1272
2011-12-24 20:00:00,61.232536
2011-12-24 21:00:00,59.571762
2011-12-24 22:00:00,61.06497
2011-12-24 23:00:00,55.90205
2011-12-25 00:00:00,50.835636
2011-12-25 01:00:00,45.480938
2011-12-25 02:00:00,48.50341
2011-12-25 03:00:00,54.742805
2011-12-25 05:00:00,44.68279
2011-12-25 06:00:00,44.68279
2011-12-25 07:00:00,46.280388
2011-12-25 08:00:00,41.45641
2011-12-25 09:00:00,45.756172
2011-12-25 10:00:00,44.05841
2011-12-25 11:00:00,59.067932
2011-12-25 12:00:00,53.98379
2011-12-25 13:00:00,62.77184
2011-12-25 14:00:00,78.77934
2011-12-25 15:00:00,75.93326
2011-12-25 16:00:00,75.126236
2011-12-25 17:00:00,70.77842
2011-12-25 18:00:00,62.650593
2011-12-25 19:00:00,73.63559
2011-12-25 20:00:00,74.16353
2011-12-25 21:00:00,68.1579
2011-12-25 22:00:00,59.331367
2011-12-25 23:00:00,54.863346
2011-12-26 00:00:00,38.789738
2011-12-26 01:00:00,60.72536
2011-12-26 02:00:00,105.35902
2011-12-26 04:00:00,114.75326
2011-12-26 05:00:00,133.7133
2011-12-26 06:00:00,111.03523
2011-12-26 07:00:00,99.24888
2011-12-26 08:00:00,93.51299
2011-12-26 09:00:00,114.75326
2011-12-26 10:00:00,139.74338
2011-12-26 11:00:00,136.7944
2011-12-26 12:00:00,143.86755
2011-12-26 13:00:00,159.47577
2011-12-26 14:00:00,161.03271
2011-12-26 15:00:00,160.01414
2011-12-26 16:00:00,131.35599
2011-12-26 17:00:00,105.35902
2011-12-26 18:00:00,73.17725
2011-12-26 19:00:00,58.438786
2011-12-26 20:00:00,63.92487
2011-12-26 21:00:00,55.087048
2011-12-26 22:00:00,55.087048
2011-12-26 23:00:00,47.441032
2011-12-27 00:00:00,67.597305
2011-12-27 01:00:00,69.82192
2011-12-27 02:00:00,69.82192
2011-12-27 03:00:00,82.83849
2011-12-27 04:00:00,78.82402
2011-12-27 05:00:00,81.190834
2011-12-27 06:00:00,85.78622
2011-12-27 07:00:00,82.55524
2011-12-27 08:00:00,79.97474
2011-12-27 09:00:00,88.48373
2011-12-27 10:00:00,84.16821
2011-12-27 11:00:00,88.48373
2011-12-27 12:00:00,80.00804
2011-12-27 13:00:00,72.881
2011-12-27 14:00:00,104.524765
2011-12-27 15:00:00,104.524765
2011-12-27 16:00:00,99.40131
2011-12-27 17:00:00,92.46866
2011-12-27 18:00:00,85.18722
2011-12-27 19:00:00,74.157005
2011-12-27 20:00:00,72.06665
2011-12-27 21:00:00,74.00562
2011-12-27 22:00:00,74.00562
2011-12-27 23:00:00,67.39817
2011-12-28 00:00:00,71.36642
2011-12-28 01:00:00,76.455124
2011-12-28 02:00:00,89.18158
2011-12-28 03:00:00,89.18158
2011-12-28 05:00:00,104.41425
2011-12-28 06:00:00,94.60295
2011-12-28 07:00:00,94.60295
2011-12-28 08:00:00,104.41425
2011-12-28 09:00:00,103.00154
2011-12-28 10:00:00,96.35054
2011-12-28 11:00:00,140.5513
2011-12-28 12:00:00,145.40036
2011-12-28 13:00:00,151.06906
2011-12-28 14:00:00,141.38698
2011-12-28 15:00:00,148.41112
2011-12-28 16:00:00,141.08261
2011-12-28 17:00:00,119.92262
2011-12-28 18:00:00,117.22717
2011-12-28 19:00:00,101.209526
2011-12-28 20:00:00,97.35299
2011-12-28 21:00:00,78.35448
2011-12-28 22:00:00,79.36941
2011-12-28 23:00:00,88.04234
2011-12-29 00:00:00,80.65027
2011-12-29 01:00:00,79.19028
2011-12-29 02:00:00,69.326355
2011-12-29 03:00:00,64.36687
2011-12-29 04:00:00,65.76305
2011-12-29 05:00:00,67.63589
2011-12-29 06:00:00,68.652725
2011-12-29 07:00:00,61.83555
2011-12-29 08:00:00,73.402306
2011-12-29 09:00:00,62.737015
2011-12-29 10:00:00,64.981995
2011-12-29 11:00:00,74.163635
2011-12-29 12:00:00,79.10225
2011-12-29 13:00:00,85.117546
2011-12-29 14:00:00,88.464966
2011-12-29 15:00:00,91.43213
2011-12-29 16:00:00,91.36324
2011-12-29 17:00:00,81.022415
2011-12-29 18:00:00,83.651405
2011-12-29 19:00:00,82.14136
2011-12-29 20:00:00,74.1481
2011-12-29 21:00:00,79.03998
2011-12-29 22:00:00,75.014244
2011-12-29 23:00:00,78.47849
2011-12-30 00:00:00,72.5697
2011-12-30 01:00:00,73.60962
2011-12-30 02:00:00,67.195114
2011-12-30 03:00:00,67.195114
2011-12-30 04:00:00,67.50931
2011-12-30 05:00:00,65.24876
2011-12-30 06:00:00,67.50931
2011-12-30 07:00:00,65.69263
2011-12-30 08:00:00,68.82291
2011-12-30 09:00:00,71.068954
2011-12-30 10:00:00,80.812836
2011-12-30 11:00:00,82.09844
2011-12-30 12:00:00,88.55055
2011-12-30 13:00:00,105.625984
2011-12-30 14:00:00,133.24777
2011-12-30 15:00:00,114.590256
2011-12-30 16:00:00,151.58409
2011-12-30 17:00:00,116.98939
2011-12-30 18:00:00,88.121216
2011-12-30 19:00:00,129.01314
2011-12-30 20:00:00,86.92808
2011-12-30 21:00:00,89.50778
2011-12-30 22:00:00,83.411156
2011-12-30 23:00:00,92.33077
2011-12-31 00:00:00,107.94882
2011-12-31 01:00:00,107.601944
2011-12-31 02:00:00,107.601944
2011-12-31 03:00:00,107.601944
2011-12-31 04:00:00,80.89081
2011-12-31 05:00:00,67.0001
2011-12-31 06:00:00,79.21104
2011-12-31 07:00:00,81.48216
2011-12-31 08:00:00,59.110817
2011-12-31 09:00:00,68.04809
2011-12-31 10:00:00,76.405975
2011-12-31 11:00:00,83.7509
2011-12-31 12:00:00,256.2677
2011-12-31 13:00:00,223.42831
2011-12-31 14:00:00,168.95631
2011-12-31 15:00:00,195.22325
2011-12-31 16:00:00,168.82039
2011-12-31 17:00:00,123.98998
2011-12-31 18:00:00,103.421265
2011-12-31 19:00:00,129.27621
2011-12-31 20:00:00,129.27621
2011-12-31 21:00:00,102.34909
2011-12-31 22:00:00,81.61031
2011-12-31 23:00:00,68.00763
2012-01-20 00:00:00,94.31448
2012-01-20 01:00:00,85.08251
2012-01-20 02:00:00,85.08251
2012-01-20 03:00:00,75.10918
2012-01-20 04:00:00,68.19516
2012-01-20 05:00:00,68.19516
2012-01-20 06:00:00,71.23069
2012-01-20 07:00:00,58.947086
2012-01-20 08:00:00,63.45789
2012-01-20 09:00:00,96.697426
2012-01-20 10:00:00,91.22388
2012-01-20 11:00:00,104.156784
2012-01-20 12:00:00,100.82582
2012-01-20 13:00:00,114.33892
2012-01-20 14:00:00,106.64729
2012-01-20 15:00:00,101.84509
2012-01-20 16:00:00,91.44416
2012-01-20 17:00:00,132.04283
2012-01-20 18:00:00,110.72853
2012-01-20 19:00:00,96.141914
2012-01-20 20:00:00,110.72853
2012-01-20 21:00:00,99.366425
2012-01-20 22:00:00,92.19139
2012-01-20 23:00:00,50.55681
2012-01-21 00:00:00,34.988407
2012-01-21 01:00:00,29.62777
2012-01-21 02:00:00,51.96477
2012-01-21 03:00:00,41.649456
2012-01-21 04:00:00,43.708984
2012-01-21 05:00:00,41.125652
2012-01-21 06:00:00,35.80667
2012-01-21 07:00:00,35.80667
2012-01-21 08:00:00,29.152824
2012-01-21 09:00:00,29.152824
2012-01-21 10:00:00,28.759523
2012-01-21 11:00:00,43.594646
2012-01-21 12:00:00,41.030434
2012-01-21 13:00:00,37.267525
2012-01-21 14:00:00,38.4086
2012-01-21 15:00:00,38.408592
2012-01-21 16:00:00,35.485012
2012-01-21 17:00:00,36.6303
2012-01-21 18:00:00,39.46864
2012-01-21 19:00:00,32.16626
2012-01-21 20:00:00,32.869106
2012-01-21 21:00:00,33.66679
2012-01-21 22:00:00,34.568386
2012-01-21 23:00:00,30.736044
2012-01-22 00:00:00,29.075779
2012-01-22 01:00:00,34.568386
2012-01-22 02:00:00,34.570232
2012-01-22 03:00:00,36.20528
2012-01-22 04:00:00,28.963017
2012-01-22 05:00:00,32.25641
2012-01-22 06:00:00,32.326412
2012-01-22 07:00:00,32.326412
2012-01-22 08:00:00,32.326412
2012-01-22 09:00:00,32.326412
2012-01-22 10:00:00,30.570368
2012-01-22 11:00:00,30.565023
2012-01-22 12:00:00,31.31845
2012-01-22 13:00:00,38.99653
2012-01-22 14:00:00,35.297802
2012-01-22 15:00:00,32.326458
2012-01-22 16:00:00,32.326458
2012-01-22 17:00:00,40.593163
2012-01-22 18:00:00,41.125652
2012-01-22 19:00:00,41.125652
2012-01-22 20:00:00,35.44009
2012-01-22 21:00:00,41.125652
2012-01-22 22:00:00,41.90247
2012-01-22 23:00:00,40.211147
2012-01-23 00:00:00,66.81339
2012-01-23 01:00:00,57.618748
2012-01-23 02:00:00,57.618748
2012-01-23 03:00:00,66.81339
2012-01-23 04:00:00,70.6216
2012-01-23 05:00:00,68.815414
2012-01-23 06:00:00,68.815414
2012-01-23 07:00:00,72.87146
2012-01-23 08:00:00,57.045765
2012-01-23 09:00:00,60.069695
2012-01-23 10:00:00,67.33278
2012-01-23 11:00:00,59.124165
2012-01-23 12:00:00,69.20208
2012-01-23 13:00:00,65.121185
2012-01-23 14:00:00,54.291645
2012-01-23 15:00:00,51.572643
2012-01-23 16:00:00,59.067875
2012-01-23 17:00:00,62.473053
2012-01-23 18:00:00,60.741177
2012-01-23 19:00:00,61.477768
2012-01-23 20:00:00,61.251537
2012-01-23 21:00:00,53.388866
2012-01-23 22:00:00,53.388866
2012-01-23 23:00:00,56.950085
2012-01-24 00:00:00,59.404125
2012-01-24 01:00:00,64.633804
2012-01-24 02:00:00,65.387146
2012-01-24 03:00:00,73.61748
2012-01-24 04:00:00,70.204315
2012-01-24 05:00:00,70.204315
2012-01-24 06:00:00,68.76773
2012-01-24 07:00:00,73.61746
2012-01-24 08:00:00,73.61746
2012-01-24 09:00:00,77.22238
2012-01-24 10:00:00,72.06665
2012-01-24 11:00:00,74.57759
2012-01-24 12:00:00,74.157005
2012-01-24 13:00:00,74.157005
2012-01-24 14:00:00,80.00499
2012-01-24 15:00:00,97.56229
2012-01-24 16:00:00,91.243065
2012-01-24 17:00:00,87.4227
2012-01-24 18:00:00,87.57963
2012-01-24 19:00:00,116.645584
2012-01-24 20:00:00,75.38823
2012-01-24 21:00:00,78.14813
2012-01-24 22:00:00,74.81146
2012-01-24 23:00:00,75.38823
2012-01-25 00:00:00,68.433014
2012-01-25 01:00:00,74.31497
2012-01-25 02:00:00,70.60665
2012-01-25 03:00:00,64.298874
2012-01-25 04:00:00,67.45983
2012-01-25 05:00:00,67.45983
2012-01-25 06:00:00,59.965176
2012-01-25 07:00:00,58.880596
2012-01-25 08:00:00,62.300797
2012-01-25 09:00:00,62.300797
2012-01-25 10:00:00,68.20758
2012-01-25 11:00:00,85.78622
2012-01-25 12:00:00,94.56206
2012-01-25 13:00:00,104.40931
2012-01-25 14:00:00,91.9275
2012-01-25 15:00:00,94.98834
2012-01-25 16:00:00,100.514984
2012-01-25 17:00:00,106.691055
2012-01-25 18:00:00,82.052895
2012-01-25 19:00:00,92.70079
2012-01-25 20:00:00,86.86602
2012-01-25 21:00:00,74.79718
2012-01-25 22:00:00,77.51745
2012-01-25 23:00:00,80.33795
2012-01-26 00:00:00,73.61183
2012-01-26 01:00:00,78.989525
2012-01-26 02:00:00,69.38816
2012-01-26 03:00:00,76.27325
2012-01-26 04:00:00,72.62807
2012-01-26 05:00:00,78.380974
2012-01-26 06:00:00,77.966156
2012-01-26 07:00:00,74.17979
2012-01-26 08:00:00,74.17979
2012-01-26 09:00:00,79.55442
2012-01-26 10:00:00,73.525894
2012-01-26 11:00:00,73.84069
2012-01-26 12:00:00,79.212875
2012-01-26 13:00:00,85.86799
2012-01-26 14:00:00,93.40422
2012-01-26 15:00:00,95.04954
2012-01-26 16:00:00,91.887726
2012-01-26 17:00:00,88.63097
2012-01-26 18:00:00,88.63097
2012-01-26 19:00:00,91.95328
2012-01-26 20:00:00,91.05602
2012-01-26 21:00:00,91.95328
2012-01-26 22:00:00,84.4173
2012-01-26 23:00:00,86.82382
2012-01-27 00:00:00,92.50022
2012-01-27 01:00:00,88.36214
2012-01-27 02:00:00,86.704735
2012-01-27 03:00:00,87.32426
2012-01-27 04:00:00,79.804436
2012-01-27 05:00:00,89.00333
2012-01-27 06:00:00,83.56972
2012-01-27 07:00:00,83.36252
2012-01-27 08:00:00,109.20827
2012-01-27 09:00:00,109.20827
2012-01-27 10:00:00,98.464905
2012-01-27 11:00:00,97.81309
2012-01-27 12:00:00,102.961914
2012-01-27 13:00:00,181.05328
2012-01-27 14:00:00,198.66074
2012-01-27 15:00:00,175.81259
2012-01-27 16:00:00,183.63673
2012-01-27 17:00:00,179.8035
2012-01-27 18:00:00,167.23187
2012-01-27 19:00:00,136.25252
2012-01-27 20:00:00,119.207695
2012-01-27 21:00:00,133.35165
2012-01-27 22:00:00,129.87239
2012-01-27 23:00:00,126.86176
2012-01-28 00:00:00,88.532104
2012-01-28 01:00:00,75.314575
2012-01-28 02:00:00,61.271477
2012-01-28 03:00:00,59.70026
2012-01-28 04:00:00,56.297768
2012-01-28 05:00:00,48.941902
2012-01-28 06:00:00,57.20877
2012-01-28 07:00:00,54.372635
2012-01-28 08:00:00,44.65678
2012-01-28 09:00:00,53.767265
2012-01-28 10:00:00,51.846992
2012-01-28 11:00:00,68.1579
2012-01-28 12:00:00,72.34137
2012-01-28 13:00:00,85.28406
2012-01-28 14:00:00,149.92502
2012-01-28 15:00:00,156.57452
2012-01-28 16:00:00,173.82463
2012-01-28 17:00:00,177.26282
2012-01-28 18:00:00,185.95908
2012-01-28 19:00:00,190.26166
2012-01-28 20:00:00,197.51628
2012-01-28 21:00:00,187.00934
2012-01-28 22:00:00,161.9926
2012-01-28 23:00:00,164.48433
2012-01-29 00:00:00,137.85834
2012-01-29 01:00:00,153.54599
2012-01-29 02:00:00,149.88933
2012-01-29 03:00:00,138.17438
2012-01-29 04:00:00,108.51587
2012-01-29 05:00:00,51.59791
2012-01-29 06:00:00,64.55405
2012-01-29 07:00:00,69.96834
2012-01-29 08:00:00,58.40725
2012-01-29 09:00:00,54.78845
2012-01-29 10:00:00,89.32525
2012-01-29 11:00:00,149.14763
2012-01-29 12:00:00,184.2405
2012-01-29 13:00:00,184.2405
2012-01-29 14:00:00,183.30545
2012-01-29 15:00:00,214.68903
2012-01-29 16:00:00,190.2894
2012-01-29 17:00:00,190.28941
2012-01-29 18:00:00,193.69289
2012-01-29 19:00:00,167.9788
2012-01-29 20:00:00,116.29843
2012-01-29 21:00:00,139.9526
2012-01-29 22:00:00,168.45229
2012-01-29 23:00:00,140.93088
2012-01-30 00:00:00,146.82979
2012-01-30 01:00:00,82.36357
2012-01-30 02:00:00,96.98749
2012-01-30 03:00:00,79.81001
2012-01-30 04:00:00,67.12418
2012-01-30 05:00:00,67.12418
2012-01-30 06:00:00,88.04234
2012-01-30 07:00:00,91.95236
2012-01-30 08:00:00,74.19455
2012-01-30 09:00:00,74.19455
2012-01-30 10:00:00,98.298164
2012-01-30 11:00:00,87.26475
2012-01-30 12:00:00,124.5143
2012-01-30 13:00:00,146.28642
2012-01-30 14:00:00,186.27974
2012-01-30 15:00:00,191.25052
2012-01-30 16:00:00,197.1669
2012-01-30 17:00:00,218.81023
2012-01-30 18:00:00,201.35973
2012-01-30 19:00:00,98.891045
2012-01-30 20:00:00,121.38034
2012-01-30 21:00:00,113.76795
2012-01-30 22:00:00,97.64372
2012-01-30 23:00:00,73.65967
2012-01-31 00:00:00,92.73042
2012-01-31 01:00:00,120.93775
2012-01-31 02:00:00,116.28241
2012-01-31 03:00:00,110.4057
2012-01-31 04:00:00,98.059
2012-01-31 05:00:00,98.059
2012-01-31 06:00:00,83.61294
2012-01-31 07:00:00,73.65967
2012-01-31 08:00:00,73.440445
2012-01-31 09:00:00,91.466385
2012-01-31 10:00:00,92.34053
2012-01-31 11:00:00,185.62877
2012-01-31 12:00:00,162.30023
2012-01-31 13:00:00,218.92688
2012-01-31 14:00:00,281.96805
2012-01-31 15:00:00,276.93863
2012-01-31 16:00:00,276.93863
2012-01-31 17:00:00,288.76257
2012-01-31 18:00:00,293.52197
2012-01-31 19:00:00,278.1536
2012-01-31 20:00:00,93.2691
2012-01-31 21:00:00,238.92534
2012-01-31 22:00:00,217.6608
2012-01-31 23:00:00,203.25998
2012-02-20 00:00:00,45.70189
2012-02-20 01:00:00,45.70189
2012-02-20 02:00:00,45.70189
2012-02-20 03:00:00,37.972057
2012-02-20 05:00:00,55.534416
2012-02-20 06:00:00,73.57292
2012-02-20 07:00:00,54.455833
2012-02-20 08:00:00,48.949863
2012-02-20 09:00:00,48.949863
2012-02-20 10:00:00,67.973
2012-02-20 11:00:00,84.53356
2012-02-20 12:00:00,84.9946
2012-02-20 13:00:00,111.658936
2012-02-20 14:00:00,135.02357
2012-02-20 15:00:00,149.1437
2012-02-20 16:00:00,209.97012
2012-02-20 17:00:00,234.86542
2012-02-20 18:00:00,149.1437
2012-02-20 19:00:00,149.1437
2012-02-20 20:00:00,157.07634
2012-02-20 21:00:00,106.70448
2012-02-20 22:00:00,76.83171
2012-02-20 23:00:00,96.68545
2012-02-21 00:00:00,72.29588
2012-02-21 01:00:00,72.81269
2012-02-21 02:00:00,71.44285
2012-02-21 04:00:00,69.76846
2012-02-21 05:00:00,67.65462
2012-02-21 06:00:00,66.5045
2012-02-21 07:00:00,69.76846
2012-02-21 08:00:00,62.64191
2012-02-21 09:00:00,60.138218
2012-02-21 10:00:00,61.778534
2012-02-21 11:00:00,67.24302
2012-02-21 12:00:00,103.464806
2012-02-21 13:00:00,133.18639
2012-02-21 14:00:00,114.25366
2012-02-21 15:00:00,133.18639
2012-02-21 16:00:00,147.49426
2012-02-21 17:00:00,175.04681
2012-02-21 18:00:00,175.04681
2012-02-21 19:00:00,133.81459
2012-02-21 20:00:00,108.39377
2012-02-21 21:00:00,88.6069
2012-02-21 22:00:00,83.341156
2012-02-21 23:00:00,81.54729
2012-02-22 00:00:00,81.54729
2012-02-22 01:00:00,80.0629
2012-02-22 02:00:00,90.15864
2012-02-22 03:00:00,81.73423
2012-02-22 04:00:00,81.86283
2012-02-22 05:00:00,79.21783
2012-02-22 06:00:00,76.455124
2012-02-22 07:00:00,77.60793
2012-02-22 08:00:00,75.49215
2012-02-22 09:00:00,78.498314
2012-02-22 10:00:00,79.94433
2012-02-22 11:00:00,88.09792
2012-02-22 12:00:00,120.09151
2012-02-22 13:00:00,145.21954
2012-02-22 14:00:00,155.40312
2012-02-22 15:00:00,268.129
2012-02-22 16:00:00,273.2633
2012-02-22 17:00:00,279.52887
2012-02-22 18:00:00,209.58173
2012-02-22 19:00:00,185.79057
2012-02-22 20:00:00,162.81923
2012-02-22 21:00:00,249.17728
2012-02-22 22:00:00,163.25935
2012-02-22 23:00:00,198.97437
2012-02-23 00:00:00,163.25935
2012-02-23 01:00:00,139.02202
2012-02-23 02:00:00,125.52913
2012-02-23 03:00:00,113.56221
2012-02-23 04:00:00,95.24841
2012-02-23 05:00:00,95.24841
2012-02-23 06:00:00,77.036316
2012-02-23 07:00:00,80.00499
2012-02-23 08:00:00,73.67897
2012-02-23 09:00:00,77.745415
2012-02-23 10:00:00,106.373886
2012-02-23 11:00:00,183.12445
2012-02-23 12:00:00,215.7827
2012-02-23 13:00:00,228.0822
2012-02-23 14:00:00,257.63815
2012-02-23 15:00:00,232.15982
2012-02-23 16:00:00,200.97334
2012-02-23 17:00:00,247.26077
2012-02-23 18:00:00,223.74538
2012-02-23 19:00:00,184.07822
2012-02-23 20:00:00,165.94586
2012-02-23 21:00:00,151.28499
2012-02-23 22:00:00,147.12688
2012-02-23 23:00:00,89.9458
2012-02-24 00:00:00,105.053734
2012-02-24 01:00:00,121.043
2012-02-24 02:00:00,103.42813
2012-02-24 03:00:00,89.95773
2012-02-24 04:00:00,86.51735
2012-02-24 05:00:00,88.90647
2012-02-24 06:00:00,89.23793
2012-02-24 07:00:00,96.19449
2012-02-24 08:00:00,99.030624
2012-02-24 09:00:00,79.58606
2012-02-24 10:00:00,83.2869
2012-02-24 11:00:00,84.604225
2012-02-24 12:00:00,93.50829
2012-02-24 13:00:00,95.04954
2012-02-24 14:00:00,99.702896
2012-02-24 15:00:00,90.488106
2012-02-24 16:00:00,90.488106
2012-02-24 17:00:00,93.52752
2012-02-24 18:00:00,87.07561
2012-02-24 19:00:00,93.475815
2012-02-24 20:00:00,149.9244
2012-02-24 21:00:00,158.45198
2012-02-24 22:00:00,184.87015
2012-02-24 23:00:00,163.85487
2012-02-25 00:00:00,150.31598
2012-02-25 01:00:00,139.46436
2012-02-25 02:00:00,111.01283
2012-02-25 03:00:00,107.75788
2012-02-25 04:00:00,120.83962
2012-02-25 05:00:00,114.53318
2012-02-25 06:00:00,114.53318
2012-02-25 07:00:00,117.40427
2012-02-25 08:00:00,80.29037
2012-02-25 09:00:00,39.704113
2012-02-25 10:00:00,66.520676
2012-02-25 11:00:00,134.76843
2012-02-25 12:00:00,127.350204
2012-02-25 13:00:00,155.80612
2012-02-25 14:00:00,145.26118
2012-02-25 15:00:00,161.64183
2012-02-25 16:00:00,137.3685
2012-02-25 17:00:00,142.67162
2012-02-25 18:00:00,130.82486
2012-02-25 19:00:00,128.11462
2012-02-25 20:00:00,116.41986
2012-02-25 21:00:00,112.487206
2012-02-25 22:00:00,112.716484
2012-02-25 23:00:00,104.79367
2012-02-26 00:00:00,102.30778
2012-02-26 01:00:00,89.552704
2012-02-26 02:00:00,89.552704
2012-02-26 03:00:00,78.03903
2012-02-26 04:00:00,78.03903
2012-02-26 05:00:00,68.285805
2012-02-26 06:00:00,82.0982
2012-02-26 07:00:00,58.158905
2012-02-26 08:00:00,56.417522
2012-02-26 09:00:00,62.794254
2012-02-26 10:00:00,83.521255
2012-02-26 11:00:00,109.02016
2012-02-26 12:00:00,107.15281
2012-02-26 13:00:00,112.062
2012-02-26 14:00:00,159.74078
2012-02-26 15:00:00,178.43118
2012-02-26 16:00:00,177.28934
2012-02-26 17:00:00,182.5022
2012-02-26 18:00:00,147.93506
2012-02-26 19:00:00,163.61948
2012-02-26 20:00:00,108.0898
2012-02-26 21:00:00,84.98053
2012-02-26 22:00:00,106.84735
2012-02-26 23:00:00,59.571762
2012-02-27 00:00:00,75.08984
2012-02-27 01:00:00,70.977875
2012-02-27 02:00:00,66.37007
2012-02-27 03:00:00,61.9537
2012-02-27 04:00:00,58.979305
2012-02-27 05:00:00,58.979305
2012-02-27 06:00:00,62.300797
2012-02-27 07:00:00,69.091995
2012-02-27 08:00:00,65.71199
2012-02-27 09:00:00,73.65967
2012-02-27 10:00:00,119.56671
2012-02-27 11:00:00,134.80103
2012-02-27 12:00:00,185.40556
2012-02-27 13:00:00,161.6034
2012-02-27 14:00:00,224.49469
2012-02-27 15:00:00,274.54407
2012-02-27 16:00:00,276.93863
2012-02-27 17:00:00,263.71707
2012-02-27 18:00:00,285.26468
2012-02-27 19:00:00,278.50586
2012-02-27 20:00:00,250.97054
2012-02-27 21:00:00,224.49469
2012-02-27 22:00:00,177.70506
2012-02-27 23:00:00,137.11098
2012-02-28 00:00:00,116.60619
2012-02-28 01:00:00,101.0672
2012-02-28 02:00:00,101.016014
2012-02-28 03:00:00,206.96887
2012-02-28 04:00:00,133.14505
2012-02-28 05:00:00,133.14505
2012-02-28 06:00:00,118.822334
2012-02-28 07:00:00,110.39273
2012-02-28 08:00:00,96.00461
2012-02-28 09:00:00,116.11433
2012-02-28 10:00:00,120.93777
2012-02-28 11:00:00,145.01704
2012-02-28 12:00:00,159.05142
2012-02-28 13:00:00,164.61798
2012-02-28 14:00:00,193.11725
2012-02-28 15:00:00,192.61018
2012-02-28 16:00:00,190.62372
2012-02-28 17:00:00,192.61018
2012-02-28 18:00:00,222.02084
2012-02-28 19:00:00,173.6449
2012-02-28 20:00:00,199.1412
2012-02-28 21:00:00,106.546486
2012-02-28 22:00:00,106.546486
2012-02-28 23:00:00,98.59631
2012-02-29 00:00:00,86.16069
2012-02-29 01:00:00,93.33562
2012-02-29 02:00:00,88.4243
2012-02-29 03:00:00,74.48445
2012-02-29 05:00:00,70.57261
2012-02-29 06:00:00,76.27325
2012-02-29 07:00:00,67.46056
2012-02-29 08:00:00,73.61183
2012-02-29 09:00:00,73.15452
2012-02-29 10:00:00,73.15452
2012-02-29 11:00:00,66.70515
2012-02-29 12:00:00,65.06992
2012-02-29 13:00:00,72.05015
2012-02-29 14:00:00,72.05015
2012-02-29 15:00:00,94.145035
2012-02-29 16:00:00,92.849464
2012-02-29 17:00:00,89.23793
2012-02-29 18:00:00,93.075836
2012-02-29 19:00:00,89.74689
2012-02-29 20:00:00,94.307274
2012-02-29 21:00:00,94.307274
2012-02-29 22:00:00,88.38006
2012-02-29 23:00:00,88.38006
2012-03-20 00:00:00,101.96186
2012-03-20 01:00:00,89.55379
2012-03-20 02:00:00,93.99093
2012-03-20 03:00:00,95.77678
2012-03-20 04:00:00,101.95321
2012-03-20 05:00:00,94.094406
2012-03-20 06:00:00,102.99365
2012-03-20 07:00:00,106.23978
2012-03-20 08:00:00,99.18966
2012-03-20 09:00:00,107.30129
2012-03-20 10:00:00,106.53528
2012-03-20 11:00:00,102.12686
2012-03-20 12:00:00,145.52087
2012-03-20 13:00:00,125.35533
2012-03-20 14:00:00,136.65614
2012-03-20 15:00:00,134.56621
2012-03-20 16:00:00,178.42514
2012-03-20 17:00:00,139.42644
2012-03-20 18:00:00,170.89807
2012-03-20 19:00:00,108.67934
2012-03-20 20:00:00,103.871086
2012-03-20 21:00:00,92.58952
2012-03-20 22:00:00,90.47762
2012-03-20 23:00:00,88.50578
2012-03-21 00:00:00,97.09619
2012-03-21 01:00:00,101.39226
2012-03-21 02:00:00,103.8071
2012-03-21 03:00:00,115.7055
2012-03-21 04:00:00,109.764404
2012-03-21 05:00:00,109.764404
2012-03-21 06:00:00,109.62907
2012-03-21 07:00:00,111.40914
2012-03-21 08:00:00,109.62006
2012-03-21 09:00:00,113.02548
2012-03-21 10:00:00,118.85046
2012-03-21 11:00:00,118.85046
2012-03-21 12:00:00,107.32152
2012-03-21 13:00:00,105.99366
2012-03-21 14:00:00,108.592
2012-03-21 15:00:00,108.592
2012-03-21 16:00:00,104.88865
2012-03-21 17:00:00,136.36084
2012-03-21 18:00:00,122.80902
2012-03-21 19:00:00,144.4989
2012-03-21 20:00:00,105.67226
2012-03-21 21:00:00,104.51221
2012-03-21 22:00:00,112.90948
2012-03-21 23:00:00,100.0063
2012-03-22 00:00:00,101.39226
2012-03-22 01:00:00,101.39226
2012-03-22 02:00:00,101.39226
2012-03-22 03:00:00,101.39226
2012-03-22 04:00:00,102.03573
2012-03-22 05:00:00,102.03573
2012-03-22 06:00:00,102.03573
2012-03-22 07:00:00,102.03573
2012-03-22 08:00:00,104.40709
2012-03-22 09:00:00,104.40709
2012-03-22 10:00:00,103.62932
2012-03-22 11:00:00,103.312416
2012-03-22 12:00:00,122.391335
2012-03-22 13:00:00,107.49627
2012-03-22 14:00:00,126.67009
2012-03-22 15:00:00,184.943
2012-03-22 16:00:00,207.13475
2012-03-22 17:00:00,204.36832
2012-03-22 18:00:00,204.36832
2012-03-22 19:00:00,169.3758
2012-03-22 20:00:00,193.53905
2012-03-22 21:00:00,124.98535
2012-03-22 22:00:00,124.86782
2012-03-22 23:00:00,104.20424
2012-03-23 00:00:00,100.668015
2012-03-23 01:00:00,98.52237
2012-03-23 02:00:00,102.16467
2012-03-23 03:00:00,102.16219
2012-03-23 04:00:00,105.472374
2012-03-23 05:00:00,101.96125
2012-03-23 06:00:00,102.387436
2012-03-23 07:00:00,107.934525
2012-03-23 08:00:00,107.602196
2012-03-23 09:00:00,106.6264
2012-03-23 10:00:00,111.59851
2012-03-23 11:00:00,140.50642
2012-03-23 12:00:00,248.13733
2012-03-23 13:00:00,264.16104
2012-03-23 14:00:00,292.8068
2012-03-23 15:00:00,305.88132
2012-03-23 16:00:00,320.06146
2012-03-23 17:00:00,320.06146
2012-03-23 18:00:00,298.06693
2012-03-23 19:00:00,280.0921
2012-03-23 20:00:00,267.88046
2012-03-23 21:00:00,227.35117
2012-03-23 22:00:00,224.43604
2012-03-23 23:00:00,196.83157
2012-03-24 00:00:00,101.10695
2012-03-24 01:00:00,98.28215
2012-03-24 02:00:00,95.62253
2012-03-24 03:00:00,95.62253
2012-03-24 04:00:00,89.689186
2012-03-24 05:00:00,105.03353
2012-03-24 06:00:00,105.03353
2012-03-24 07:00:00,96.06153
2012-03-24 08:00:00,95.75751
2012-03-24 09:00:00,101.31574
2012-03-24 10:00:00,104.03836
2012-03-24 11:00:00,95.75751
2012-03-24 12:00:00,103.75168
2012-03-24 13:00:00,104.412254
2012-03-24 14:00:00,118.458435
2012-03-24 15:00:00,111.26502
2012-03-24 16:00:00,102.38052
2012-03-24 17:00:00,105.2392
2012-03-24 18:00:00,92.01909
2012-03-24 19:00:00,92.16632
2012-03-24 20:00:00,84.58763
2012-03-24 21:00:00,84.58763
2012-03-24 22:00:00,83.08705
2012-03-24 23:00:00,86.81326
2012-03-25 00:00:00,86.81326
2012-03-25 01:00:00,78.19228
2012-03-25 02:00:00,79.189865
2012-03-25 03:00:00,84.6927
2012-03-25 04:00:00,84.82495
2012-03-25 05:00:00,74.70137
2012-03-25 06:00:00,74.70137
2012-03-25 07:00:00,80.63001
2012-03-25 08:00:00,80.63001
2012-03-25 09:00:00,78.43786
2012-03-25 10:00:00,88.95632
2012-03-25 11:00:00,78.43786
2012-03-25 12:00:00,78.80409
2012-03-25 13:00:00,85.81725
2012-03-25 14:00:00,88.9818
2012-03-25 15:00:00,90.3909
2012-03-25 16:00:00,85.49689
2012-03-25 17:00:00,92.20098
2012-03-25 18:00:00,92.20098
2012-03-25 19:00:00,127.99684
2012-03-25 20:00:00,109.22877
2012-03-25 21:00:00,99.57994
2012-03-25 22:00:00,88.98327
2012-03-25 23:00:00,91.297516
2012-03-26 00:00:00,114.21737
2012-03-26 01:00:00,121.04636
2012-03-26 02:00:00,108.58325
2012-03-26 03:00:00,110.7334
2012-03-26 04:00:00,104.28534
2012-03-26 05:00:00,107.870056
2012-03-26 06:00:00,104.054306
2012-03-26 07:00:00,119.1794
2012-03-26 08:00:00,148.25017
2012-03-26 09:00:00,210.28403
2012-03-26 10:00:00,257.9133
2012-03-26 11:00:00,246.64633
2012-03-26 12:00:00,266.7802
2012-03-26 13:00:00,214.92554
2012-03-26 14:00:00,279.78766
2012-03-26 15:00:00,234.7558
2012-03-26 16:00:00,203.02184
2012-03-26 17:00:00,266.11224
2012-03-26 18:00:00,266.16516
2012-03-26 19:00:00,281.55618
2012-03-26 20:00:00,214.91582
2012-03-26 21:00:00,212.5434
2012-03-26 22:00:00,232.16498
2012-03-26 23:00:00,175.53075
2012-03-27 00:00:00,169.79878
2012-03-27 01:00:00,169.53503
2012-03-27 02:00:00,158.87352
2012-03-27 03:00:00,157.65779
2012-03-27 04:00:00,145.21391
2012-03-27 05:00:00,126.73922
2012-03-27 06:00:00,128.6615
2012-03-27 07:00:00,128.6615
2012-03-27 08:00:00,128.1306
2012-03-27 09:00:00,129.64554
2012-03-27 10:00:00,149.19148
2012-03-27 11:00:00,198.02434
2012-03-27 12:00:00,206.71083
2012-03-27 13:00:00,205.89983
2012-03-27 14:00:00,252.538
2012-03-27 15:00:00,226.5419
2012-03-27 16:00:00,226.5419
2012-03-27 17:00:00,227.80455
2012-03-27 18:00:00,227.40627
2012-03-27 19:00:00,225.16266
2012-03-27 20:00:00,227.40623
2012-03-27 21:00:00,196.92862
2012-03-27 22:00:00,195.23985
2012-03-27 23:00:00,196.26715
2012-03-28 00:00:00,175.20503
2012-03-28 01:00:00,156.44983
2012-03-28 02:00:00,143.51773
2012-03-28 03:00:00,158.68808
2012-03-28 04:00:00,163.49367
2012-03-28 05:00:00,163.49367
2012-03-28 06:00:00,162.15916
2012-03-28 07:00:00,159.29198
2012-03-28 08:00:00,176.08301
2012-03-28 09:00:00,198.79712
2012-03-28 10:00:00,234.97878
2012-03-28 11:00:00,253.55782
2012-03-28 12:00:00,290.07593
2012-03-28 13:00:00,285.31363
2012-03-28 14:00:00,362.13358
2012-03-28 15:00:00,342.91635
2012-03-28 16:00:00,281.41992
2012-03-28 17:00:00,229.32896
2012-03-28 18:00:00,229.32896
2012-03-28 19:00:00,242.36685
2012-03-28 20:00:00,263.58017
2012-03-28 21:00:00,215.42169
2012-03-28 22:00:00,150.47581
2012-03-28 23:00:00,128.84435
2012-03-29 00:00:00,152.83374
2012-03-29 01:00:00,171.36177
2012-03-29 02:00:00,346.34164
2012-03-29 03:00:00,322.91315
2012-03-29 04:00:00,289.93613
2012-03-29 05:00:00,235.23656
2012-03-29 06:00:00,165.83543
2012-03-29 07:00:00,193.44336
2012-03-29 08:00:00,210.13432
2012-03-29 09:00:00,216.36333
2012-03-29 10:00:00,212.52264
2012-03-29 11:00:00,239.60524
2012-03-29 12:00:00,251.065
2012-03-29 13:00:00,222.67136
2012-03-29 14:00:00,253.96574
2012-03-29 15:00:00,280.64743
2012-03-29 16:00:00,295.71823
2012-03-29 17:00:00,285.21298
2012-03-29 18:00:00,269.32437
2012-03-29 19:00:00,257.6664
2012-03-29 20:00:00,250.49196
2012-03-29 21:00:00,212.18716
2012-03-29 22:00:00,201.04366
2012-03-29 23:00:00,188.04901
2012-03-30 00:00:00,178.50096
2012-03-30 01:00:00,161.21751
2012-03-30 02:00:00,143.52434
2012-03-30 03:00:00,99.53282
2012-03-30 04:00:00,113.17577
2012-03-30 05:00:00,91.703545
2012-03-30 06:00:00,107.71202
2012-03-30 07:00:00,108.889946
2012-03-30 08:00:00,93.63645
2012-03-30 09:00:00,114.379654
2012-03-30 10:00:00,125.64618
2012-03-30 11:00:00,141.21713
2012-03-30 12:00:00,141.22742
2012-03-30 13:00:00,186.53627
2012-03-30 14:00:00,170.68457
2012-03-30 15:00:00,174.80644
2012-03-30 16:00:00,143.2014
2012-03-30 17:00:00,136.75737
2012-03-30 18:00:00,165.75778
2012-03-30 19:00:00,135.31673
2012-03-30 20:00:00,124.632065
2012-03-30 21:00:00,104.49475
2012-03-30 22:00:00,96.036194
2012-03-30 23:00:00,87.90041
2012-03-31 00:00:00,81.62313
2012-03-31 01:00:00,93.2898
2012-03-31 02:00:00,99.93669
2012-03-31 03:00:00,88.44811
2012-03-31 04:00:00,118.00944
2012-03-31 05:00:00,86.77087
2012-03-31 06:00:00,71.90812
2012-03-31 07:00:00,71.90812
2012-03-31 08:00:00,72.18026
2012-03-31 09:00:00,93.2898
2012-03-31 10:00:00,90.0542
2012-03-31 11:00:00,95.716484
2012-03-31 12:00:00,87.750114
2012-03-31 13:00:00,150.64377
2012-03-31 14:00:00,159.33331
2012-03-31 15:00:00,191.30609
2012-03-31 16:00:00,166.72354
2012-03-31 17:00:00,167.69666
2012-03-31 18:00:00,145.02084
2012-03-31 19:00:00,138.36961
2012-03-31 20:00:00,112.26727
2012-03-31 21:00:00,112.26727
2012-03-31 22:00:00,98.498344
2012-03-31 23:00:00,81.89956
2012-04-20 00:00:00,109.17996
2012-04-20 01:00:00,110.7334
2012-04-20 02:00:00,103.12484
2012-04-20 03:00:00,96.181595
2012-04-20 04:00:00,93.75709
2012-04-20 05:00:00,89.87301
2012-04-20 06:00:00,90.62358
2012-04-20 07:00:00,89.87301
2012-04-20 08:00:00,91.39889
2012-04-20 09:00:00,96.4109
2012-04-20 10:00:00,123.040634
2012-04-20 11:00:00,140.43784
2012-04-20 12:00:00,230.11777
2012-04-20 13:00:00,301.75186
2012-04-20 14:00:00,310.46585
2012-04-20 15:00:00,288.37378
2012-04-20 16:00:00,303.75146
2012-04-20 17:00:00,310.44843
2012-04-20 18:00:00,291.42667
2012-04-20 19:00:00,255.58887
2012-04-20 20:00:00,207.84998
2012-04-20 21:00:00,133.98296
2012-04-20 22:00:00,169.60823
2012-04-20 23:00:00,115.75466
2012-04-21 00:00:00,117.63313
2012-04-21 01:00:00,117.63313
2012-04-21 02:00:00,98.752975
2012-04-21 03:00:00,107.177345
2012-04-21 04:00:00,110.31736
2012-04-21 05:00:00,110.31736
2012-04-21 06:00:00,107.17733
2012-04-21 07:00:00,113.13789
2012-04-21 08:00:00,115.88539
2012-04-21 09:00:00,108.15433
2012-04-21 10:00:00,232.09506
2012-04-21 11:00:00,251.00069
2012-04-21 12:00:00,268.37015
2012-04-21 13:00:00,288.42502
2012-04-21 14:00:00,364.45572
2012-04-21 15:00:00,405.73373
2012-04-21 16:00:00,389.01056
2012-04-21 17:00:00,441.6614
2012-04-21 18:00:00,348.1362
2012-04-21 19:00:00,188.50842
2012-04-21 20:00:00,116.500534
2012-04-21 21:00:00,127.51184
2012-04-21 22:00:00,110.17562
2012-04-21 23:00:00,105.30673
2012-04-22 00:00:00,99.1089
2012-04-22 01:00:00,109.24663
2012-04-22 02:00:00,119.79806
2012-04-22 03:00:00,93.26216
2012-04-22 04:00:00,97.653885
2012-04-22 05:00:00,102.18578
2012-04-22 06:00:00,122.20763
2012-04-22 07:00:00,114.37876
2012-04-22 08:00:00,91.562515
2012-04-22 09:00:00,91.562515
2012-04-22 10:00:00,91.2755
2012-04-22 11:00:00,83.650215
2012-04-22 12:00:00,85.314766
2012-04-22 13:00:00,93.13977
2012-04-22 14:00:00,85.314766
2012-04-22 15:00:00,89.069016
2012-04-22 16:00:00,93.72787
2012-04-22 17:00:00,72.65832
2012-04-22 18:00:00,72.65832
2012-04-22 19:00:00,85.915695
2012-04-22 20:00:00,72.82866
2012-04-22 21:00:00,77.41878
2012-04-22 22:00:00,78.858604
2012-04-22 23:00:00,87.978745
2012-04-23 00:00:00,102.13747
2012-04-23 01:00:00,85.48315
2012-04-23 02:00:00,81.80748
2012-04-23 03:00:00,85.0259
2012-04-23 04:00:00,81.50975
2012-04-23 05:00:00,81.50975
2012-04-23 06:00:00,79.83766
2012-04-23 07:00:00,81.43738
2012-04-23 08:00:00,87.13725
2012-04-23 09:00:00,91.4953
2012-04-23 10:00:00,99.29488
2012-04-23 11:00:00,99.688126
2012-04-23 12:00:00,103.72035
2012-04-23 13:00:00,115.47221
2012-04-23 14:00:00,135.95345
2012-04-23 15:00:00,133.46202
2012-04-23 16:00:00,83.32434
2012-04-23 17:00:00,80.37772
2012-04-23 18:00:00,91.9827
2012-04-23 19:00:00,90.35096
2012-04-23 20:00:00,89.10555
2012-04-23 21:00:00,83.63242
2012-04-23 22:00:00,87.23078
2012-04-23 23:00:00,86.724304
2012-04-24 00:00:00,91.22541
2012-04-24 01:00:00,88.63458
2012-04-24 02:00:00,84.70443
2012-04-24 03:00:00,82.57228
2012-04-24 04:00:00,85.54485
2012-04-24 05:00:00,85.54485
2012-04-24 06:00:00,86.733246
2012-04-24 07:00:00,100.04105
2012-04-24 08:00:00,111.816696
2012-04-24 09:00:00,180.34491
2012-04-24 10:00:00,188.04901
2012-04-24 11:00:00,282.159
2012-04-24 12:00:00,302.6412
2012-04-24 13:00:00,313.8588
2012-04-24 14:00:00,315.63474
2012-04-24 15:00:00,292.99002
2012-04-24 16:00:00,284.9804
2012-04-24 17:00:00,303.27032
2012-04-24 18:00:00,239.92221
2012-04-24 19:00:00,277.61963
2012-04-24 20:00:00,300.10315
2012-04-24 21:00:00,280.15622
2012-04-24 22:00:00,224.6808
2012-04-24 23:00:00,205.71878
2012-04-25 00:00:00,197.05923
2012-04-25 01:00:00,180.22687
2012-04-25 02:00:00,90.45912
2012-04-25 03:00:00,87.6134
2012-04-25 04:00:00,90.90249
2012-04-25 05:00:00,87.329666
2012-04-25 06:00:00,87.329666
2012-04-25 07:00:00,86.66908
2012-04-25 08:00:00,89.36694
2012-04-25 09:00:00,124.25835
2012-04-25 10:00:00,230.1947
2012-04-25 11:00:00,266.86627
2012-04-25 12:00:00,326.48334
2012-04-25 13:00:00,307.3889
2012-04-25 14:00:00,320.17563
2012-04-25 15:00:00,265.56662
2012-04-25 16:00:00,314.33716
2012-04-25 17:00:00,307.28464
2012-04-25 18:00:00,303.93634
2012-04-25 19:00:00,282.64355
2012-04-25 20:00:00,252.99393
2012-04-25 21:00:00,193.33136
2012-04-25 22:00:00,155.03053
2012-04-25 23:00:00,194.79216
2012-04-26 00:00:00,129.27951
2012-04-26 01:00:00,200.90579
2012-04-26 02:00:00,175.56287
2012-04-26 03:00:00,172.7798
2012-04-26 04:00:00,151.58672
2012-04-26 05:00:00,146.79703
2012-04-26 06:00:00,162.59967
2012-04-26 07:00:00,127.482086
2012-04-26 08:00:00,116.39465
2012-04-26 09:00:00,111.55764
2012-04-26 10:00:00,104.3425
2012-04-26 11:00:00,106.226944
2012-04-26 12:00:00,114.05207
2012-04-26 13:00:00,117.198494
2012-04-26 14:00:00,137.06488
2012-04-26 15:00:00,137.82973
2012-04-26 16:00:00,127.053375
2012-04-26 17:00:00,120.767426
2012-04-26 18:00:00,137.06488
2012-04-26 19:00:00,143.14177
2012-04-26 20:00:00,129.39317
2012-04-26 21:00:00,125.247696
2012-04-26 22:00:00,112.90948
2012-04-26 23:00:00,108.171585
2012-04-27 00:00:00,206.47311
2012-04-27 01:00:00,199.42317
2012-04-27 02:00:00,189.02396
2012-04-27 03:00:00,208.79083
2012-04-27 04:00:00,202.5433
2012-04-27 05:00:00,199.94054
2012-04-27 06:00:00,196.60548
2012-04-27 07:00:00,161.21751
2012-04-27 08:00:00,134.60864
2012-04-27 09:00:00,207.12407
2012-04-27 10:00:00,236.81487
2012-04-27 11:00:00,237.95804
2012-04-27 12:00:00,259.27863
2012-04-27 13:00:00,272.899
2012-04-27 14:00:00,274.64847
2012-04-27 15:00:00,300.6904
2012-04-27 16:00:00,313.61594
2012-04-27 17:00:00,323.445
2012-04-27 18:00:00,325.20163
2012-04-27 19:00:00,317.55295
2012-04-27 20:00:00,285.7232
2012-04-27 21:00:00,262.90186
2012-04-27 22:00:00,228.05595
2012-04-27 23:00:00,208.89772
2012-04-28 00:00:00,189.28156
2012-04-28 01:00:00,139.69882
2012-04-28 02:00:00,161.70256
2012-04-28 03:00:00,122.20628
2012-04-28 04:00:00,116.66508
2012-04-28 05:00:00,129.93196
2012-04-28 06:00:00,120.7677
2012-04-28 07:00:00,116.66508
2012-04-28 08:00:00,202.6693
2012-04-28 09:00:00,228.12674
2012-04-28 10:00:00,211.76959
2012-04-28 11:00:00,215.27213
2012-04-28 12:00:00,184.8111
2012-04-28 13:00:00,237.99979
2012-04-28 14:00:00,227.08676
2012-04-28 15:00:00,222.43195
2012-04-28 16:00:00,256.96323
2012-04-28 17:00:00,228.66647
2012-04-28 18:00:00,195.06186
2012-04-28 19:00:00,86.48242
2012-04-28 20:00:00,87.83783
2012-04-28 21:00:00,86.96793
2012-04-28 22:00:00,82.15099
2012-04-28 23:00:00,85.42291
2012-04-29 00:00:00,79.53684
2012-04-29 01:00:00,75.24072
2012-04-29 02:00:00,75.119
2012-04-29 03:00:00,72.18026
2012-04-29 04:00:00,71.56917
2012-04-29 05:00:00,71.9564
2012-04-29 06:00:00,65.5458
2012-04-29 07:00:00,68.59862
2012-04-29 08:00:00,81.96985
2012-04-29 09:00:00,88.2684
2012-04-29 10:00:00,87.277145
2012-04-29 11:00:00,139.03603
2012-04-29 12:00:00,217.6708
2012-04-29 13:00:00,221.25722
2012-04-29 14:00:00,298.6663
2012-04-29 15:00:00,306.03726
2012-04-29 16:00:00,371.30905
2012-04-29 17:00:00,403.97995
2012-04-29 18:00:00,396.05457
2012-04-29 19:00:00,316.5531
2012-04-29 20:00:00,314.0814
2012-04-29 21:00:00,221.57513
2012-04-29 22:00:00,200.14075
2012-04-29 23:00:00,105.30152
2012-04-30 00:00:00,100.91241
2012-04-30 01:00:00,95.405106
2012-04-30 02:00:00,104.55377
2012-04-30 03:00:00,102.76584
2012-04-30 04:00:00,132.76685
2012-04-30 05:00:00,132.76685
2012-04-30 06:00:00,184.14056
2012-04-30 07:00:00,172.73434
2012-04-30 08:00:00,198.91206
2012-04-30 09:00:00,203.81549
2012-04-30 10:00:00,221.11354
2012-04-30 11:00:00,209.15536
2012-04-30 12:00:00,202.3918
2012-04-30 13:00:00,189.70598
2012-04-30 14:00:00,187.78207
2012-04-30 15:00:00,186.7904
2012-04-30 16:00:00,192.54028
2012-04-30 17:00:00,182.34985
2012-04-30 18:00:00,205.13576
2012-04-30 19:00:00,181.45967
2012-04-30 20:00:00,190.9757
2012-04-30 21:00:00,190.9757
2012-04-30 22:00:00,201.21191
2012-04-30 23:00:00,208.26517
2012-05-20 00:00:00,207.71895
2012-05-20 01:00:00,181.009
2012-05-20 02:00:00,181.009
2012-05-20 03:00:00,157.2841
2012-05-20 04:00:00,97.22434
2012-05-20 05:00:00,94.60743
2012-05-20 06:00:00,118.90501
2012-05-20 07:00:00,132.4255
2012-05-20 08:00:00,201.54115
2012-05-20 09:00:00,397.20676
2012-05-20 10:00:00,414.27792
2012-05-20 11:00:00,410.13086
2012-05-20 12:00:00,420.08585
2012-05-20 13:00:00,413.10513
2012-05-20 14:00:00,425.2916
2012-05-20 15:00:00,410.50272
2012-05-20 16:00:00,404.65564
2012-05-20 17:00:00,382.4073
2012-05-20 18:00:00,342.7137
2012-05-20 19:00:00,266.3295
2012-05-20 20:00:00,266.32953
2012-05-20 21:00:00,223.13202
2012-05-20 22:00:00,192.77655
2012-05-20 23:00:00,174.28665
2012-05-21 00:00:00,142.07101
2012-05-21 01:00:00,149.09033
2012-05-21 02:00:00,127.47318
2012-05-21 03:00:00,136.4451
2012-05-21 04:00:00,137.314
2012-05-21 05:00:00,137.314
2012-05-21 06:00:00,137.314
2012-05-21 07:00:00,137.314
2012-05-21 08:00:00,133.9014
2012-05-21 09:00:00,131.64586
2012-05-21 10:00:00,140.70166
2012-05-21 11:00:00,128.40668
2012-05-21 12:00:00,151.12308
2012-05-21 13:00:00,153.5877
2012-05-21 14:00:00,145.62563
2012-05-21 15:00:00,180.78412
2012-05-21 16:00:00,197.82433
2012-05-21 17:00:00,221.27391
2012-05-21 18:00:00,132.78662
2012-05-21 19:00:00,153.7062
2012-05-21 20:00:00,162.45874
2012-05-21 21:00:00,142.94205
2012-05-21 22:00:00,163.33823
2012-05-21 23:00:00,193.53905
2012-05-22 00:00:00,142.65347
2012-05-22 01:00:00,119.86037
2012-05-22 02:00:00,114.80967
2012-05-22 03:00:00,114.80967
2012-05-22 04:00:00,120.05093
2012-05-22 05:00:00,129.28406
2012-05-22 06:00:00,118.74054
2012-05-22 07:00:00,118.74054
2012-05-22 08:00:00,115.376686
2012-05-22 09:00:00,116.60654
2012-05-22 10:00:00,119.56185
2012-05-22 11:00:00,116.674706
2012-05-22 12:00:00,125.638596
2012-05-22 13:00:00,134.95435
2012-05-22 14:00:00,146.34329
2012-05-22 15:00:00,213.33128
2012-05-22 16:00:00,211.26065
2012-05-22 17:00:00,234.47205
2012-05-22 18:00:00,220.89236
2012-05-22 19:00:00,208.02637
2012-05-22 20:00:00,193.45058
2012-05-22 21:00:00,124.97329
2012-05-22 22:00:00,122.51967
2012-05-22 23:00:00,127.067245
2012-05-23 00:00:00,124.97329
2012-05-23 01:00:00,122.1076
2012-05-23 02:00:00,128.40668
2012-05-23 03:00:00,114.75875
2012-05-23 04:00:00,140.41533
2012-05-23 05:00:00,133.9014
2012-05-23 06:00:00,104.9894
2012-05-23 07:00:00,102.194664
2012-05-23 08:00:00,102.194664
2012-05-23 09:00:00,119.41605
2012-05-23 10:00:00,114.319725
2012-05-23 11:00:00,117.15841
2012-05-23 12:00:00,169.85028
2012-05-23 13:00:00,172.31342
2012-05-23 14:00:00,202.036
2012-05-23 15:00:00,206.2521
2012-05-23 16:00:00,235.44319
2012-05-23 17:00:00,186.33748
2012-05-23 18:00:00,186.33748
2012-05-23 19:00:00,130.98424
2012-05-23 20:00:00,116.13547
2012-05-23 21:00:00,111.82166
2012-05-23 22:00:00,130.98424
2012-05-23 23:00:00,114.803764
2012-05-24 00:00:00,107.31998
2012-05-24 01:00:00,104.7039
2012-05-24 02:00:00,101.337944
2012-05-24 03:00:00,112.71335
2012-05-24 04:00:00,122.584885
2012-05-24 05:00:00,122.584885
2012-05-24 06:00:00,122.584885
2012-05-24 07:00:00,109.10034
2012-05-24 08:00:00,137.8144
2012-05-24 09:00:00,149.67215
2012-05-24 10:00:00,184.98535
2012-05-24 11:00:00,193.53632
2012-05-24 12:00:00,229.2887
2012-05-24 13:00:00,274.6669
2012-05-24 14:00:00,301.84592
2012-05-24 15:00:00,311.26865
2012-05-24 16:00:00,330.14545
2012-05-24 17:00:00,316.39825
2012-05-24 18:00:00,319.44382
2012-05-24 19:00:00,274.63412
2012-05-24 20:00:00,226.04016
2012-05-24 21:00:00,159.16805
2012-05-24 22:00:00,125.86623
2012-05-24 23:00:00,134.90263
2012-05-25 00:00:00,116.98124
2012-05-25 01:00:00,109.093605
2012-05-25 02:00:00,111.82166
2012-05-25 03:00:00,114.20167
2012-05-25 04:00:00,109.18448
2012-05-25 05:00:00,112.47687
2012-05-25 06:00:00,114.20167
2012-05-25 07:00:00,124.68057
2012-05-25 08:00:00,115.4432
2012-05-25 09:00:00,120.372826
2012-05-25 10:00:00,147.35924
2012-05-25 11:00:00,135.70328
2012-05-25 12:00:00,211.00174
2012-05-25 13:00:00,239.88559
2012-05-25 14:00:00,255.40921
2012-05-25 15:00:00,273.73608
2012-05-25 16:00:00,328.95816
2012-05-25 17:00:00,298.26794
2012-05-25 18:00:00,273.73608
2012-05-25 19:00:00,279.31186
2012-05-25 20:00:00,220.52003
2012-05-25 21:00:00,210.88826
2012-05-25 22:00:00,135.63918
2012-05-25 23:00:00,166.57826
2012-05-26 00:00:00,114.6129
2012-05-26 01:00:00,107.51894
2012-05-26 02:00:00,103.01982
2012-05-26 03:00:00,97.127556
2012-05-26 04:00:00,101.05996
2012-05-26 05:00:00,138.89502
2012-05-26 06:00:00,113.74273
2012-05-26 07:00:00,112.27937
2012-05-26 08:00:00,115.59626
2012-05-26 09:00:00,122.81252
2012-05-26 10:00:00,162.59755
2012-05-26 11:00:00,186.32117
2012-05-26 12:00:00,269.11902
2012-05-26 13:00:00,274.13257
2012-05-26 14:00:00,283.40906
2012-05-26 15:00:00,299.91992
2012-05-26 16:00:00,356.24146
2012-05-26 17:00:00,374.8785
2012-05-26 18:00:00,350.06662
2012-05-26 19:00:00,277.90335
2012-05-26 20:00:00,322.15573
2012-05-26 21:00:00,280.41544
2012-05-26 22:00:00,214.3572
2012-05-26 23:00:00,214.3572
2012-05-27 00:00:00,201.94412
2012-05-27 01:00:00,177.0384
2012-05-27 02:00:00,173.3877
2012-05-27 03:00:00,145.31287
2012-05-27 04:00:00,121.68948
2012-05-27 05:00:00,121.68948
2012-05-27 06:00:00,113.94227
2012-05-27 07:00:00,106.75733
2012-05-27 08:00:00,122.81252
2012-05-27 09:00:00,139.58328
2012-05-27 10:00:00,199.68523
2012-05-27 11:00:00,259.7579
2012-05-27 12:00:00,278.72784
2012-05-27 13:00:00,312.60907
2012-05-27 14:00:00,329.46378
2012-05-27 15:00:00,373.7609
2012-05-27 16:00:00,373.7609
2012-05-27 17:00:00,393.46088
2012-05-27 18:00:00,337.2352
2012-05-27 19:00:00,312.60907
2012-05-27 20:00:00,305.15524
2012-05-27 21:00:00,228.99915
2012-05-27 22:00:00,111.00221
2012-05-27 23:00:00,119.949165
2012-05-28 00:00:00,128.15994
2012-05-28 01:00:00,167.8581
2012-05-28 02:00:00,123.53839
2012-05-28 03:00:00,136.88864
2012-05-28 04:00:00,109.92799
2012-05-28 05:00:00,109.92799
2012-05-28 06:00:00,136.88864
2012-05-28 07:00:00,106.27966
2012-05-28 08:00:00,130.06421
2012-05-28 09:00:00,209.19504
2012-05-28 10:00:00,209.19504
2012-05-28 11:00:00,227.09816
2012-05-28 12:00:00,276.0421
2012-05-28 13:00:00,345.9562
2012-05-28 14:00:00,345.9562
2012-05-28 15:00:00,391.8358
2012-05-28 16:00:00,396.27625
2012-05-28 17:00:00,391.8358
2012-05-28 18:00:00,363.798
2012-05-28 19:00:00,380.9047
2012-05-28 20:00:00,331.80374
2012-05-28 21:00:00,298.7682
2012-05-28 22:00:00,222.16136
2012-05-28 23:00:00,189.88065
2012-05-29 00:00:00,170.9435
2012-05-29 01:00:00,170.9435
2012-05-29 02:00:00,126.91902
2012-05-29 03:00:00,195.94356
2012-05-29 04:00:00,166.57826
2012-05-29 05:00:00,166.57826
2012-05-29 06:00:00,166.57826
2012-05-29 07:00:00,166.57826
2012-05-29 08:00:00,193.81668
2012-05-29 09:00:00,240.81741
2012-05-29 10:00:00,258.65582
2012-05-29 11:00:00,300.95694
2012-05-29 12:00:00,363.13397
2012-05-29 13:00:00,398.2009
2012-05-29 14:00:00,403.25958
2012-05-29 15:00:00,415.0208
2012-05-29 16:00:00,427.10275
2012-05-29 17:00:00,429.90073
2012-05-29 18:00:00,410.28244
2012-05-29 19:00:00,363.92993
2012-05-29 20:00:00,279.56284
2012-05-29 21:00:00,162.56212
2012-05-29 22:00:00,112.47687
2012-05-29 23:00:00,112.92444
2012-05-30 00:00:00,122.79916
2012-05-30 01:00:00,139.39935
2012-05-30 02:00:00,116.19466
2012-05-30 03:00:00,126.34128
2012-05-30 04:00:00,119.040924
2012-05-30 05:00:00,134.52185
2012-05-30 06:00:00,122.824875
2012-05-30 07:00:00,162.84727
2012-05-30 08:00:00,162.69302
2012-05-30 09:00:00,195.49771
2012-05-30 10:00:00,211.18529
2012-05-30 11:00:00,223.46236
2012-05-30 12:00:00,224.97707
2012-05-30 13:00:00,239.04967
2012-05-30 14:00:00,296.58096
2012-05-30 15:00:00,275.15268
2012-05-30 16:00:00,286.38388
2012-05-30 17:00:00,270.16913
2012-05-30 18:00:00,301.8276
2012-05-30 19:00:00,274.6669
2012-05-30 20:00:00,179.58928
2012-05-30 21:00:00,225.84348
2012-05-30 22:00:00,159.31021
2012-05-30 23:00:00,183.40756
2012-05-31 00:00:00,162.45874
2012-05-31 01:00:00,144.4116
2012-05-31 02:00:00,167.66792
2012-05-31 03:00:00,142.94205
2012-05-31 04:00:00,126.80583
2012-05-31 05:00:00,204.70386
2012-05-31 06:00:00,172.70164
2012-05-31 07:00:00,224.43604
2012-05-31 08:00:00,256.0656
2012-05-31 09:00:00,310.17664
2012-05-31 10:00:00,388.46823
2012-05-31 11:00:00,363.76797
2012-05-31 12:00:00,327.43503
2012-05-31 13:00:00,301.52637
2012-05-31 14:00:00,331.3486
2012-05-31 15:00:00,372.55756
2012-05-31 16:00:00,367.9013
2012-05-31 17:00:00,317.79657
2012-05-31 18:00:00,326.82043
2012-05-31 19:00:00,313.5244
2012-05-31 20:00:00,298.28592
2012-05-31 21:00:00,298.28592
2012-05-31 22:00:00,268.1462
2012-05-31 23:00:00,272.16437
2012-06-20 00:00:00,170.9435
2012-06-20 01:00:00,159.67557
2012-06-20 02:00:00,129.75287
2012-06-20 03:00:00,121.70523
2012-06-20 04:00:00,113.16107
2012-06-20 05:00:00,113.16107
2012-06-20 06:00:00,113.82202
2012-06-20 07:00:00,112.266235
2012-06-20 08:00:00,147.39217
2012-06-20 09:00:00,162.14691
2012-06-20 10:00:00,312.0816
2012-06-20 11:00:00,350.2778
2012-06-20 12:00:00,342.0251
2012-06-20 13:00:00,318.29434
2012-06-20 14:00:00,358.86877
2012-06-20 15:00:00,332.68488
2012-06-20 16:00:00,338.84756
2012-06-20 17:00:00,330.75168
2012-06-20 18:00:00,330.75168
2012-06-20 19:00:00,384.48294
2012-06-20 20:00:00,367.2229
2012-06-20 21:00:00,307.50903
2012-06-20 22:00:00,307.7516
2012-06-20 23:00:00,264.31726
2012-06-21 00:00:00,228.42203
2012-06-21 01:00:00,189.8741
2012-06-21 02:00:00,178.67908
2012-06-21 03:00:00,181.3426
2012-06-21 04:00:00,139.75003
2012-06-21 05:00:00,143.87543
2012-06-21 06:00:00,157.69154
2012-06-21 07:00:00,157.69154
2012-06-21 08:00:00,202.85175
2012-06-21 09:00:00,355.7676
2012-06-21 10:00:00,347.7131
2012-06-21 11:00:00,364.74802
2012-06-21 12:00:00,392.45685
2012-06-21 13:00:00,373.50766
2012-06-21 14:00:00,377.8928
2012-06-21 15:00:00,377.6331
2012-06-21 16:00:00,377.71783
2012-06-21 17:00:00,364.07343
2012-06-21 18:00:00,390.73438
2012-06-21 19:00:00,407.69614
2012-06-21 20:00:00,389.92368
2012-06-21 21:00:00,374.71616
2012-06-21 22:00:00,319.45547
2012-06-21 23:00:00,306.29697
2012-06-22 00:00:00,259.9855
2012-06-22 01:00:00,249.79083
2012-06-22 02:00:00,165.53815
2012-06-22 03:00:00,165.53815
2012-06-22 04:00:00,264.1987
2012-06-22 05:00:00,259.92044
2012-06-22 06:00:00,251.52588
2012-06-22 07:00:00,301.57275
2012-06-22 08:00:00,308.77777
2012-06-22 09:00:00,336.37152
2012-06-22 10:00:00,416.29486
2012-06-22 11:00:00,359.6148
2012-06-22 12:00:00,359.35095
2012-06-22 13:00:00,407.69614
2012-06-22 14:00:00,407.69614
2012-06-22 15:00:00,443.57632
2012-06-22 16:00:00,385.32462
2012-06-22 17:00:00,376.98718
2012-06-22 18:00:00,366.3999
2012-06-22 19:00:00,381.51913
2012-06-22 20:00:00,381.51913
2012-06-22 21:00:00,291.14627
2012-06-22 22:00:00,218.14322
2012-06-22 23:00:00,181.0026
2012-06-23 00:00:00,106.070786
2012-06-23 01:00:00,139.07074
2012-06-23 02:00:00,146.97473
2012-06-23 03:00:00,119.08469
2012-06-23 04:00:00,136.92365
2012-06-23 05:00:00,146.97473
2012-06-23 06:00:00,110.89827
2012-06-23 07:00:00,127.03381
2012-06-23 08:00:00,250.67944
2012-06-23 09:00:00,308.8364
2012-06-23 10:00:00,354.9657
2012-06-23 11:00:00,410.27774
2012-06-23 12:00:00,439.6642
2012-06-23 13:00:00,439.73288
2012-06-23 14:00:00,458.11823
2012-06-23 15:00:00,469.6653
2012-06-23 16:00:00,441.77618
2012-06-23 17:00:00,430.936
2012-06-23 18:00:00,442.196
2012-06-23 19:00:00,414.4784
2012-06-23 20:00:00,430.4796
2012-06-23 21:00:00,406.56195
2012-06-23 22:00:00,393.32883
2012-06-23 23:00:00,371.24927
2012-06-24 00:00:00,327.9216
2012-06-24 01:00:00,318.17484
2012-06-24 02:00:00,342.14243
2012-06-24 03:00:00,233.69627
2012-06-24 04:00:00,227.5724
2012-06-24 05:00:00,184.74101
2012-06-24 06:00:00,227.5889
2012-06-24 07:00:00,174.39394
2012-06-24 08:00:00,271.6464
2012-06-24 09:00:00,339.2106
2012-06-24 10:00:00,397.46085
2012-06-24 11:00:00,407.01135
2012-06-24 12:00:00,448.49884
2012-06-24 13:00:00,470.2962
2012-06-24 14:00:00,462.07315
2012-06-24 15:00:00,430.52106
2012-06-24 16:00:00,450.76712
2012-06-24 17:00:00,460.01535
2012-06-24 18:00:00,466.7012
2012-06-24 19:00:00,482.74988
2012-06-24 20:00:00,441.00348
2012-06-24 21:00:00,373.1163
2012-06-24 22:00:00,325.85544
2012-06-24 23:00:00,310.0273
2012-06-25 00:00:00,311.25528
2012-06-25 01:00:00,276.34805
2012-06-25 02:00:00,255.0095
2012-06-25 03:00:00,260.96158
2012-06-25 04:00:00,205.20302
2012-06-25 05:00:00,193.5375
2012-06-25 06:00:00,161.25027
2012-06-25 07:00:00,217.47813
2012-06-25 08:00:00,232.39703
2012-06-25 09:00:00,267.08167
2012-06-25 10:00:00,320.41852
2012-06-25 11:00:00,435.53992
2012-06-25 12:00:00,416.39105
2012-06-25 13:00:00,365.75418
2012-06-25 14:00:00,402.72974
2012-06-25 15:00:00,467.75897
2012-06-25 16:00:00,424.65424
2012-06-25 17:00:00,403.0114
2012-06-25 18:00:00,415.46213
2012-06-25 19:00:00,413.83414
2012-06-25 20:00:00,424.85123
2012-06-25 21:00:00,399.44397
2012-06-25 22:00:00,407.002
2012-06-25 23:00:00,404.58252
2012-06-26 00:00:00,402.7659
2012-06-26 01:00:00,406.81335
2012-06-26 02:00:00,319.8016
2012-06-26 03:00:00,300.1442
2012-06-26 04:00:00,300.15274
2012-06-26 05:00:00,272.6956
2012-06-26 06:00:00,257.70505
2012-06-26 07:00:00,255.60934
2012-06-26 08:00:00,292.41193
2012-06-26 09:00:00,317.02487
2012-06-26 10:00:00,385.14847
2012-06-26 11:00:00,413.02255
2012-06-26 12:00:00,422.6173
2012-06-26 13:00:00,420.4512
2012-06-26 14:00:00,420.4512
2012-06-26 15:00:00,416.103
2012-06-26 16:00:00,399.96494
2012-06-26 17:00:00,411.2893
2012-06-26 18:00:00,398.34583
2012-06-26 19:00:00,364.45364
2012-06-26 20:00:00,388.34802
2012-06-26 21:00:00,362.46448
2012-06-26 22:00:00,382.74353
2012-06-26 23:00:00,324.44357
2012-06-27 00:00:00,352.33203
2012-06-27 01:00:00,329.65237
2012-06-27 02:00:00,264.838
2012-06-27 03:00:00,265.66284
2012-06-27 04:00:00,369.57214
2012-06-27 05:00:00,360.93903
2012-06-27 06:00:00,314.76376
2012-06-27 07:00:00,368.01602
2012-06-27 08:00:00,371.38852
2012-06-27 09:00:00,397.51486
2012-06-27 10:00:00,388.67712
2012-06-27 11:00:00,400.12753
2012-06-27 12:00:00,388.05124
2012-06-27 13:00:00,389.252
2012-06-27 14:00:00,381.36554
2012-06-27 15:00:00,417.2608
2012-06-27 16:00:00,404.83463
2012-06-27 17:00:00,390.483
2012-06-27 18:00:00,389.252
2012-06-27 19:00:00,397.37155
2012-06-27 20:00:00,366.95248
2012-06-27 21:00:00,338.85394
2012-06-27 22:00:00,317.77725
2012-06-27 23:00:00,313.74673
2012-06-28 00:00:00,282.55957
2012-06-28 01:00:00,255.28548
2012-06-28 02:00:00,277.86584
2012-06-28 03:00:00,277.86584
2012-06-28 04:00:00,234.1998
2012-06-28 05:00:00,249.00804
2012-06-28 06:00:00,249.00804
2012-06-28 07:00:00,234.1998
2012-06-28 08:00:00,293.48654
2012-06-28 09:00:00,303.26974
2012-06-28 10:00:00,351.50345
2012-06-28 11:00:00,367.09985
2012-06-28 12:00:00,374.17264
2012-06-28 13:00:00,359.58713
2012-06-28 14:00:00,381.9232
2012-06-28 15:00:00,381.9232
2012-06-28 16:00:00,334.63702
2012-06-28 17:00:00,330.47525
2012-06-28 18:00:00,353.67694
2012-06-28 19:00:00,397.2797
2012-06-28 20:00:00,379.1954
2012-06-28 21:00:00,332.3608
2012-06-28 22:00:00,333.38773
2012-06-28 23:00:00,327.18478
2012-06-29 00:00:00,327.18478
2012-06-29 01:00:00,326.26108
2012-06-29 02:00:00,306.46255
2012-06-29 03:00:00,306.46255
2012-06-29 04:00:00,257.33127
2012-06-29 05:00:00,252.53516
2012-06-29 06:00:00,285.01608
2012-06-29 07:00:00,252.53516
2012-06-29 08:00:00,301.9426
2012-06-29 09:00:00,320.41852
2012-06-29 10:00:00,444.2328
2012-06-29 11:00:00,448.99066
2012-06-29 12:00:00,443.13406
2012-06-29 13:00:00,407.3998
2012-06-29 14:00:00,415.34244
2012-06-29 15:00:00,396.89044
2012-06-29 16:00:00,396.89044
2012-06-29 17:00:00,398.7699
2012-06-29 18:00:00,381.1672
2012-06-29 19:00:00,404.89688
2012-06-29 20:00:00,436.5999
2012-06-29 21:00:00,400.14407
2012-06-29 22:00:00,369.22577
2012-06-29 23:00:00,369.22577
2012-06-30 00:00:00,134.24586
2012-06-30 01:00:00,147.09871
2012-06-30 02:00:00,111.32585
2012-06-30 03:00:00,111.32585
2012-06-30 04:00:00,106.37954
2012-06-30 05:00:00,120.28296
2012-06-30 06:00:00,120.28296
2012-06-30 07:00:00,120.28296
2012-06-30 08:00:00,120.28296
2012-06-30 09:00:00,120.28296
2012-06-30 10:00:00,452.6451
2012-06-30 11:00:00,452.6451
2012-06-30 12:00:00,452.6451
2012-06-30 13:00:00,452.6451
2012-06-30 14:00:00,452.6451
2012-06-30 15:00:00,452.6451
2012-06-30 16:00:00,427.32022
2012-06-30 17:00:00,434.54584
2012-06-30 18:00:00,437.1749
2012-06-30 19:00:00,474.92395
2012-06-30 20:00:00,407.27725
2012-06-30 21:00:00,407.27725
2012-06-30 22:00:00,336.0388
2012-06-30 23:00:00,314.96674
2012-07-20 00:00:00,139.13324
2012-07-20 01:00:00,128.22777
2012-07-20 02:00:00,127.63294
2012-07-20 03:00:00,129.88348
2012-07-20 04:00:00,144.35956
2012-07-20 05:00:00,135.93777
2012-07-20 06:00:00,144.35956
2012-07-20 07:00:00,153.73997
2012-07-20 08:00:00,174.30411
2012-07-20 09:00:00,195.1636
2012-07-20 10:00:00,206.61551
2012-07-20 11:00:00,266.04828
2012-07-20 12:00:00,194.69101
2012-07-20 13:00:00,176.24007
2012-07-20 14:00:00,201.92538
2012-07-20 15:00:00,222.79335
2012-07-20 16:00:00,215.15617
2012-07-20 17:00:00,198.56154
2012-07-20 18:00:00,219.46341
2012-07-20 19:00:00,189.24109
2012-07-20 20:00:00,202.47595
2012-07-20 21:00:00,192.81499
2012-07-20 22:00:00,163.48764
2012-07-20 23:00:00,186.25452
2012-07-21 00:00:00,171.8322
2012-07-21 01:00:00,162.02124
2012-07-21 02:00:00,146.08694
2012-07-21 03:00:00,141.82036
2012-07-21 04:00:00,143.79346
2012-07-21 05:00:00,139.89703
2012-07-21 06:00:00,139.89703
2012-07-21 07:00:00,136.20857
2012-07-21 08:00:00,148.32445
2012-07-21 09:00:00,135.57008
2012-07-21 10:00:00,139.89703
2012-07-21 11:00:00,155.12985
2012-07-21 12:00:00,156.35503
2012-07-21 13:00:00,143.4526
2012-07-21 14:00:00,138.13309
2012-07-21 15:00:00,141.82036
2012-07-21 16:00:00,133.72432
2012-07-21 17:00:00,128.88885
2012-07-21 18:00:00,127.97759
2012-07-21 19:00:00,122.55447
2012-07-21 20:00:00,128.88885
2012-07-21 21:00:00,122.55446
2012-07-21 22:00:00,113.294495
2012-07-21 23:00:00,108.093185
2012-07-22 00:00:00,113.294495
2012-07-22 01:00:00,122.55446
2012-07-22 02:00:00,113.294495
2012-07-22 03:00:00,113.294495
2012-07-22 04:00:00,101.1045
2012-07-22 05:00:00,101.1045
2012-07-22 06:00:00,119.48277
2012-07-22 07:00:00,122.75318
2012-07-22 08:00:00,143.48701
2012-07-22 09:00:00,200.95627
2012-07-22 10:00:00,172.27722
2012-07-22 11:00:00,172.27722
2012-07-22 12:00:00,220.42184
2012-07-22 13:00:00,255.76782
2012-07-22 14:00:00,249.57988
2012-07-22 15:00:00,249.57988
2012-07-22 16:00:00,261.99564
2012-07-22 17:00:00,305.3237
2012-07-22 18:00:00,283.38144
2012-07-22 19:00:00,244.47314
2012-07-22 20:00:00,206.30716
2012-07-22 21:00:00,150.72972
2012-07-22 22:00:00,221.01279
2012-07-22 23:00:00,160.16736
2012-07-23 00:00:00,119.6915
2012-07-23 01:00:00,144.5415
2012-07-23 02:00:00,125.27916
2012-07-23 03:00:00,125.27916
2012-07-23 04:00:00,132.14851
2012-07-23 05:00:00,132.14851
2012-07-23 06:00:00,134.87755
2012-07-23 07:00:00,154.68248
2012-07-23 08:00:00,178.67908
2012-07-23 09:00:00,242.85956
2012-07-23 10:00:00,293.63107
2012-07-23 11:00:00,363.28726
2012-07-23 12:00:00,363.28726
2012-07-23 13:00:00,337.55435
2012-07-23 14:00:00,329.59085
2012-07-23 15:00:00,355.7676
2012-07-23 16:00:00,347.61716
2012-07-23 17:00:00,347.61716
2012-07-23 18:00:00,343.1266
2012-07-23 19:00:00,389.17072
2012-07-23 20:00:00,297.30615
2012-07-23 21:00:00,309.1544
2012-07-23 22:00:00,297.01285
2012-07-23 23:00:00,265.48813
2012-07-24 00:00:00,204.0181
2012-07-24 01:00:00,175.44093
2012-07-24 02:00:00,149.86383
2012-07-24 03:00:00,149.86383
2012-07-24 04:00:00,126.58467
2012-07-24 05:00:00,130.24126
2012-07-24 06:00:00,139.04399
2012-07-24 07:00:00,216.48842
2012-07-24 08:00:00,265.34464
2012-07-24 09:00:00,337.0437
2012-07-24 10:00:00,402.02698
2012-07-24 11:00:00,439.14108
2012-07-24 12:00:00,385.89078
2012-07-24 13:00:00,431.46
2012-07-24 14:00:00,406.1444
2012-07-24 15:00:00,428.82047
2012-07-24 16:00:00,393.094
2012-07-24 17:00:00,409.8967
2012-07-24 18:00:00,343.39096
2012-07-24 19:00:00,297.30615
2012-07-24 20:00:00,273.6627
2012-07-24 21:00:00,292.5897
2012-07-24 22:00:00,302.03165
2012-07-24 23:00:00,347.50662
2012-07-25 00:00:00,332.9247
2012-07-25 01:00:00,298.1605
2012-07-25 02:00:00,285.73822
2012-07-25 03:00:00,260.24283
2012-07-25 04:00:00,252.41301
2012-07-25 05:00:00,234.38556
2012-07-25 06:00:00,243.28938
2012-07-25 07:00:00,346.2393
2012-07-25 08:00:00,385.18192
2012-07-25 09:00:00,408.15976
2012-07-25 10:00:00,322.72528
2012-07-25 11:00:00,331.8939
2012-07-25 12:00:00,331.8939
2012-07-25 13:00:00,355.6207
2012-07-25 14:00:00,339.32516
2012-07-25 15:00:00,337.01978
2012-07-25 16:00:00,347.30167
2012-07-25 17:00:00,342.83713
2012-07-25 18:00:00,333.02417
2012-07-25 19:00:00,341.07965
2012-07-25 20:00:00,352.50467
2012-07-25 21:00:00,329.19647
2012-07-25 22:00:00,275.73044
2012-07-25 23:00:00,319.0932
2012-07-26 00:00:00,250.89723
2012-07-26 01:00:00,260.24283
2012-07-26 02:00:00,252.77615
2012-07-26 03:00:00,243.37068
2012-07-26 04:00:00,205.80093
2012-07-26 05:00:00,205.80093
2012-07-26 06:00:00,205.20302
2012-07-26 07:00:00,251.8634
2012-07-26 08:00:00,259.01804
2012-07-26 09:00:00,249.20921
2012-07-26 10:00:00,275.03543
2012-07-26 11:00:00,334.8791
2012-07-26 12:00:00,400.35928
2012-07-26 13:00:00,437.60294
2012-07-26 14:00:00,433.138
2012-07-26 15:00:00,455.5686
2012-07-26 16:00:00,470.42905
2012-07-26 17:00:00,493.87057
2012-07-26 18:00:00,471.49747
2012-07-26 19:00:00,460.97116
2012-07-26 20:00:00,420.3033
2012-07-26 21:00:00,444.23224
2012-07-26 22:00:00,444.23224
2012-07-26 23:00:00,236.64452
2012-07-27 00:00:00,195.74829
2012-07-27 01:00:00,225.24425
2012-07-27 02:00:00,176.03479
2012-07-27 03:00:00,216.48842
2012-07-27 04:00:00,151.0922
2012-07-27 05:00:00,136.75523
2012-07-27 06:00:00,151.0922
2012-07-27 07:00:00,257.16147
2012-07-27 08:00:00,258.08377
2012-07-27 09:00:00,423.3274
2012-07-27 10:00:00,342.82785
2012-07-27 11:00:00,444.09784
2012-07-27 12:00:00,454.81454
2012-07-27 13:00:00,427.38806
2012-07-27 14:00:00,438.2252
2012-07-27 15:00:00,404.9321
2012-07-27 16:00:00,399.7515
2012-07-27 17:00:00,430.76804
2012-07-27 18:00:00,368.0433
2012-07-27 19:00:00,374.71616
2012-07-27 20:00:00,298.21646
2012-07-27 21:00:00,298.21646
2012-07-27 22:00:00,308.68658
2012-07-27 23:00:00,240.50964
2012-07-28 00:00:00,295.1869
2012-07-28 01:00:00,215.85985
2012-07-28 02:00:00,204.9873
2012-07-28 03:00:00,204.9873
2012-07-28 04:00:00,189.0274
2012-07-28 05:00:00,160.16736
2012-07-28 06:00:00,200.33835
2012-07-28 07:00:00,231.0563
2012-07-28 08:00:00,283.38144
2012-07-28 09:00:00,332.8616
2012-07-28 10:00:00,428.74643
2012-07-28 11:00:00,459.27097
2012-07-28 12:00:00,460.863
2012-07-28 13:00:00,492.66605
2012-07-28 14:00:00,477.5131
2012-07-28 15:00:00,470.56238
2012-07-28 16:00:00,463.5791
2012-07-28 17:00:00,440.64078
2012-07-28 18:00:00,484.1569
2012-07-28 19:00:00,118.409775
2012-07-28 20:00:00,158.65617
2012-07-28 21:00:00,125.01986
2012-07-28 22:00:00,125.01986
2012-07-28 23:00:00,115.380745
2012-07-29 00:00:00,116.34865
2012-07-29 01:00:00,117.68949
2012-07-29 02:00:00,165.40222
2012-07-29 03:00:00,240.59042
2012-07-29 04:00:00,215.83876
2012-07-29 05:00:00,155.32544
2012-07-29 06:00:00,175.6124
2012-07-29 07:00:00,253.39171
2012-07-29 08:00:00,286.3367
2012-07-29 09:00:00,325.80368
2012-07-29 10:00:00,262.62912
2012-07-29 11:00:00,373.1163
2012-07-29 12:00:00,391.9936
2012-07-29 13:00:00,431.4659
2012-07-29 14:00:00,430.94556
2012-07-29 15:00:00,415.3219
2012-07-29 16:00:00,415.3219
2012-07-29 17:00:00,430.8773
2012-07-29 18:00:00,483.9752
2012-07-29 19:00:00,354.72287
2012-07-29 20:00:00,261.99564
2012-07-29 21:00:00,231.0563
2012-07-29 22:00:00,200.33835
2012-07-29 23:00:00,187.37169
2012-07-30 00:00:00,186.62529
2012-07-30 01:00:00,169.9279
2012-07-30 02:00:00,160.32245
2012-07-30 03:00:00,124.20497
2012-07-30 04:00:00,124.20497
2012-07-30 05:00:00,130.24126
2012-07-30 06:00:00,149.86383
2012-07-30 07:00:00,159.92763
2012-07-30 08:00:00,227.10666
2012-07-30 09:00:00,230.64017
2012-07-30 10:00:00,301.40414
2012-07-30 11:00:00,331.32138
2012-07-30 12:00:00,301.5604
2012-07-30 13:00:00,359.6148
2012-07-30 14:00:00,388.56473
2012-07-30 15:00:00,403.41266
2012-07-30 16:00:00,413.14023
2012-07-30 17:00:00,371.12704
2012-07-30 18:00:00,374.7964
2012-07-30 19:00:00,360.59695
2012-07-30 20:00:00,266.85416
2012-07-30 21:00:00,257.16147
2012-07-30 22:00:00,251.40596
2012-07-30 23:00:00,228.79733
2012-07-31 00:00:00,163.28584
2012-07-31 01:00:00,139.04399
2012-07-31 02:00:00,139.04398
2012-07-31 03:00:00,126.58466
2012-07-31 04:00:00,126.58467
2012-07-31 05:00:00,149.86383
2012-07-31 06:00:00,133.32945
2012-07-31 07:00:00,183.46446
2012-07-31 08:00:00,176.03479
2012-07-31 09:00:00,225.24425
2012-07-31 10:00:00,217.29594
2012-07-31 11:00:00,281.0751
2012-07-31 12:00:00,331.01984
2012-07-31 13:00:00,389.24066
2012-07-31 14:00:00,389.24066
2012-07-31 15:00:00,284.79196
2012-07-31 16:00:00,336.37152
2012-07-31 17:00:00,364.88434
2012-07-31 18:00:00,363.3616
2012-07-31 19:00:00,336.8785
2012-07-31 20:00:00,267.42416
2012-07-31 21:00:00,187.62067
2012-07-31 22:00:00,238.09871
2012-07-31 23:00:00,163.49977
2012-08-20 00:00:00,132.65382
2012-08-20 01:00:00,138.57999
2012-08-20 02:00:00,138.57999
2012-08-20 03:00:00,117.58417
2012-08-20 04:00:00,130.19447
2012-08-20 05:00:00,133.87553
2012-08-20 06:00:00,162.50421
2012-08-20 07:00:00,168.6394
2012-08-20 08:00:00,183.86626
2012-08-20 09:00:00,198.13144
2012-08-20 10:00:00,209.82501
2012-08-20 11:00:00,221.16328
2012-08-20 12:00:00,258.1263
2012-08-20 13:00:00,275.73044
2012-08-20 14:00:00,310.09058
2012-08-20 15:00:00,343.41147
2012-08-20 16:00:00,343.41147
2012-08-20 17:00:00,321.1331
2012-08-20 18:00:00,204.07887
2012-08-20 19:00:00,189.49635
2012-08-20 20:00:00,186.25452
2012-08-20 21:00:00,115.955536
2012-08-20 22:00:00,133.87553
2012-08-20 23:00:00,133.87553
2012-08-21 00:00:00,130.19447
2012-08-21 01:00:00,140.5856
2012-08-21 02:00:00,159.25925
2012-08-21 03:00:00,110.21089
2012-08-21 04:00:00,110.21089
2012-08-21 05:00:00,116.417595
2012-08-21 06:00:00,118.52726
2012-08-21 07:00:00,134.67438
2012-08-21 08:00:00,144.15726
2012-08-21 09:00:00,170.5228
2012-08-21 10:00:00,240.33334
2012-08-21 11:00:00,270.3078
2012-08-21 12:00:00,305.25305
2012-08-21 13:00:00,318.01355
2012-08-21 14:00:00,326.70197
2012-08-21 15:00:00,327.58072
2012-08-21 16:00:00,327.58072
2012-08-21 17:00:00,368.41104
2012-08-21 18:00:00,333.95645
2012-08-21 19:00:00,209.74365
2012-08-21 20:00:00,154.84084
2012-08-21 21:00:00,154.84084
2012-08-21 22:00:00,133.1818
2012-08-21 23:00:00,118.37114
2012-08-22 00:00:00,124.709145
2012-08-22 01:00:00,133.8876
2012-08-22 02:00:00,133.8876
2012-08-22 03:00:00,133.8876
2012-08-22 04:00:00,120.36263
2012-08-22 05:00:00,130.47145
2012-08-22 06:00:00,150.60245
2012-08-22 07:00:00,133.8876
2012-08-22 08:00:00,163.21913
2012-08-22 09:00:00,202.43713
2012-08-22 10:00:00,247.48999
2012-08-22 11:00:00,265.86032
2012-08-22 12:00:00,291.91754
2012-08-22 13:00:00,319.12897
2012-08-22 14:00:00,325.8179
2012-08-22 15:00:00,332.08807
2012-08-22 16:00:00,355.10608
2012-08-22 17:00:00,355.10608
2012-08-22 18:00:00,292.26843
2012-08-22 19:00:00,181.0026
2012-08-22 20:00:00,203.60966
2012-08-22 21:00:00,154.84084
2012-08-22 22:00:00,154.84084
2012-08-22 23:00:00,117.63916
2012-08-23 00:00:00,133.1818
2012-08-23 01:00:00,118.37114
2012-08-23 02:00:00,118.37113
2012-08-23 03:00:00,121.74225
2012-08-23 04:00:00,118.37114
2012-08-23 05:00:00,118.37114
2012-08-23 06:00:00,123.19224
2012-08-23 07:00:00,133.54932
2012-08-23 08:00:00,187.97192
2012-08-23 09:00:00,210.77716
2012-08-23 10:00:00,272.98572
2012-08-23 11:00:00,312.8744
2012-08-23 12:00:00,331.13025
2012-08-23 13:00:00,343.74475
2012-08-23 14:00:00,385.27145
2012-08-23 15:00:00,341.72324
2012-08-23 16:00:00,346.43842
2012-08-23 17:00:00,382.549
2012-08-23 18:00:00,363.92557
2012-08-23 19:00:00,295.24286
2012-08-23 20:00:00,252.53516
2012-08-23 21:00:00,264.33978
2012-08-23 22:00:00,262.02505
2012-08-23 23:00:00,203.38272
2012-08-24 00:00:00,203.38272
2012-08-24 01:00:00,179.94171
2012-08-24 02:00:00,175.74074
2012-08-24 03:00:00,154.84084
2012-08-24 04:00:00,179.94171
2012-08-24 05:00:00,133.1818
2012-08-24 06:00:00,137.14221
2012-08-24 07:00:00,156.55064
2012-08-24 08:00:00,181.0026
2012-08-24 09:00:00,279.3995
2012-08-24 10:00:00,328.53018
2012-08-24 11:00:00,330.10278
2012-08-24 12:00:00,331.83652
2012-08-24 13:00:00,349.3776
2012-08-24 14:00:00,332.44788
2012-08-24 15:00:00,343.60284
2012-08-24 16:00:00,343.60284
2012-08-24 17:00:00,360.78134
2012-08-24 18:00:00,301.69443
2012-08-24 19:00:00,304.68408
2012-08-24 20:00:00,285.04294
2012-08-24 21:00:00,285.01608
2012-08-24 22:00:00,257.99533
2012-08-24 23:00:00,224.59625
2012-08-25 00:00:00,275.6594
2012-08-25 01:00:00,209.92404
2012-08-25 02:00:00,171.41618
2012-08-25 03:00:00,181.09288
2012-08-25 04:00:00,206.8865
2012-08-25 05:00:00,193.432
2012-08-25 06:00:00,159.25813
2012-08-25 07:00:00,169.98857
2012-08-25 08:00:00,233.82697
2012-08-25 09:00:00,278.55814
2012-08-25 10:00:00,309.32507
2012-08-25 11:00:00,337.1308
2012-08-25 12:00:00,376.6328
2012-08-25 13:00:00,398.65118
2012-08-25 14:00:00,287.77695
2012-08-25 15:00:00,231.93404
2012-08-25 16:00:00,238.0799
2012-08-25 17:00:00,239.04514
2012-08-25 18:00:00,262.2672
2012-08-25 19:00:00,196.44073
2012-08-25 20:00:00,167.64975
2012-08-25 21:00:00,182.36969
2012-08-25 22:00:00,182.36969
2012-08-25 23:00:00,162.02124
2012-08-26 00:00:00,141.60004
2012-08-26 01:00:00,127.46439
2012-08-26 02:00:00,139.73697
2012-08-26 03:00:00,146.6759
2012-08-26 04:00:00,133.38165
2012-08-26 05:00:00,127.46439
2012-08-26 06:00:00,148.8444
2012-08-26 07:00:00,127.46439
2012-08-26 08:00:00,212.9929
2012-08-26 09:00:00,200.87335
2012-08-26 10:00:00,331.74454
2012-08-26 11:00:00,333.0254
2012-08-26 12:00:00,285.3744
2012-08-26 13:00:00,224.14908
2012-08-26 14:00:00,109.13919
2012-08-26 15:00:00,156.27895
2012-08-26 16:00:00,156.27895
2012-08-26 17:00:00,134.52704
2012-08-26 18:00:00,115.024796
2012-08-26 19:00:00,127.13687
2012-08-26 20:00:00,120.28296
2012-08-26 21:00:00,119.41133
2012-08-26 22:00:00,105.95537
2012-08-26 23:00:00,110.98048
2012-08-27 00:00:00,118.37114
2012-08-27 01:00:00,116.872665
2012-08-27 02:00:00,124.84479
2012-08-27 03:00:00,116.87266
2012-08-27 04:00:00,118.37114
2012-08-27 05:00:00,112.67859
2012-08-27 06:00:00,112.67859
2012-08-27 07:00:00,124.20497
2012-08-27 08:00:00,126.58467
2012-08-27 09:00:00,130.24126
2012-08-27 10:00:00,219.60251
2012-08-27 11:00:00,283.3515
2012-08-27 12:00:00,258.2895
2012-08-27 13:00:00,316.23462
2012-08-27 14:00:00,328.54593
2012-08-27 15:00:00,393.094
2012-08-27 16:00:00,379.40778
2012-08-27 17:00:00,392.40594
2012-08-27 18:00:00,377.03622
2012-08-27 19:00:00,275.03543
2012-08-27 20:00:00,265.34464
2012-08-27 21:00:00,243.37218
2012-08-27 22:00:00,178.12071
2012-08-27 23:00:00,166.22519
2012-08-28 00:00:00,202.60373
2012-08-28 01:00:00,153.73663
2012-08-28 02:00:00,195.77858
2012-08-28 03:00:00,128.22777
2012-08-28 04:00:00,139.04399
2012-08-28 05:00:00,141.17174
2012-08-28 06:00:00,129.88348
2012-08-28 07:00:00,144.0418
2012-08-28 08:00:00,142.39804
2012-08-28 09:00:00,206.61551
2012-08-28 10:00:00,315.3977
2012-08-28 11:00:00,367.499
2012-08-28 12:00:00,413.14023
2012-08-28 13:00:00,427.92294
2012-08-28 14:00:00,438.54272
2012-08-28 15:00:00,414.99393
2012-08-28 16:00:00,417.44254
2012-08-28 17:00:00,443.9957
2012-08-28 18:00:00,402.5091
2012-08-28 19:00:00,348.4877
2012-08-28 20:00:00,311.68088
2012-08-28 21:00:00,305.44727
2012-08-28 22:00:00,270.3078
2012-08-28 23:00:00,246.34485
2012-08-29 00:00:00,175.74074
2012-08-29 01:00:00,201.64204
2012-08-29 02:00:00,172.09634
2012-08-29 03:00:00,161.59071
2012-08-29 04:00:00,206.65146
2012-08-29 05:00:00,195.60275
2012-08-29 06:00:00,195.60275
2012-08-29 07:00:00,207.34447
2012-08-29 08:00:00,259.1655
2012-08-29 09:00:00,327.24863
2012-08-29 10:00:00,336.2226
2012-08-29 11:00:00,305.25305
2012-08-29 12:00:00,326.65128
2012-08-29 13:00:00,319.20273
2012-08-29 14:00:00,325.67075
2012-08-29 15:00:00,371.81183
2012-08-29 16:00:00,341.95947
2012-08-29 17:00:00,387.07227
2012-08-29 18:00:00,353.628
2012-08-29 19:00:00,315.31744
2012-08-29 20:00:00,246.34485
2012-08-29 21:00:00,266.8315
2012-08-29 22:00:00,255.28548
2012-08-29 23:00:00,239.1345
2012-08-30 00:00:00,170.5228
2012-08-30 01:00:00,188.96806
2012-08-30 02:00:00,150.60245
2012-08-30 03:00:00,150.60245
2012-08-30 04:00:00,150.60245
2012-08-30 05:00:00,150.60245
2012-08-30 06:00:00,138.57999
2012-08-30 07:00:00,154.84084
2012-08-30 08:00:00,195.35313
2012-08-30 09:00:00,248.26779
2012-08-30 10:00:00,278.67535
2012-08-30 11:00:00,325.67075
2012-08-30 12:00:00,338.897
2012-08-30 13:00:00,319.12897
2012-08-30 14:00:00,332.08807
2012-08-30 15:00:00,363.03638
2012-08-30 16:00:00,364.19635
2012-08-30 17:00:00,393.1113
2012-08-30 18:00:00,349.8927
2012-08-30 19:00:00,332.08807
2012-08-30 20:00:00,301.57275
2012-08-30 21:00:00,255.55104
2012-08-30 22:00:00,183.16177
2012-08-30 23:00:00,191.88947
2012-08-31 00:00:00,159.11275
2012-08-31 01:00:00,159.11275
2012-08-31 02:00:00,128.22777
2012-08-31 03:00:00,122.32658
2012-08-31 04:00:00,126.160645
2012-08-31 05:00:00,133.32945
2012-08-31 06:00:00,141.19345
2012-08-31 07:00:00,125.83072
2012-08-31 08:00:00,197.22356
2012-08-31 09:00:00,202.85175
2012-08-31 10:00:00,268.55914
2012-08-31 11:00:00,389.79517
2012-08-31 12:00:00,369.53983
2012-08-31 13:00:00,394.2617
2012-08-31 14:00:00,356.8097
2012-08-31 15:00:00,389.72083
2012-08-31 16:00:00,377.80154
2012-08-31 17:00:00,365.12915
2012-08-31 18:00:00,413.40915
2012-08-31 19:00:00,346.09726
2012-08-31 20:00:00,346.09726
2012-08-31 21:00:00,324.44138
2012-08-31 22:00:00,324.44138
2012-08-31 23:00:00,262.41998
2012-09-20 00:00:00,157.03763
2012-09-20 01:00:00,120.763596
2012-09-20 02:00:00,117.15714
2012-09-20 03:00:00,103.50003
2012-09-20 04:00:00,111.054
2012-09-20 05:00:00,111.054
2012-09-20 06:00:00,103.50003
2012-09-20 07:00:00,110.11615
2012-09-20 08:00:00,140.68704
2012-09-20 09:00:00,202.16843
2012-09-20 10:00:00,242.29836
2012-09-20 11:00:00,297.04562
2012-09-20 12:00:00,320.2512
2012-09-20 13:00:00,317.89755
2012-09-20 14:00:00,326.59824
2012-09-20 15:00:00,329.7788
2012-09-20 16:00:00,315.22418
2012-09-20 17:00:00,324.12894
2012-09-20 18:00:00,293.22818
2012-09-20 19:00:00,247.08716
2012-09-20 20:00:00,193.79236
2012-09-20 21:00:00,214.05595
2012-09-20 22:00:00,133.06583
2012-09-20 23:00:00,155.88898
2012-09-21 00:00:00,146.85028
2012-09-21 01:00:00,130.2944
2012-09-21 02:00:00,130.2944
2012-09-21 03:00:00,115.08479
2012-09-21 04:00:00,112.083954
2012-09-21 05:00:00,106.82898
2012-09-21 06:00:00,115.08479
2012-09-21 07:00:00,116.00248
2012-09-21 08:00:00,142.29768
2012-09-21 09:00:00,179.03958
2012-09-21 10:00:00,265.56644
2012-09-21 11:00:00,295.14514
2012-09-21 12:00:00,284.88242
2012-09-21 13:00:00,303.26974
2012-09-21 14:00:00,341.7287
2012-09-21 15:00:00,326.3302
2012-09-21 16:00:00,315.31744
2012-09-21 17:00:00,316.42584
2012-09-21 18:00:00,285.40192
2012-09-21 19:00:00,260.5947
2012-09-21 20:00:00,223.35599
2012-09-21 21:00:00,214.77267
2012-09-21 22:00:00,195.60275
2012-09-21 23:00:00,219.98886
2012-09-22 00:00:00,207.20253
2012-09-22 01:00:00,153.26831
2012-09-22 02:00:00,129.50357
2012-09-22 03:00:00,143.36519
2012-09-22 04:00:00,143.36519
2012-09-22 05:00:00,152.4126
2012-09-22 06:00:00,146.31708
2012-09-22 07:00:00,159.23267
2012-09-22 08:00:00,208.78642
2012-09-22 09:00:00,243.1185
2012-09-22 10:00:00,285.99716
2012-09-22 11:00:00,337.07242
2012-09-22 12:00:00,372.04477
2012-09-22 13:00:00,403.43765
2012-09-22 14:00:00,424.8871
2012-09-22 15:00:00,423.68198
2012-09-22 16:00:00,400.02325
2012-09-22 17:00:00,400.02325
2012-09-22 18:00:00,370.23505
2012-09-22 19:00:00,317.10138
2012-09-22 20:00:00,355.75177
2012-09-22 21:00:00,313.03247
2012-09-22 22:00:00,295.9424
2012-09-22 23:00:00,337.20712
2012-09-23 00:00:00,469.44315
2012-09-23 01:00:00,307.58612
2012-09-23 02:00:00,331.86887
2012-09-23 03:00:00,265.62906
2012-09-23 04:00:00,262.42197
2012-09-23 05:00:00,234.94731
2012-09-23 06:00:00,205.37541
2012-09-23 07:00:00,236.91176
2012-09-23 08:00:00,260.72092
2012-09-23 09:00:00,291.81668
2012-09-23 10:00:00,363.62503
2012-09-23 11:00:00,369.16852
2012-09-23 12:00:00,362.35074
2012-09-23 13:00:00,439.6927
2012-09-23 14:00:00,450.81528
2012-09-23 15:00:00,472.90396
2012-09-23 16:00:00,492.46182
2012-09-23 17:00:00,439.10135
2012-09-23 18:00:00,410.32153
2012-09-23 19:00:00,364.16122
2012-09-23 20:00:00,364.16122
2012-09-23 21:00:00,344.12512
2012-09-23 22:00:00,301.42044
2012-09-23 23:00:00,261.36185
2012-09-24 00:00:00,236.79636
2012-09-24 01:00:00,200.32936
2012-09-24 02:00:00,247.06699
2012-09-24 03:00:00,231.19142
2012-09-24 04:00:00,188.51584
2012-09-24 05:00:00,202.69917
2012-09-24 06:00:00,220.30727
2012-09-24 07:00:00,200.32936
2012-09-24 08:00:00,290.47607
2012-09-24 09:00:00,308.017
2012-09-24 10:00:00,328.8855
2012-09-24 11:00:00,382.24112
2012-09-24 12:00:00,409.44748
2012-09-24 13:00:00,432.36343
2012-09-24 14:00:00,362.5044
2012-09-24 15:00:00,366.44345
2012-09-24 16:00:00,407.54105
2012-09-24 17:00:00,354.47717
2012-09-24 18:00:00,366.94226
2012-09-24 19:00:00,345.8463
2012-09-24 20:00:00,294.99277
2012-09-24 21:00:00,298.0485
2012-09-24 22:00:00,306.81396
2012-09-24 23:00:00,223.3479
2012-09-25 00:00:00,207.4043
2012-09-25 01:00:00,167.1304
2012-09-25 02:00:00,134.94148
2012-09-25 03:00:00,160.37628
2012-09-25 04:00:00,165.13641
2012-09-25 05:00:00,130.61311
2012-09-25 06:00:00,158.92647
2012-09-25 07:00:00,152.93225
2012-09-25 08:00:00,221.72803
2012-09-25 09:00:00,299.49924
2012-09-25 10:00:00,322.83875
2012-09-25 11:00:00,393.35046
2012-09-25 12:00:00,412.63458
2012-09-25 13:00:00,390.60236
2012-09-25 14:00:00,446.94083
2012-09-25 15:00:00,449.57532
2012-09-25 16:00:00,440.19742
2012-09-25 17:00:00,436.41425
2012-09-25 18:00:00,411.82053
2012-09-25 19:00:00,371.2969
2012-09-25 20:00:00,344.45074
2012-09-25 21:00:00,344.45074
2012-09-25 22:00:00,343.713
2012-09-25 23:00:00,343.6045
2012-09-26 00:00:00,279.1298
2012-09-26 01:00:00,277.1439
2012-09-26 02:00:00,284.05844
2012-09-26 03:00:00,284.05844
2012-09-26 04:00:00,229.24142
2012-09-26 05:00:00,225.50377
2012-09-26 06:00:00,210.3062
2012-09-26 07:00:00,172.64276
2012-09-26 08:00:00,228.04797
2012-09-26 09:00:00,294.17038
2012-09-26 10:00:00,258.86386
2012-09-26 11:00:00,325.03043
2012-09-26 12:00:00,327.27444
2012-09-26 13:00:00,349.14087
2012-09-26 14:00:00,425.55472
2012-09-26 15:00:00,429.11264
2012-09-26 16:00:00,439.81412
2012-09-26 17:00:00,429.11264
2012-09-26 18:00:00,406.79233
2012-09-26 19:00:00,347.3619
2012-09-26 20:00:00,279.08762
2012-09-26 21:00:00,297.0964
2012-09-26 22:00:00,310.03192
2012-09-26 23:00:00,239.96194
2012-09-27 00:00:00,180.33688
2012-09-27 01:00:00,180.33688
2012-09-27 02:00:00,180.33688
2012-09-27 03:00:00,176.61035
2012-09-27 04:00:00,129.98343
2012-09-27 05:00:00,150.61438
2012-09-27 06:00:00,128.99368
2012-09-27 07:00:00,176.61038
2012-09-27 08:00:00,230.8107
2012-09-27 09:00:00,251.70522
2012-09-27 10:00:00,403.93167
2012-09-27 11:00:00,379.62192
2012-09-27 12:00:00,386.58847
2012-09-27 13:00:00,377.33365
2012-09-27 14:00:00,381.64316
2012-09-27 15:00:00,390.6509
2012-09-27 16:00:00,382.40784
2012-09-27 17:00:00,303.2307
2012-09-27 18:00:00,303.02887
2012-09-27 19:00:00,284.9846
2012-09-27 20:00:00,297.66736
2012-09-27 21:00:00,224.51337
2012-09-27 22:00:00,224.51337
2012-09-27 23:00:00,220.82314
2012-09-28 00:00:00,181.65015
2012-09-28 01:00:00,179.21074
2012-09-28 02:00:00,193.41483
2012-09-28 03:00:00,183.27362
2012-09-28 04:00:00,171.34865
2012-09-28 05:00:00,130.83179
2012-09-28 06:00:00,132.96402
2012-09-28 07:00:00,133.96106
2012-09-28 08:00:00,152.74092
2012-09-28 09:00:00,183.94052
2012-09-28 10:00:00,222.07826
2012-09-28 11:00:00,259.07523
2012-09-28 12:00:00,385.2612
2012-09-28 13:00:00,400.07443
2012-09-28 14:00:00,385.2612
2012-09-28 15:00:00,379.29828
2012-09-28 16:00:00,383.56525
2012-09-28 17:00:00,371.09863
2012-09-28 18:00:00,381.18094
2012-09-28 19:00:00,391.4989
2012-09-28 20:00:00,372.3333
2012-09-28 21:00:00,375.1816
2012-09-28 22:00:00,338.6159
2012-09-28 23:00:00,320.3783
2012-09-29 00:00:00,274.43103
2012-09-29 01:00:00,274.43103
2012-09-29 02:00:00,311.97864
2012-09-29 03:00:00,286.05692
2012-09-29 04:00:00,269.18115
2012-09-29 05:00:00,229.53964
2012-09-29 06:00:00,232.95999
2012-09-29 07:00:00,197.53731
2012-09-29 08:00:00,202.31972
2012-09-29 09:00:00,229.53964
2012-09-29 10:00:00,298.4785
2012-09-29 11:00:00,329.72815
2012-09-29 12:00:00,458.41873
2012-09-29 13:00:00,458.41873
2012-09-29 14:00:00,455.8508
2012-09-29 15:00:00,438.03625
2012-09-29 16:00:00,454.14853
2012-09-29 17:00:00,468.03024
2012-09-29 18:00:00,364.2062
2012-09-29 19:00:00,283.73465
2012-09-29 20:00:00,290.99005
2012-09-29 21:00:00,274.6618
2012-09-29 22:00:00,210.73883
2012-09-29 23:00:00,231.5958
2012-09-30 00:00:00,220.05927
2012-09-30 01:00:00,220.05927
2012-09-30 02:00:00,192.42126
2012-09-30 03:00:00,171.89203
2012-09-30 04:00:00,171.89203
2012-09-30 05:00:00,141.4301
2012-09-30 06:00:00,139.60101
2012-09-30 07:00:00,121.353195
2012-09-30 08:00:00,180.42444
2012-09-30 09:00:00,217.54591
2012-09-30 10:00:00,366.92337
2012-09-30 11:00:00,434.25064
2012-09-30 12:00:00,458.41873
2012-09-30 13:00:00,454.14853
2012-09-30 14:00:00,454.14853
2012-09-30 15:00:00,480.4197
2012-09-30 16:00:00,474.05612
2012-09-30 17:00:00,485.9625
2012-09-30 18:00:00,260.85846
2012-09-30 19:00:00,210.05743
2012-09-30 20:00:00,210.05743
2012-09-30 21:00:00,173.90245
2012-09-30 22:00:00,152.41956
2012-09-30 23:00:00,152.13272
2012-10-20 00:00:00,114.38631
2012-10-20 01:00:00,147.90541
2012-10-20 02:00:00,116.18471
2012-10-20 03:00:00,115.03973
2012-10-20 04:00:00,141.4301
2012-10-20 05:00:00,99.14602
2012-10-20 06:00:00,140.10106
2012-10-20 07:00:00,99.14602
2012-10-20 08:00:00,176.30112
2012-10-20 09:00:00,240.02187
2012-10-20 10:00:00,296.62485
2012-10-20 11:00:00,322.19876
2012-10-20 12:00:00,347.8922
2012-10-20 13:00:00,375.90527
2012-10-20 14:00:00,380.5288
2012-10-20 15:00:00,359.22263
2012-10-20 16:00:00,381.1031
2012-10-20 17:00:00,414.46542
2012-10-20 18:00:00,391.48108
2012-10-20 19:00:00,334.95645
2012-10-20 20:00:00,379.9062
2012-10-20 21:00:00,309.15457
2012-10-20 22:00:00,262.20108
2012-10-20 23:00:00,198.96515
2012-10-21 00:00:00,254.54189
2012-10-21 01:00:00,221.83691
2012-10-21 02:00:00,185.90146
2012-10-21 03:00:00,149.06848
2012-10-21 04:00:00,111.275856
2012-10-21 05:00:00,149.06848
2012-10-21 06:00:00,173.708
2012-10-21 07:00:00,173.708
2012-10-21 08:00:00,156.9233
2012-10-21 09:00:00,256.89923
2012-10-21 10:00:00,312.59207
2012-10-21 11:00:00,345.81528
2012-10-21 12:00:00,394.5864
2012-10-21 13:00:00,427.61362
2012-10-21 14:00:00,429.29547
2012-10-21 15:00:00,434.2879
2012-10-21 16:00:00,414.46542
2012-10-21 17:00:00,391.58133
2012-10-21 18:00:00,388.62082
2012-10-21 19:00:00,356.48062
2012-10-21 20:00:00,339.68912
2012-10-21 21:00:00,245.50023
2012-10-21 22:00:00,220.2503
2012-10-21 23:00:00,227.45251
2012-10-22 00:00:00,191.2826
2012-10-22 01:00:00,154.52579
2012-10-22 02:00:00,149.4809
2012-10-22 03:00:00,191.2826
2012-10-22 04:00:00,169.07124
2012-10-22 05:00:00,122.73931
2012-10-22 06:00:00,113.34693
2012-10-22 07:00:00,172.12468
2012-10-22 08:00:00,179.61974
2012-10-22 09:00:00,213.58502
2012-10-22 10:00:00,248.63374
2012-10-22 11:00:00,372.44553
2012-10-22 12:00:00,353.05954
2012-10-22 13:00:00,384.2429
2012-10-22 14:00:00,393.11386
2012-10-22 15:00:00,384.26428
2012-10-22 16:00:00,388.80664
2012-10-22 17:00:00,361.80417
2012-10-22 18:00:00,235.68718
2012-10-22 19:00:00,294.99277
2012-10-22 20:00:00,251.38254
2012-10-22 21:00:00,198.11081
2012-10-22 22:00:00,130.90114
2012-10-22 23:00:00,125.59023
2012-10-23 00:00:00,127.19022
2012-10-23 01:00:00,153.80658
2012-10-23 02:00:00,120.69463
2012-10-23 03:00:00,140.9275
2012-10-23 04:00:00,131.25533
2012-10-23 05:00:00,136.97847
2012-10-23 06:00:00,115.76615
2012-10-23 07:00:00,161.41864
2012-10-23 08:00:00,193.20619
2012-10-23 09:00:00,206.02686
2012-10-23 10:00:00,235.66881
2012-10-23 11:00:00,314.59854
2012-10-23 12:00:00,365.17108
2012-10-23 13:00:00,374.30975
2012-10-23 14:00:00,391.54974
2012-10-23 15:00:00,419.67966
2012-10-23 16:00:00,352.862
2012-10-23 17:00:00,364.01315
2012-10-23 18:00:00,319.5384
2012-10-23 19:00:00,306.20865
2012-10-23 20:00:00,257.26215
2012-10-23 21:00:00,203.97433
2012-10-23 22:00:00,219.35953
2012-10-23 23:00:00,185.9479
2012-10-24 00:00:00,183.55087
2012-10-24 01:00:00,199.15929
2012-10-24 02:00:00,199.15929
2012-10-24 03:00:00,155.48132
2012-10-24 04:00:00,155.48132
2012-10-24 05:00:00,137.03355
2012-10-24 06:00:00,129.04303
2012-10-24 07:00:00,122.22852
2012-10-24 08:00:00,158.36644
2012-10-24 09:00:00,185.77411
2012-10-24 10:00:00,203.96915
2012-10-24 11:00:00,227.58293
2012-10-24 12:00:00,288.5798
2012-10-24 13:00:00,312.59848
2012-10-24 14:00:00,420.31137
2012-10-24 15:00:00,364.78275
2012-10-24 16:00:00,379.7151
2012-10-24 17:00:00,343.76776
2012-10-24 18:00:00,351.8394
2012-10-24 19:00:00,339.89407
2012-10-24 20:00:00,310.92825
2012-10-24 21:00:00,311.84866
2012-10-24 22:00:00,302.1866
2012-10-24 23:00:00,249.56293
2012-10-25 00:00:00,299.00418
2012-10-25 01:00:00,208.7327
2012-10-25 02:00:00,162.83038
2012-10-25 03:00:00,140.82715
2012-10-25 04:00:00,137.63144
2012-10-25 05:00:00,147.22586
2012-10-25 06:00:00,153.1674
2012-10-25 07:00:00,153.1674
2012-10-25 08:00:00,164.71436
2012-10-25 09:00:00,167.75668
2012-10-25 10:00:00,166.70761
2012-10-25 11:00:00,164.25574
2012-10-25 12:00:00,192.42528
2012-10-25 13:00:00,188.7136
2012-10-25 14:00:00,224.05243
2012-10-25 15:00:00,278.1194
2012-10-25 16:00:00,256.7835
2012-10-25 17:00:00,256.7835
2012-10-25 18:00:00,145.2572
2012-10-25 19:00:00,161.27484
2012-10-25 20:00:00,140.82715
2012-10-25 21:00:00,140.82715
2012-10-25 22:00:00,163.61465
2012-10-25 23:00:00,166.70757
2012-10-26 00:00:00,188.35355
2012-10-26 01:00:00,136.97974
2012-10-26 02:00:00,137.63144
2012-10-26 03:00:00,147.22586
2012-10-26 04:00:00,147.22586
2012-10-26 05:00:00,137.63144
2012-10-26 06:00:00,136.97974
2012-10-26 07:00:00,137.63144
2012-10-26 08:00:00,144.71538
2012-10-26 09:00:00,144.71538
2012-10-26 10:00:00,141.87181
2012-10-26 11:00:00,204.39183
2012-10-26 12:00:00,248.09508
2012-10-26 13:00:00,259.55185
2012-10-26 14:00:00,302.1866
2012-10-26 15:00:00,311.84866
2012-10-26 16:00:00,240.15218
2012-10-26 17:00:00,222.84074
2012-10-26 18:00:00,196.68364
2012-10-26 19:00:00,171.46199
2012-10-26 20:00:00,171.462
2012-10-26 21:00:00,195.73535
2012-10-26 22:00:00,160.1774
2012-10-26 23:00:00,148.4543
2012-10-27 00:00:00,114.0112
2012-10-27 01:00:00,120.79452
2012-10-27 02:00:00,128.37106
2012-10-27 03:00:00,118.03552
2012-10-27 04:00:00,124.06291
2012-10-27 05:00:00,143.4927
2012-10-27 06:00:00,143.4927
2012-10-27 07:00:00,126.12951
2012-10-27 08:00:00,161.00493
2012-10-27 09:00:00,161.00493
2012-10-27 10:00:00,195.27496
2012-10-27 11:00:00,260.19006
2012-10-27 12:00:00,374.612
2012-10-27 13:00:00,438.03625
2012-10-27 14:00:00,418.84763
2012-10-27 15:00:00,290.17007
2012-10-27 16:00:00,268.35043
2012-10-27 17:00:00,268.35043
2012-10-27 18:00:00,268.35043
2012-10-27 19:00:00,205.03084
2012-10-27 20:00:00,205.03084
2012-10-27 21:00:00,205.03084
2012-10-27 22:00:00,202.3703
2012-10-27 23:00:00,220.79227
2012-10-28 00:00:00,231.9073
2012-10-28 01:00:00,190.9374
2012-10-28 02:00:00,211.67868
2012-10-28 03:00:00,237.7313
2012-10-28 04:00:00,235.78148
2012-10-28 05:00:00,239.69278
2012-10-28 06:00:00,257.8364
2012-10-28 07:00:00,261.4439
2012-10-28 08:00:00,252.21983
2012-10-28 09:00:00,267.0462
2012-10-28 10:00:00,274.64584
2012-10-28 11:00:00,287.60187
2012-10-28 12:00:00,239.63872
2012-10-28 13:00:00,240.10791
2012-10-28 14:00:00,247.5514
2012-10-28 15:00:00,235.16647
2012-10-28 16:00:00,216.12148
2012-10-28 17:00:00,190.86626
2012-10-28 18:00:00,129.32843
2012-10-28 19:00:00,118.72841
2012-10-28 20:00:00,126.502914
2012-10-28 21:00:00,140.58981
2012-10-28 22:00:00,133.69852
2012-10-28 23:00:00,118.72841
2012-10-29 00:00:00,153.5583
2012-10-30 13:00:00,114.25323
2012-10-30 14:00:00,114.25323
2012-10-30 15:00:00,103.70998
2012-10-30 16:00:00,103.70998
2012-10-30 17:00:00,103.218506
2012-10-30 18:00:00,105.16734
2012-10-30 19:00:00,244.35957
2012-10-30 20:00:00,104.817276
2012-10-30 21:00:00,103.45137
2012-10-30 22:00:00,101.735374
2012-10-30 23:00:00,101.735374
2012-10-31 00:00:00,106.03325
2012-10-31 01:00:00,105.52244
2012-10-31 02:00:00,104.803314
2012-10-31 03:00:00,106.03325
2012-10-31 04:00:00,101.702484
2012-10-31 05:00:00,104.803314
2012-10-31 06:00:00,103.65187
2012-10-31 07:00:00,102.11137
2012-10-31 08:00:00,106.4999
2012-10-31 09:00:00,111.12418
2012-10-31 10:00:00,143.0516
2012-10-31 11:00:00,163.2348
2012-10-31 12:00:00,237.47
2012-10-31 13:00:00,278.90274
2012-10-31 14:00:00,286.20886
2012-10-31 15:00:00,266.25986
2012-10-31 16:00:00,269.40637
2012-10-31 17:00:00,254.04924
2012-10-31 18:00:00,254.04924
2012-10-31 19:00:00,284.79172
2012-10-31 20:00:00,284.79172
2012-10-31 21:00:00,284.79172
2012-10-31 22:00:00,205.48273
2012-10-31 23:00:00,206.29742
2012-11-20 00:00:00,121.51566
2012-11-20 01:00:00,149.19987
2012-11-20 02:00:00,114.18434
2012-11-20 03:00:00,141.82478
2012-11-20 04:00:00,155.42052
2012-11-20 05:00:00,160.09671
2012-11-20 06:00:00,134.40419
2012-11-20 07:00:00,106.53044
2012-11-20 08:00:00,120.54293
2012-11-20 09:00:00,166.83778
2012-11-20 10:00:00,203.52847
2012-11-20 11:00:00,206.19736
2012-11-20 12:00:00,200.98694
2012-11-20 13:00:00,246.07397
2012-11-20 14:00:00,263.29193
2012-11-20 15:00:00,286.58994
2012-11-20 16:00:00,232.23163
2012-11-20 17:00:00,179.12607
2012-11-20 18:00:00,203.52847
2012-11-20 19:00:00,179.35956
2012-11-20 20:00:00,153.33853
2012-11-20 21:00:00,143.76886
2012-11-20 22:00:00,143.76886
2012-11-20 23:00:00,104.65035
2012-11-21 00:00:00,105.60419
2012-11-21 01:00:00,104.65035
2012-11-21 02:00:00,95.27172
2012-11-21 03:00:00,95.27172
2012-11-21 04:00:00,95.27172
2012-11-21 05:00:00,95.27172
2012-11-21 06:00:00,96.75171
2012-11-21 07:00:00,94.23777
2012-11-21 08:00:00,102.729385
2012-11-21 09:00:00,106.53044
2012-11-21 10:00:00,179.9293
2012-11-21 11:00:00,276.31946
2012-11-21 12:00:00,328.19064
2012-11-21 13:00:00,353.54138
2012-11-21 14:00:00,366.09232
2012-11-21 15:00:00,333.5634
2012-11-21 16:00:00,348.7592
2012-11-21 17:00:00,319.0729
2012-11-21 18:00:00,320.74042
2012-11-21 19:00:00,297.34955
2012-11-21 20:00:00,176.63588
2012-11-21 21:00:00,235.96727
2012-11-21 22:00:00,234.32791
2012-11-21 23:00:00,171.52202
2012-11-22 00:00:00,112.91538
2012-11-22 01:00:00,101.16018
2012-11-22 02:00:00,77.63129
2012-11-22 03:00:00,77.84711
2012-11-22 04:00:00,69.73414
2012-11-22 05:00:00,77.84711
2012-11-22 06:00:00,84.492645
2012-11-22 07:00:00,73.122986
2012-11-22 08:00:00,75.993805
2012-11-22 09:00:00,126.01332
2012-11-22 10:00:00,185.01678
2012-11-22 11:00:00,327.85956
2012-11-22 12:00:00,369.72
2012-11-22 13:00:00,400.41547
2012-11-22 14:00:00,415.47244
2012-11-22 15:00:00,415.47244
2012-11-22 16:00:00,390.16257
2012-11-22 17:00:00,369.72
2012-11-22 18:00:00,288.37332
2012-11-22 19:00:00,101.224236
2012-11-22 20:00:00,114.36975
2012-11-22 21:00:00,150.7747
2012-11-22 22:00:00,152.59427
2012-11-22 23:00:00,104.60875
2012-11-23 00:00:00,140.98633
2012-11-23 01:00:00,98.52596
2012-11-23 02:00:00,98.284775
2012-11-23 03:00:00,115.67402
2012-11-23 04:00:00,94.32341
2012-11-23 05:00:00,94.3653
2012-11-23 06:00:00,94.3653
2012-11-23 07:00:00,94.3653
2012-11-23 08:00:00,89.79126
2012-11-23 09:00:00,99.70057
2012-11-23 10:00:00,174.40753
2012-11-23 11:00:00,276.31946
2012-11-23 12:00:00,337.46808
2012-11-23 13:00:00,342.6073
2012-11-23 14:00:00,374.93988
2012-11-23 15:00:00,342.81564
2012-11-23 16:00:00,342.458
2012-11-23 17:00:00,347.67828
2012-11-23 18:00:00,316.11218
2012-11-23 19:00:00,325.20844
2012-11-23 20:00:00,316.9592
2012-11-23 21:00:00,303.74826
2012-11-23 22:00:00,315.95764
2012-11-23 23:00:00,298.84912
2012-11-24 00:00:00,298.06024
2012-11-24 01:00:00,219.01941
2012-11-24 02:00:00,213.98572
2012-11-24 03:00:00,203.18047
2012-11-24 04:00:00,184.95013
2012-11-24 05:00:00,188.6303
2012-11-24 06:00:00,163.33401
2012-11-24 07:00:00,194.12753
2012-11-24 08:00:00,178.06956
2012-11-24 09:00:00,185.38728
2012-11-24 10:00:00,180.82195
2012-11-24 11:00:00,215.57272
2012-11-24 12:00:00,200.2869
2012-11-24 13:00:00,256.38834
2012-11-24 14:00:00,242.07617
2012-11-24 15:00:00,222.13232
2012-11-24 16:00:00,204.80348
2012-11-24 17:00:00,188.58708
2012-11-24 18:00:00,200.22891
2012-11-24 19:00:00,200.77554
2012-11-24 20:00:00,163.33401
2012-11-24 21:00:00,174.24965
2012-11-24 22:00:00,169.93184
2012-11-24 23:00:00,174.24965
2012-11-25 00:00:00,141.45027
2012-11-25 01:00:00,168.51456
2012-11-25 02:00:00,158.66434
2012-11-25 03:00:00,198.14003
2012-11-25 04:00:00,198.14003
2012-11-25 05:00:00,164.76666
2012-11-25 06:00:00,184.66614
2012-11-25 07:00:00,160.49858
2012-11-25 08:00:00,136.41455
2012-11-25 09:00:00,157.97696
2012-11-25 10:00:00,146.88663
2012-11-25 11:00:00,220.861
2012-11-25 12:00:00,220.861
2012-11-25 13:00:00,229.49005
2012-11-25 14:00:00,234.13037
2012-11-25 15:00:00,226.19882
2012-11-25 16:00:00,247.83183
2012-11-25 17:00:00,229.88298
2012-11-25 18:00:00,197.69049
2012-11-25 19:00:00,233.00235
2012-11-25 20:00:00,126.727066
2012-11-25 21:00:00,194.05194
2012-11-25 22:00:00,126.727066
2012-11-25 23:00:00,83.99686
2012-11-26 00:00:00,107.0
2012-11-26 01:00:00,101.1133
2012-11-26 02:00:00,101.1133
2012-11-26 03:00:00,101.1133
2012-11-26 04:00:00,107.0
2012-11-26 05:00:00,96.20337
2012-11-26 06:00:00,107.0
2012-11-26 07:00:00,127.79431
2012-11-26 08:00:00,127.79431
2012-11-26 09:00:00,176.73355
2012-11-26 10:00:00,227.46396
2012-11-26 11:00:00,312.19452
2012-11-26 12:00:00,330.21964
2012-11-26 13:00:00,330.21964
2012-11-26 14:00:00,320.32147
2012-11-26 15:00:00,328.02112
2012-11-26 16:00:00,337.26645
2012-11-26 17:00:00,329.8896
2012-11-26 18:00:00,250.24948
2012-11-26 19:00:00,215.12672
2012-11-26 20:00:00,234.32791
2012-11-26 21:00:00,234.32791
2012-11-26 22:00:00,171.52202
2012-11-26 23:00:00,159.10196
2012-11-27 00:00:00,160.3314
2012-11-27 01:00:00,134.75305
2012-11-27 02:00:00,129.74579
2012-11-27 03:00:00,150.3984
2012-11-27 04:00:00,106.80715
2012-11-27 05:00:00,105.41264
2012-11-27 06:00:00,106.64542
2012-11-27 07:00:00,108.51547
2012-11-27 08:00:00,112.86759
2012-11-27 09:00:00,110.21423
2012-11-27 10:00:00,113.79776
2012-11-27 11:00:00,102.33024
2012-11-27 12:00:00,104.31929
2012-11-27 13:00:00,100.07036
2012-11-27 14:00:00,101.895
2012-11-27 15:00:00,116.98464
2012-11-27 16:00:00,116.98464
2012-11-27 17:00:00,126.88114
2012-11-27 18:00:00,100.639275
2012-11-27 19:00:00,110.98362
2012-11-27 20:00:00,105.26848
2012-11-27 21:00:00,91.663
2012-11-27 22:00:00,92.301384
2012-11-27 23:00:00,96.71634
2012-11-28 00:00:00,102.20788
2012-11-28 01:00:00,103.14043
2012-11-28 02:00:00,103.14043
2012-11-28 03:00:00,111.764275
2012-11-28 04:00:00,109.45601
2012-11-28 05:00:00,109.67471
2012-11-28 06:00:00,122.874016
2012-11-28 07:00:00,157.0063
2012-11-28 08:00:00,123.71103
2012-11-28 09:00:00,182.8826
2012-11-28 10:00:00,227.9282
2012-11-28 11:00:00,256.18054
2012-11-28 12:00:00,231.2916
2012-11-28 13:00:00,272.57193
2012-11-28 14:00:00,265.62546
2012-11-28 15:00:00,293.79446
2012-11-28 16:00:00,322.23026
2012-11-28 17:00:00,323.86322
2012-11-28 18:00:00,279.61865
2012-11-28 19:00:00,295.48465
2012-11-28 20:00:00,302.87195
2012-11-28 21:00:00,273.3857
2012-11-28 22:00:00,229.75946
2012-11-28 23:00:00,206.79346
2012-11-29 00:00:00,148.26778
2012-11-29 01:00:00,107.13131
2012-11-29 02:00:00,125.097824
2012-11-29 04:00:00,88.18405
2012-11-29 05:00:00,101.1133
2012-11-29 06:00:00,107.0
2012-11-29 07:00:00,118.74237
2012-11-29 08:00:00,91.45135
2012-11-29 09:00:00,147.80563
2012-11-29 10:00:00,126.87671
2012-11-29 11:00:00,297.93234
2012-11-29 12:00:00,295.8798
2012-11-29 13:00:00,338.23584
2012-11-29 14:00:00,271.10306
2012-11-29 15:00:00,254.45924
2012-11-29 16:00:00,284.42566
2012-11-29 17:00:00,285.4774
2012-11-29 18:00:00,235.50624
2012-11-29 19:00:00,195.9965
2012-11-29 20:00:00,205.97507
2012-11-29 21:00:00,113.41551
2012-11-29 22:00:00,102.63464
2012-11-29 23:00:00,158.04779
2012-11-30 00:00:00,103.58281
2012-11-30 01:00:00,96.161514
2012-11-30 02:00:00,96.16421
2012-11-30 03:00:00,96.16421
2012-11-30 04:00:00,93.52163
2012-11-30 05:00:00,90.48365
2012-11-30 06:00:00,89.4821
2012-11-30 07:00:00,92.522606
2012-11-30 08:00:00,94.51283
2012-11-30 09:00:00,93.45397
2012-11-30 10:00:00,171.12663
2012-11-30 11:00:00,243.34937
2012-11-30 12:00:00,287.73514
2012-11-30 13:00:00,332.36777
2012-11-30 14:00:00,329.2832
2012-11-30 15:00:00,339.9096
2012-11-30 16:00:00,303.7206
2012-11-30 17:00:00,247.08105
2012-11-30 18:00:00,202.91418
2012-11-30 19:00:00,150.92625
2012-11-30 20:00:00,150.92625
2012-11-30 21:00:00,104.13587
2012-11-30 22:00:00,110.00882
2012-11-30 23:00:00,111.596825
2012-12-20 00:00:00,168.68744
2012-12-20 01:00:00,150.92625
2012-12-20 02:00:00,150.92625
2012-12-20 03:00:00,129.68834
2012-12-20 04:00:00,129.68834
2012-12-20 05:00:00,128.2902
2012-12-20 06:00:00,171.12663
2012-12-20 07:00:00,149.55818
2012-12-20 08:00:00,149.55818
2012-12-20 09:00:00,149.55818
2012-12-20 10:00:00,167.42827
2012-12-20 11:00:00,198.41623
2012-12-20 12:00:00,246.91333
2012-12-20 13:00:00,220.21936
2012-12-20 14:00:00,241.01526
2012-12-20 15:00:00,208.52177
2012-12-20 16:00:00,197.5769
2012-12-20 17:00:00,155.42052
2012-12-20 18:00:00,135.59187
2012-12-20 19:00:00,140.61307
2012-12-20 20:00:00,126.9327
2012-12-20 21:00:00,126.9327
2012-12-20 22:00:00,112.69549
2012-12-20 23:00:00,149.90189
2012-12-21 00:00:00,93.36562
2012-12-21 01:00:00,103.56267
2012-12-21 02:00:00,101.245544
2012-12-21 03:00:00,101.245544
2012-12-21 04:00:00,105.49163
2012-12-21 05:00:00,87.80142
2012-12-21 06:00:00,126.20682
2012-12-21 07:00:00,92.34054
2012-12-21 08:00:00,97.4065
2012-12-21 09:00:00,134.29794
2012-12-21 10:00:00,141.1048
2012-12-21 11:00:00,133.31992
2012-12-21 12:00:00,134.66202
2012-12-21 13:00:00,138.34425
2012-12-21 14:00:00,140.0354
2012-12-21 15:00:00,125.07436
2012-12-21 16:00:00,126.2713
2012-12-21 17:00:00,82.917465
2012-12-21 18:00:00,80.82445
2012-12-21 19:00:00,110.39273
2012-12-21 20:00:00,114.95143
2012-12-21 21:00:00,117.60597
2012-12-21 22:00:00,103.81622
2012-12-21 23:00:00,104.82237
2012-12-22 00:00:00,115.84874
2012-12-22 01:00:00,109.03098
2012-12-22 02:00:00,113.702484
2012-12-22 03:00:00,100.8824
2012-12-22 04:00:00,71.43544
2012-12-22 05:00:00,100.77739
2012-12-22 06:00:00,109.37613
2012-12-22 07:00:00,109.37613
2012-12-22 08:00:00,116.63172
2012-12-22 09:00:00,96.711075
2012-12-22 10:00:00,85.68538
2012-12-22 11:00:00,120.08892
2012-12-22 12:00:00,126.25421
2012-12-22 13:00:00,149.96332
2012-12-22 14:00:00,150.84398
2012-12-22 15:00:00,143.25964
2012-12-22 16:00:00,137.39906
2012-12-22 17:00:00,111.44945
2012-12-22 18:00:00,110.21607
2012-12-22 19:00:00,83.84193
2012-12-22 20:00:00,64.05438
2012-12-22 21:00:00,63.628498
2012-12-22 22:00:00,63.628498
2012-12-22 23:00:00,58.588833
2012-12-23 00:00:00,70.74413
2012-12-23 01:00:00,63.06209
2012-12-23 02:00:00,52.354443
2012-12-23 03:00:00,51.59791
2012-12-23 04:00:00,54.67957
2012-12-23 05:00:00,58.11056
2012-12-23 06:00:00,42.1641
2012-12-23 07:00:00,42.1641
2012-12-23 08:00:00,37.961082
2012-12-23 09:00:00,48.573246
2012-12-23 10:00:00,46.65789
2012-12-23 11:00:00,58.985863
2012-12-23 12:00:00,101.47897
2012-12-23 13:00:00,124.31423
2012-12-23 14:00:00,165.24617
2012-12-23 15:00:00,161.2399
2012-12-23 16:00:00,161.9926
2012-12-23 17:00:00,90.99159
2012-12-23 18:00:00,89.785805
2012-12-23 19:00:00,81.574875
2012-12-23 20:00:00,60.340794
2012-12-23 21:00:00,57.20877
2012-12-23 22:00:00,54.00719
2012-12-23 23:00:00,59.648075
2012-12-24 00:00:00,69.04439
2012-12-24 01:00:00,69.04438
2012-12-24 02:00:00,66.5045
2012-12-24 03:00:00,66.5045
2012-12-24 05:00:00,54.64226
2012-12-24 06:00:00,66.5045
2012-12-24 07:00:00,67.65462
2012-12-24 08:00:00,69.04438
2012-12-24 09:00:00,72.11728
2012-12-24 10:00:00,79.09393
2012-12-24 11:00:00,73.75824
2012-12-24 12:00:00,84.00354
2012-12-24 13:00:00,68.78463
2012-12-24 14:00:00,66.57995
2012-12-24 15:00:00,54.856724
2012-12-24 16:00:00,54.856724
2012-12-24 17:00:00,58.720207
2012-12-24 18:00:00,64.89978
2012-12-24 19:00:00,60.741177
2012-12-24 20:00:00,61.259624
2012-12-24 21:00:00,65.43843
2012-12-24 22:00:00,71.15297
2012-12-24 23:00:00,75.475914
2012-12-25 00:00:00,47.117775
2012-12-25 01:00:00,42.755367
2012-12-25 02:00:00,42.755367
2012-12-25 04:00:00,45.70189
2012-12-25 05:00:00,40.613255
2012-12-25 06:00:00,40.613255
2012-12-25 07:00:00,38.6517
2012-12-25 08:00:00,54.6745
2012-12-25 09:00:00,50.919792
2012-12-25 10:00:00,55.055458
2012-12-25 11:00:00,53.816776
2012-12-25 12:00:00,56.020237
2012-12-25 13:00:00,144.11282
2012-12-25 14:00:00,143.05774
2012-12-25 15:00:00,106.6729
2012-12-25 16:00:00,106.07412
2012-12-25 17:00:00,74.70211
2012-12-25 18:00:00,63.030678
2012-12-25 19:00:00,60.715317
2012-12-25 20:00:00,65.18897
2012-12-25 21:00:00,56.006348
2012-12-25 22:00:00,54.329502
2012-12-25 23:00:00,55.226776
2012-12-26 00:00:00,76.52403
2012-12-26 01:00:00,71.2621
2012-12-26 02:00:00,71.2621
2012-12-26 03:00:00,66.19739
2012-12-26 04:00:00,63.785275
2012-12-26 05:00:00,60.44169
2012-12-26 06:00:00,59.767212
2012-12-26 07:00:00,47.00398
2012-12-26 08:00:00,47.00398
2012-12-26 09:00:00,47.00398
2012-12-26 10:00:00,47.540565
2012-12-26 11:00:00,47.435493
2012-12-26 12:00:00,49.467716
2012-12-26 13:00:00,49.467716
2012-12-26 14:00:00,50.597263
2012-12-26 15:00:00,55.035854
2012-12-26 16:00:00,55.035854
2012-12-26 17:00:00,53.115147
2012-12-26 18:00:00,57.247883
2012-12-26 19:00:00,66.70515
2012-12-26 20:00:00,65.455246
2012-12-26 21:00:00,62.60628
2012-12-26 22:00:00,49.148716
2012-12-26 23:00:00,55.564587
2012-12-27 00:00:00,55.564587
2012-12-27 01:00:00,49.148716
2012-12-27 02:00:00,53.58269
2012-12-27 03:00:00,54.652634
2012-12-27 04:00:00,52.561543
2012-12-27 05:00:00,61.9537
2012-12-27 06:00:00,75.57775
2012-12-27 07:00:00,61.66567
2012-12-27 08:00:00,76.59151
2012-12-27 09:00:00,93.54558
2012-12-27 10:00:00,107.696785
2012-12-27 11:00:00,102.68152
2012-12-27 12:00:00,123.85122
2012-12-27 13:00:00,123.85122
2012-12-27 14:00:00,98.19098
2012-12-27 15:00:00,93.80658
2012-12-27 16:00:00,87.20512
2012-12-27 17:00:00,87.20512
2012-12-27 18:00:00,70.91891
2012-12-27 19:00:00,71.23069
2012-12-27 20:00:00,69.40291
2012-12-27 21:00:00,70.91891
2012-12-27 22:00:00,71.04888
2012-12-27 23:00:00,70.91891
2012-12-28 00:00:00,70.33988
2012-12-28 01:00:00,67.92239
2012-12-28 02:00:00,71.05518
2012-12-28 03:00:00,70.33988
2012-12-28 04:00:00,74.164505
2012-12-28 05:00:00,74.163635
2012-12-28 06:00:00,65.26376
2012-12-28 07:00:00,64.08958
2012-12-28 08:00:00,70.848656
2012-12-28 09:00:00,71.04888
2012-12-28 10:00:00,79.57142
2012-12-28 11:00:00,90.27024
2012-12-28 12:00:00,97.22357
2012-12-28 13:00:00,97.22357
2012-12-28 14:00:00,97.22357
2012-12-28 15:00:00,92.16286
2012-12-28 16:00:00,94.22031
2012-12-28 17:00:00,69.46318
2012-12-28 18:00:00,69.46318
2012-12-28 19:00:00,65.68423
2012-12-28 20:00:00,72.11728
2012-12-28 21:00:00,66.27051
2012-12-28 22:00:00,70.586174
2012-12-28 23:00:00,72.26066
2012-12-29 00:00:00,55.341015
2012-12-29 01:00:00,49.268322
2012-12-29 02:00:00,55.341015
2012-12-29 03:00:00,53.895542
2012-12-29 04:00:00,49.268322
2012-12-29 05:00:00,49.268322
2012-12-29 06:00:00,50.847195
2012-12-29 07:00:00,49.94257
2012-12-29 08:00:00,53.12808
2012-12-29 09:00:00,53.128075
2012-12-29 10:00:00,48.454334
2012-12-29 11:00:00,48.787804
2012-12-29 12:00:00,54.600857
2012-12-29 13:00:00,54.600857
2012-12-29 14:00:00,48.023853
2012-12-29 15:00:00,52.61282
2012-12-29 16:00:00,49.48292
2012-12-29 17:00:00,47.717823
2012-12-29 18:00:00,50.838116
2012-12-29 19:00:00,62.297783
2012-12-29 20:00:00,106.04699
2012-12-29 21:00:00,95.73311
2012-12-29 22:00:00,81.03331
2012-12-29 23:00:00,58.371243
2012-12-30 00:00:00,57.74463
2012-12-30 01:00:00,79.9147
2012-12-30 02:00:00,65.849556
2012-12-30 03:00:00,79.9147
2012-12-30 04:00:00,64.351715
2012-12-30 05:00:00,80.18138
2012-12-30 06:00:00,78.51277
2012-12-30 07:00:00,67.73739
2012-12-30 08:00:00,86.45269
2012-12-30 09:00:00,79.26593
2012-12-30 10:00:00,119.47066
2012-12-30 11:00:00,115.36351
2012-12-30 12:00:00,125.61899
2012-12-30 13:00:00,126.25421
2012-12-30 14:00:00,143.47357
2012-12-30 15:00:00,123.48715
2012-12-30 16:00:00,128.00662
2012-12-30 17:00:00,105.619514
2012-12-30 18:00:00,84.01952
2012-12-30 19:00:00,67.24231
2012-12-30 20:00:00,74.5937
2012-12-30 21:00:00,52.354443
2012-12-30 22:00:00,47.649044
2012-12-30 23:00:00,54.046177
2012-12-31 00:00:00,60.894485
2012-12-31 01:00:00,60.894485
2012-12-31 02:00:00,54.829792
2012-12-31 03:00:00,58.59922
2012-12-31 04:00:00,52.793507
2012-12-31 05:00:00,50.50624
2012-12-31 06:00:00,52.19241
2012-12-31 07:00:00,55.297977
2012-12-31 08:00:00,49.28921
2012-12-31 09:00:00,63.897243
2012-12-31 10:00:00,60.53485
2012-12-31 11:00:00,66.8695
2012-12-31 12:00:00,71.1059
2012-12-31 13:00:00,95.51749
2012-12-31 14:00:00,103.7731
2012-12-31 15:00:00,100.36082
2012-12-31 16:00:00,90.029816
2012-12-31 17:00:00,90.46111
2012-12-31 18:00:00,88.53992
2012-12-31 19:00:00,73.75824
2012-12-31 20:00:00,73.75824
2012-12-31 21:00:00,72.66603
2012-12-31 22:00:00,76.783615
2012-12-31 23:00:00,72.15884
