datetime,count
2011-01-20 00:00:00,123.47673
2011-01-20 01:00:00,77.40404
2011-01-20 02:00:00,77.40404
2011-01-20 03:00:00,80.601715
2011-01-20 04:00:00,80.601715
2011-01-20 05:00:00,83.14025
2011-01-20 06:00:00,82.26692
2011-01-20 07:00:00,79.88242
2011-01-20 08:00:00,89.15116
2011-01-20 09:00:00,60.3519
2011-01-20 10:00:00,122.82638
2011-01-20 11:00:00,81.289116
2011-01-20 12:00:00,119.67177
2011-01-20 13:00:00,77.39416
2011-01-20 14:00:00,87.00251
2011-01-20 15:00:00,101.387276
2011-01-20 16:00:00,81.451706
2011-01-20 17:00:00,84.04473
2011-01-20 18:00:00,63.81376
2011-01-20 19:00:00,114.103195
2011-01-20 20:00:00,66.99095
2011-01-20 21:00:00,62.356297
2011-01-20 22:00:00,61.186596
2011-01-20 23:00:00,63.811
2011-01-21 00:00:00,64.17153
2011-01-21 01:00:00,64.17153
2011-01-21 02:00:00,60.45822
2011-01-21 03:00:00,41.39394
2011-01-21 04:00:00,83.32559
2011-01-21 05:00:00,92.67645
2011-01-21 06:00:00,84.547745
2011-01-21 07:00:00,88.17351
2011-01-21 08:00:00,100.56424
2011-01-21 09:00:00,88.68018
2011-01-21 10:00:00,77.01369
2011-01-21 11:00:00,64.92895
2011-01-21 12:00:00,53.65911
2011-01-21 13:00:00,81.40185
2011-01-21 14:00:00,41.057156
2011-01-21 15:00:00,31.360487
2011-01-21 16:00:00,63.843857
2011-01-21 17:00:00,48.269382
2011-01-21 18:00:00,72.71924
2011-01-21 19:00:00,41.34042
2011-01-21 20:00:00,47.081375
2011-01-21 21:00:00,28.81754
2011-01-21 22:00:00,1.2439355
2011-01-21 23:00:00,10.539762
2011-01-22 00:00:00,0.0
2011-01-22 01:00:00,0.0
2011-01-22 02:00:00,0.0
2011-01-22 03:00:00,0.0
2011-01-22 04:00:00,0.0
2011-01-22 06:00:00,0.0
2011-01-22 07:00:00,0.0
2011-01-22 08:00:00,0.0
2011-01-22 09:00:00,0.0
2011-01-22 10:00:00,5.8391724
2011-01-22 11:00:00,11.497804
2011-01-22 12:00:00,21.144361
2011-01-22 13:00:00,50.812782
2011-01-22 14:00:00,46.571
2011-01-22 15:00:00,54.319412
2011-01-22 16:00:00,69.134544
2011-01-22 17:00:00,66.74554
2011-01-22 18:00:00,23.477428
2011-01-22 19:00:00,34.01818
2011-01-22 20:00:00,14.894865
2011-01-22 21:00:00,46.39106
2011-01-22 22:00:00,53.67691
2011-01-22 23:00:00,35.424076
2011-01-23 00:00:00,35.424076
2011-01-23 01:00:00,35.424076
2011-01-23 02:00:00,23.569635
2011-01-23 03:00:00,23.569635
2011-01-23 05:00:00,23.540798
2011-01-23 06:00:00,23.540798
2011-01-23 07:00:00,24.890923
2011-01-23 08:00:00,19.209703
2011-01-23 09:00:00,9.855348
2011-01-23 10:00:00,37.634285
2011-01-23 11:00:00,42.379623
2011-01-23 12:00:00,82.584785
2011-01-23 13:00:00,62.059196
2011-01-23 14:00:00,60.74971
2011-01-23 15:00:00,60.74971
2011-01-23 16:00:00,76.79925
2011-01-23 17:00:00,43.816074
2011-01-23 18:00:00,49.13832
2011-01-23 19:00:00,52.42179
2011-01-23 20:00:00,29.021498
2011-01-23 21:00:00,29.436474
2011-01-23 22:00:00,23.19021
2011-01-23 23:00:00,9.072421
2011-01-24 00:00:00,59.889008
2011-01-24 01:00:00,55.253933
2011-01-24 03:00:00,20.30402
2011-01-24 04:00:00,76.3758
2011-01-24 05:00:00,76.3758
2011-01-24 06:00:00,80.32713
2011-01-24 07:00:00,72.292076
2011-01-24 08:00:00,70.69103
2011-01-24 09:00:00,59.547283
2011-01-24 10:00:00,57.809883
2011-01-24 11:00:00,73.9046
2011-01-24 12:00:00,49.470078
2011-01-24 13:00:00,49.030304
2011-01-24 14:00:00,47.708527
2011-01-24 15:00:00,70.199615
2011-01-24 16:00:00,76.54228
2011-01-24 17:00:00,66.807655
2011-01-24 18:00:00,72.653595
2011-01-24 19:00:00,77.25109
2011-01-24 20:00:00,72.653595
2011-01-24 21:00:00,79.67029
2011-01-24 22:00:00,46.48623
2011-01-24 23:00:00,46.453598
2011-01-25 00:00:00,42.24309
2011-01-25 01:00:00,68.40475
2011-01-25 02:00:00,73.83294
2011-01-25 04:00:00,88.082726
2011-01-25 05:00:00,72.49
2011-01-25 06:00:00,86.99919
2011-01-25 07:00:00,75.10957
2011-01-25 08:00:00,74.850174
2011-01-25 09:00:00,67.17883
2011-01-25 10:00:00,64.61765
2011-01-25 11:00:00,64.74453
2011-01-25 12:00:00,73.54941
2011-01-25 13:00:00,68.9852
2011-01-25 14:00:00,115.9302
2011-01-25 15:00:00,130.60213
2011-01-25 16:00:00,130.60213
2011-01-25 17:00:00,114.48936
2011-01-25 18:00:00,83.97556
2011-01-25 19:00:00,70.96837
2011-01-25 20:00:00,86.08937
2011-01-25 21:00:00,86.08937
2011-01-25 22:00:00,82.130226
2011-01-25 23:00:00,68.76546
2011-01-26 00:00:00,68.83342
2011-01-26 01:00:00,67.42563
2011-01-26 02:00:00,50.942627
2011-01-26 05:00:00,37.161427
2011-01-26 06:00:00,37.161427
2011-01-26 07:00:00,40.855858
2011-01-26 08:00:00,40.855858
2011-01-26 09:00:00,40.855858
2011-01-26 10:00:00,43.01964
2011-01-26 11:00:00,40.004375
2011-01-26 12:00:00,40.004375
2011-01-26 13:00:00,40.004375
2011-01-26 14:00:00,38.345585
2011-01-26 15:00:00,34.67062
2011-01-26 16:00:00,29.002394
2011-01-26 17:00:00,34.392143
2011-01-27 16:00:00,79.984436
2011-01-27 17:00:00,72.40957
2011-01-27 18:00:00,76.602196
2011-01-27 19:00:00,76.602196
2011-01-27 20:00:00,84.0339
2011-01-27 21:00:00,84.0339
2011-01-27 22:00:00,84.0339
2011-01-27 23:00:00,91.42143
2011-01-28 00:00:00,73.56341
2011-01-28 01:00:00,73.56341
2011-01-28 02:00:00,72.8669
2011-01-28 03:00:00,74.769745
2011-01-28 05:00:00,78.56934
2011-01-28 06:00:00,79.01181
2011-01-28 07:00:00,84.341064
2011-01-28 08:00:00,84.341064
2011-01-28 09:00:00,75.19972
2011-01-28 10:00:00,73.97273
2011-01-28 11:00:00,79.479004
2011-01-28 12:00:00,79.479004
2011-01-28 13:00:00,79.479004
2011-01-28 14:00:00,87.50483
2011-01-28 15:00:00,86.60763
2011-01-28 16:00:00,80.799706
2011-01-28 17:00:00,81.18238
2011-01-28 18:00:00,87.31412
2011-01-28 19:00:00,72.38982
2011-01-28 20:00:00,70.50277
2011-01-28 21:00:00,73.02409
2011-01-28 22:00:00,89.737045
2011-01-28 23:00:00,83.14025
2011-01-29 00:00:00,57.467083
2011-01-29 01:00:00,48.939713
2011-01-29 02:00:00,52.852863
2011-01-29 03:00:00,54.00634
2011-01-29 04:00:00,60.573303
2011-01-29 06:00:00,51.060234
2011-01-29 07:00:00,56.282825
2011-01-29 08:00:00,44.996006
2011-01-29 09:00:00,56.136536
2011-01-29 10:00:00,48.4631
2011-01-29 11:00:00,36.64364
2011-01-29 12:00:00,35.199245
2011-01-29 13:00:00,39.639896
2011-01-29 14:00:00,41.2719
2011-01-29 15:00:00,48.8806
2011-01-29 16:00:00,55.11504
2011-01-29 17:00:00,67.158905
2011-01-29 18:00:00,53.249237
2011-01-29 19:00:00,37.26992
2011-01-29 20:00:00,64.13441
2011-01-29 21:00:00,64.13441
2011-01-29 22:00:00,63.799232
2011-01-29 23:00:00,63.799232
2011-01-30 00:00:00,57.92392
2011-01-30 01:00:00,63.953423
2011-01-30 02:00:00,62.93699
2011-01-30 03:00:00,58.859013
2011-01-30 04:00:00,58.859013
2011-01-30 05:00:00,61.643032
2011-01-30 07:00:00,61.643032
2011-01-30 08:00:00,61.58862
2011-01-30 09:00:00,60.617397
2011-01-30 10:00:00,62.921825
2011-01-30 11:00:00,65.26871
2011-01-30 12:00:00,117.3813
2011-01-30 13:00:00,69.31537
2011-01-30 14:00:00,83.49791
2011-01-30 15:00:00,113.52176
2011-01-30 16:00:00,113.52176
2011-01-30 17:00:00,86.5109
2011-01-30 18:00:00,55.195038
2011-01-30 19:00:00,56.779003
2011-01-30 20:00:00,58.217976
2011-01-30 21:00:00,40.465702
2011-01-30 22:00:00,38.069286
2011-01-30 23:00:00,44.27167
2011-01-31 00:00:00,65.82601
2011-01-31 01:00:00,82.773056
2011-01-31 02:00:00,86.71992
2011-01-31 03:00:00,86.71992
2011-01-31 04:00:00,80.64661
2011-01-31 05:00:00,71.09883
2011-01-31 06:00:00,55.061695
2011-01-31 07:00:00,44.441925
2011-01-31 08:00:00,45.9752
2011-01-31 09:00:00,45.627586
2011-01-31 10:00:00,53.239067
2011-01-31 11:00:00,53.239067
2011-01-31 12:00:00,60.55159
2011-01-31 13:00:00,72.56316
2011-01-31 14:00:00,60.83097
2011-01-31 15:00:00,63.892723
2011-01-31 16:00:00,57.383595
2011-01-31 17:00:00,53.239067
2011-01-31 18:00:00,49.42713
2011-01-31 19:00:00,104.66662
2011-01-31 20:00:00,41.66432
2011-01-31 21:00:00,53.99147
2011-01-31 22:00:00,63.940193
2011-01-31 23:00:00,67.98124
2011-02-20 00:00:00,104.38402
2011-02-20 01:00:00,88.7701
2011-02-20 02:00:00,91.57686
2011-02-20 03:00:00,105.04218
2011-02-20 04:00:00,105.04218
2011-02-20 06:00:00,67.483315
2011-02-20 07:00:00,50.157707
2011-02-20 08:00:00,58.493546
2011-02-20 09:00:00,80.68849
2011-02-20 10:00:00,82.53826
2011-02-20 11:00:00,129.59622
2011-02-20 12:00:00,143.08867
2011-02-20 13:00:00,182.6618
2011-02-20 14:00:00,248.65726
2011-02-20 15:00:00,208.76117
2011-02-20 16:00:00,200.98201
2011-02-20 17:00:00,186.15283
2011-02-20 18:00:00,138.05229
2011-02-20 19:00:00,138.05229
2011-02-20 20:00:00,155.2179
2011-02-20 21:00:00,126.428215
2011-02-20 22:00:00,77.49588
2011-02-20 23:00:00,63.895237
2011-02-21 00:00:00,87.79731
2011-02-21 01:00:00,87.79731
2011-02-21 02:00:00,87.79731
2011-02-21 03:00:00,104.13828
2011-02-21 04:00:00,112.65553
2011-02-21 05:00:00,135.0561
2011-02-21 06:00:00,204.77876
2011-02-21 07:00:00,207.49387
2011-02-21 08:00:00,86.71552
2011-02-21 09:00:00,84.9211
2011-02-21 10:00:00,81.43727
2011-02-21 11:00:00,108.33363
2011-02-21 12:00:00,72.64284
2011-02-21 13:00:00,69.539154
2011-02-21 14:00:00,64.08977
2011-02-21 15:00:00,107.64906
2011-02-21 16:00:00,79.40536
2011-02-21 17:00:00,87.12623
2011-02-21 18:00:00,56.791164
2011-02-21 19:00:00,56.791164
2011-02-21 20:00:00,55.33631
2011-02-21 21:00:00,55.59296
2011-02-21 22:00:00,41.75483
2011-02-21 23:00:00,41.75483
2011-02-22 06:00:00,36.521114
2011-02-22 07:00:00,36.521114
2011-02-22 08:00:00,46.53356
2011-02-22 09:00:00,43.8022
2011-02-22 10:00:00,74.45046
2011-02-22 11:00:00,71.98285
2011-02-22 12:00:00,71.61524
2011-02-22 13:00:00,78.770355
2011-02-22 14:00:00,79.984436
2011-02-22 15:00:00,83.195885
2011-02-22 16:00:00,75.63383
2011-02-22 17:00:00,83.488304
2011-02-22 18:00:00,71.88989
2011-02-22 19:00:00,97.137276
2011-02-22 20:00:00,85.60686
2011-02-22 21:00:00,92.18255
2011-02-22 22:00:00,83.62194
2011-02-22 23:00:00,83.62194
2011-02-23 00:00:00,72.847755
2011-02-23 01:00:00,73.45669
2011-02-23 02:00:00,74.268074
2011-02-23 03:00:00,73.82157
2011-02-23 05:00:00,72.29499
2011-02-23 06:00:00,72.29499
2011-02-23 07:00:00,76.54131
2011-02-23 08:00:00,77.25109
2011-02-23 09:00:00,67.136856
2011-02-23 10:00:00,76.80338
2011-02-23 11:00:00,80.581894
2011-02-23 12:00:00,119.9555
2011-02-23 13:00:00,149.18497
2011-02-23 14:00:00,153.72176
2011-02-23 15:00:00,164.65482
2011-02-23 16:00:00,157.19846
2011-02-23 17:00:00,164.65482
2011-02-23 18:00:00,155.06798
2011-02-23 19:00:00,129.26065
2011-02-23 20:00:00,81.58133
2011-02-23 21:00:00,91.62671
2011-02-23 22:00:00,91.62671
2011-02-23 23:00:00,75.36548
2011-02-24 00:00:00,75.36548
2011-02-24 01:00:00,73.3359
2011-02-24 02:00:00,72.84512
2011-02-24 03:00:00,76.81103
2011-02-24 05:00:00,80.65408
2011-02-24 06:00:00,84.14854
2011-02-24 07:00:00,84.459595
2011-02-24 08:00:00,87.48605
2011-02-24 09:00:00,57.90808
2011-02-24 10:00:00,64.217926
2011-02-24 11:00:00,127.54925
2011-02-24 12:00:00,140.43161
2011-02-24 13:00:00,130.4283
2011-02-24 14:00:00,139.88058
2011-02-24 15:00:00,142.14676
2011-02-24 16:00:00,102.51138
2011-02-24 17:00:00,78.71768
2011-02-24 18:00:00,79.446236
2011-02-24 19:00:00,61.17767
2011-02-24 20:00:00,77.061485
2011-02-24 21:00:00,79.446236
2011-02-24 22:00:00,62.332092
2011-02-24 23:00:00,85.72844
2011-02-25 00:00:00,103.972336
2011-02-25 01:00:00,98.96796
2011-02-25 02:00:00,98.96796
2011-02-25 03:00:00,86.21069
2011-02-25 05:00:00,86.21069
2011-02-25 06:00:00,91.93098
2011-02-25 07:00:00,83.27617
2011-02-25 08:00:00,82.362015
2011-02-25 09:00:00,62.423214
2011-02-25 10:00:00,76.80049
2011-02-25 11:00:00,201.28214
2011-02-25 12:00:00,184.68889
2011-02-25 13:00:00,184.68889
2011-02-25 14:00:00,154.55652
2011-02-25 15:00:00,105.07927
2011-02-25 16:00:00,114.685135
2011-02-25 17:00:00,91.57746
2011-02-25 18:00:00,103.23728
2011-02-25 19:00:00,118.31988
2011-02-25 20:00:00,94.106636
2011-02-25 21:00:00,126.969734
2011-02-25 22:00:00,89.09908
2011-02-25 23:00:00,128.45212
2011-02-26 00:00:00,60.908627
2011-02-26 01:00:00,76.37297
2011-02-26 02:00:00,63.701473
2011-02-26 03:00:00,56.615017
2011-02-26 04:00:00,57.741528
2011-02-26 05:00:00,51.735706
2011-02-26 06:00:00,64.30418
2011-02-26 07:00:00,63.57722
2011-02-26 08:00:00,78.3259
2011-02-26 09:00:00,51.127
2011-02-26 10:00:00,76.98734
2011-02-26 11:00:00,112.22689
2011-02-26 12:00:00,90.43617
2011-02-26 13:00:00,121.755516
2011-02-26 14:00:00,146.8627
2011-02-26 15:00:00,144.6188
2011-02-26 16:00:00,148.3161
2011-02-26 17:00:00,156.44595
2011-02-26 18:00:00,135.74779
2011-02-26 19:00:00,121.82633
2011-02-26 20:00:00,102.43344
2011-02-26 21:00:00,65.81741
2011-02-26 22:00:00,52.076088
2011-02-26 23:00:00,60.618683
2011-02-27 00:00:00,39.951836
2011-02-27 01:00:00,39.905365
2011-02-27 02:00:00,52.37278
2011-02-27 03:00:00,57.278427
2011-02-27 04:00:00,49.920185
2011-02-27 06:00:00,56.519295
2011-02-27 07:00:00,49.920185
2011-02-27 08:00:00,56.36152
2011-02-27 09:00:00,55.18968
2011-02-27 10:00:00,45.696697
2011-02-27 11:00:00,125.25529
2011-02-27 12:00:00,156.5159
2011-02-27 13:00:00,165.14464
2011-02-27 14:00:00,193.25055
2011-02-27 15:00:00,240.42877
2011-02-27 16:00:00,265.54156
2011-02-27 17:00:00,188.48782
2011-02-27 18:00:00,177.45102
2011-02-27 19:00:00,168.88185
2011-02-27 20:00:00,156.5159
2011-02-27 21:00:00,164.89119
2011-02-27 22:00:00,143.41278
2011-02-27 23:00:00,108.47149
2011-02-28 00:00:00,118.71254
2011-02-28 01:00:00,63.968544
2011-02-28 03:00:00,74.27767
2011-02-28 05:00:00,101.568596
2011-02-28 06:00:00,88.86825
2011-02-28 07:00:00,91.5575
2011-02-28 08:00:00,80.55683
2011-02-28 09:00:00,132.31729
2011-02-28 10:00:00,197.36433
2011-02-28 11:00:00,210.79593
2011-02-28 12:00:00,210.79594
2011-02-28 13:00:00,102.673515
2011-02-28 14:00:00,81.76051
2011-02-28 15:00:00,81.76051
2011-02-28 16:00:00,103.08648
2011-02-28 17:00:00,78.62749
2011-02-28 18:00:00,108.518364
2011-02-28 19:00:00,134.96188
2011-02-28 20:00:00,134.96188
2011-02-28 21:00:00,92.44067
2011-02-28 22:00:00,69.38972
2011-02-28 23:00:00,80.57095
2011-03-20 00:00:00,134.14778
2011-03-20 01:00:00,132.3111
2011-03-20 02:00:00,116.01765
2011-03-20 03:00:00,86.82175
2011-03-20 04:00:00,68.76894
2011-03-20 05:00:00,59.677647
2011-03-20 06:00:00,61.991642
2011-03-20 07:00:00,55.709515
2011-03-20 08:00:00,71.646675
2011-03-20 09:00:00,113.35719
2011-03-20 10:00:00,130.28955
2011-03-20 11:00:00,148.37653
2011-03-20 12:00:00,159.10532
2011-03-20 13:00:00,207.85461
2011-03-20 14:00:00,253.99217
2011-03-20 15:00:00,228.40073
2011-03-20 16:00:00,258.11636
2011-03-20 17:00:00,245.63263
2011-03-20 18:00:00,180.40546
2011-03-20 19:00:00,153.23029
2011-03-20 20:00:00,148.3161
2011-03-20 21:00:00,109.44672
2011-03-20 22:00:00,116.26237
2011-03-20 23:00:00,74.32684
2011-03-21 00:00:00,79.09362
2011-03-21 01:00:00,92.32213
2011-03-21 02:00:00,80.39828
2011-03-21 03:00:00,80.39828
2011-03-21 05:00:00,97.09981
2011-03-21 06:00:00,55.123077
2011-03-21 07:00:00,51.713818
2011-03-21 08:00:00,66.75847
2011-03-21 09:00:00,75.09775
2011-03-21 10:00:00,112.92689
2011-03-21 11:00:00,119.9848
2011-03-21 12:00:00,113.58449
2011-03-21 13:00:00,139.91441
2011-03-21 14:00:00,169.31357
2011-03-21 15:00:00,195.43617
2011-03-21 16:00:00,159.80048
2011-03-21 17:00:00,163.45589
2011-03-21 18:00:00,149.03268
2011-03-21 19:00:00,206.55983
2011-03-21 20:00:00,204.5126
2011-03-21 21:00:00,94.8355
2011-03-21 22:00:00,123.39872
2011-03-21 23:00:00,99.286095
2011-03-22 00:00:00,117.837715
2011-03-22 01:00:00,77.787415
2011-03-22 02:00:00,79.90737
2011-03-22 03:00:00,129.86969
2011-03-22 04:00:00,96.537506
2011-03-22 05:00:00,88.686935
2011-03-22 06:00:00,103.30596
2011-03-22 07:00:00,95.20648
2011-03-22 08:00:00,128.93193
2011-03-22 09:00:00,159.51979
2011-03-22 10:00:00,144.0841
2011-03-22 11:00:00,162.63141
2011-03-22 12:00:00,180.39398
2011-03-22 13:00:00,199.15425
2011-03-22 14:00:00,217.27673
2011-03-22 15:00:00,210.35532
2011-03-22 16:00:00,195.37907
2011-03-22 17:00:00,195.37907
2011-03-22 18:00:00,188.45648
2011-03-22 19:00:00,146.05956
2011-03-22 20:00:00,152.74548
2011-03-22 21:00:00,136.43082
2011-03-22 22:00:00,120.23851
2011-03-22 23:00:00,120.23851
2011-03-23 00:00:00,63.420727
2011-03-23 01:00:00,60.512157
2011-03-23 02:00:00,60.512157
2011-03-23 03:00:00,75.08988
2011-03-23 05:00:00,67.545395
2011-03-23 06:00:00,80.17296
2011-03-23 07:00:00,86.12905
2011-03-23 08:00:00,83.05936
2011-03-23 09:00:00,77.350655
2011-03-23 10:00:00,76.17013
2011-03-23 11:00:00,81.89808
2011-03-23 12:00:00,82.90563
2011-03-23 13:00:00,74.493935
2011-03-23 14:00:00,83.89131
2011-03-23 15:00:00,91.16058
2011-03-23 16:00:00,99.44038
2011-03-23 17:00:00,99.44038
2011-03-23 18:00:00,72.89964
2011-03-23 19:00:00,72.89964
2011-03-23 20:00:00,87.11005
2011-03-23 21:00:00,51.417786
2011-03-23 22:00:00,85.85971
2011-03-23 23:00:00,90.25682
2011-03-24 00:00:00,86.12905
2011-03-24 01:00:00,90.68239
2011-03-24 02:00:00,85.27498
2011-03-24 03:00:00,95.26858
2011-03-24 04:00:00,95.26858
2011-03-24 05:00:00,86.299
2011-03-24 06:00:00,86.299
2011-03-24 07:00:00,71.64127
2011-03-24 08:00:00,45.982895
2011-03-24 09:00:00,85.92558
2011-03-24 10:00:00,57.983875
2011-03-24 11:00:00,71.67531
2011-03-24 12:00:00,72.46836
2011-03-24 13:00:00,72.03966
2011-03-24 14:00:00,74.23801
2011-03-24 15:00:00,73.900795
2011-03-24 16:00:00,70.112434
2011-03-24 17:00:00,72.83789
2011-03-24 18:00:00,88.45739
2011-03-24 19:00:00,142.93059
2011-03-24 20:00:00,105.866394
2011-03-24 21:00:00,94.17622
2011-03-24 22:00:00,89.98576
2011-03-24 23:00:00,96.37568
2011-03-25 00:00:00,94.187614
2011-03-25 01:00:00,99.2133
2011-03-25 02:00:00,98.523056
2011-03-25 03:00:00,92.21343
2011-03-25 04:00:00,97.88961
2011-03-25 05:00:00,104.01874
2011-03-25 06:00:00,96.27308
2011-03-25 07:00:00,72.04781
2011-03-25 08:00:00,110.788414
2011-03-25 09:00:00,123.78447
2011-03-25 10:00:00,80.11129
2011-03-25 11:00:00,135.0956
2011-03-25 12:00:00,136.20816
2011-03-25 13:00:00,154.44763
2011-03-25 14:00:00,207.07594
2011-03-25 15:00:00,147.2162
2011-03-25 16:00:00,182.75534
2011-03-25 17:00:00,171.06781
2011-03-25 18:00:00,138.11055
2011-03-25 19:00:00,144.85112
2011-03-25 20:00:00,170.33662
2011-03-25 21:00:00,153.1395
2011-03-25 22:00:00,141.1642
2011-03-25 23:00:00,120.681366
2011-03-26 00:00:00,128.76752
2011-03-26 01:00:00,138.50996
2011-03-26 02:00:00,87.984055
2011-03-26 03:00:00,67.2801
2011-03-26 04:00:00,87.98405
2011-03-26 05:00:00,64.08638
2011-03-26 06:00:00,55.554565
2011-03-26 07:00:00,64.08638
2011-03-26 08:00:00,103.100044
2011-03-26 09:00:00,111.61319
2011-03-26 10:00:00,113.77908
2011-03-26 11:00:00,129.72836
2011-03-26 12:00:00,148.67676
2011-03-26 13:00:00,196.18344
2011-03-26 14:00:00,274.41202
2011-03-26 15:00:00,257.4129
2011-03-26 16:00:00,316.61545
2011-03-26 17:00:00,302.0544
2011-03-26 18:00:00,278.52386
2011-03-26 19:00:00,99.54257
2011-03-26 20:00:00,99.54257
2011-03-26 21:00:00,93.46762
2011-03-26 22:00:00,106.34854
2011-03-26 23:00:00,92.98171
2011-03-27 00:00:00,106.28724
2011-03-27 01:00:00,51.383804
2011-03-27 02:00:00,24.975475
2011-03-27 03:00:00,23.249914
2011-03-27 04:00:00,30.512619
2011-03-27 06:00:00,44.361973
2011-03-27 07:00:00,36.510506
2011-03-27 08:00:00,41.501816
2011-03-27 09:00:00,82.92611
2011-03-27 10:00:00,34.53801
2011-03-27 11:00:00,73.92189
2011-03-27 12:00:00,91.79144
2011-03-27 13:00:00,129.31494
2011-03-27 14:00:00,159.06354
2011-03-27 15:00:00,190.90349
2011-03-27 16:00:00,238.5839
2011-03-27 17:00:00,246.25154
2011-03-27 18:00:00,164.2572
2011-03-27 19:00:00,213.32207
2011-03-27 20:00:00,142.67995
2011-03-27 21:00:00,113.77908
2011-03-27 22:00:00,113.77908
2011-03-27 23:00:00,107.09959
2011-03-28 00:00:00,92.82811
2011-03-28 01:00:00,112.32252
2011-03-28 02:00:00,108.022194
2011-03-28 03:00:00,108.022194
2011-03-28 05:00:00,109.17149
2011-03-28 06:00:00,116.71129
2011-03-28 07:00:00,139.51042
2011-03-28 08:00:00,126.0965
2011-03-28 09:00:00,126.63453
2011-03-28 10:00:00,151.25319
2011-03-28 11:00:00,168.8375
2011-03-28 12:00:00,108.84073
2011-03-28 13:00:00,205.20535
2011-03-28 14:00:00,249.96913
2011-03-28 15:00:00,235.02531
2011-03-28 16:00:00,258.4893
2011-03-28 17:00:00,248.70447
2011-03-28 18:00:00,239.66345
2011-03-28 19:00:00,226.48035
2011-03-28 20:00:00,218.99673
2011-03-28 21:00:00,254.23149
2011-03-28 22:00:00,237.94766
2011-03-28 23:00:00,212.95212
2011-03-29 00:00:00,180.88797
2011-03-29 01:00:00,153.09271
2011-03-29 02:00:00,153.09271
2011-03-29 03:00:00,153.09271
2011-03-29 04:00:00,104.56159
2011-03-29 05:00:00,128.10686
2011-03-29 06:00:00,129.03705
2011-03-29 07:00:00,112.77979
2011-03-29 08:00:00,143.06512
2011-03-29 09:00:00,190.8624
2011-03-29 10:00:00,223.4925
2011-03-29 11:00:00,211.05704
2011-03-29 12:00:00,240.51624
2011-03-29 13:00:00,239.5765
2011-03-29 14:00:00,258.54993
2011-03-29 15:00:00,285.03943
2011-03-29 16:00:00,301.80972
2011-03-29 17:00:00,290.7341
2011-03-29 18:00:00,234.72707
2011-03-29 19:00:00,260.73984
2011-03-29 20:00:00,234.72707
2011-03-29 21:00:00,124.05924
2011-03-29 22:00:00,98.09617
2011-03-29 23:00:00,79.49076
2011-03-30 00:00:00,92.41341
2011-03-30 01:00:00,133.19041
2011-03-30 02:00:00,92.41341
2011-03-30 03:00:00,108.06105
2011-03-30 04:00:00,92.41341
2011-03-30 05:00:00,81.453674
2011-03-30 06:00:00,98.82467
2011-03-30 07:00:00,148.96663
2011-03-30 08:00:00,112.70604
2011-03-30 09:00:00,119.60549
2011-03-30 10:00:00,123.020164
2011-03-30 11:00:00,122.24506
2011-03-30 12:00:00,137.80458
2011-03-30 13:00:00,134.7258
2011-03-30 14:00:00,130.8564
2011-03-30 15:00:00,49.55804
2011-03-30 16:00:00,55.006317
2011-03-30 17:00:00,80.91953
2011-03-30 18:00:00,85.92558
2011-03-30 19:00:00,85.92558
2011-03-30 20:00:00,42.18135
2011-03-30 21:00:00,75.833824
2011-03-30 22:00:00,64.15017
2011-03-30 23:00:00,44.346413
2011-03-31 00:00:00,64.15017
2011-03-31 01:00:00,74.96007
2011-03-31 02:00:00,74.96007
2011-03-31 03:00:00,64.15017
2011-03-31 04:00:00,53.37262
2011-03-31 05:00:00,64.15017
2011-03-31 06:00:00,42.18135
2011-03-31 07:00:00,53.37262
2011-03-31 08:00:00,80.35658
2011-03-31 09:00:00,54.878464
2011-03-31 10:00:00,54.878464
2011-03-31 11:00:00,74.08996
2011-03-31 12:00:00,74.08996
2011-03-31 13:00:00,74.06329
2011-03-31 14:00:00,74.06329
2011-03-31 15:00:00,50.55579
2011-03-31 16:00:00,79.00511
2011-03-31 17:00:00,79.00511
2011-03-31 18:00:00,82.471985
2011-03-31 19:00:00,82.471985
2011-03-31 20:00:00,49.788403
2011-03-31 21:00:00,91.01595
2011-03-31 22:00:00,57.6519
2011-03-31 23:00:00,84.51612
2011-04-20 00:00:00,92.916916
2011-04-20 01:00:00,85.68924
2011-04-20 02:00:00,85.68924
2011-04-20 03:00:00,79.20219
2011-04-20 04:00:00,78.8301
2011-04-20 05:00:00,94.20588
2011-04-20 06:00:00,85.68924
2011-04-20 07:00:00,80.02893
2011-04-20 08:00:00,222.9621
2011-04-20 09:00:00,283.5169
2011-04-20 10:00:00,199.38626
2011-04-20 11:00:00,199.38626
2011-04-20 12:00:00,321.76617
2011-04-20 13:00:00,321.76617
2011-04-20 14:00:00,369.46402
2011-04-20 15:00:00,429.17514
2011-04-20 16:00:00,429.17514
2011-04-20 17:00:00,400.55093
2011-04-20 18:00:00,359.1834
2011-04-20 19:00:00,298.77896
2011-04-20 20:00:00,317.46887
2011-04-20 21:00:00,316.48904
2011-04-20 22:00:00,301.74496
2011-04-20 23:00:00,296.76276
2011-04-21 00:00:00,248.28864
2011-04-21 01:00:00,213.20074
2011-04-21 02:00:00,228.78378
2011-04-21 03:00:00,170.3719
2011-04-21 04:00:00,171.46663
2011-04-21 05:00:00,150.92072
2011-04-21 06:00:00,126.92128
2011-04-21 07:00:00,172.46202
2011-04-21 08:00:00,155.52924
2011-04-21 09:00:00,151.18124
2011-04-21 10:00:00,165.3235
2011-04-21 11:00:00,187.67015
2011-04-21 12:00:00,201.27438
2011-04-21 13:00:00,279.7099
2011-04-21 14:00:00,280.20667
2011-04-21 15:00:00,308.14368
2011-04-21 16:00:00,320.26776
2011-04-21 17:00:00,319.14215
2011-04-21 18:00:00,342.63437
2011-04-21 19:00:00,310.65295
2011-04-21 20:00:00,250.32883
2011-04-21 21:00:00,164.95015
2011-04-21 22:00:00,182.94579
2011-04-21 23:00:00,181.89426
2011-04-22 00:00:00,107.565155
2011-04-22 01:00:00,128.1142
2011-04-22 02:00:00,138.35088
2011-04-22 03:00:00,138.35088
2011-04-22 04:00:00,132.16351
2011-04-22 05:00:00,117.20254
2011-04-22 06:00:00,132.16353
2011-04-22 07:00:00,117.1885
2011-04-22 08:00:00,111.05513
2011-04-22 09:00:00,83.35164
2011-04-22 10:00:00,87.350426
2011-04-22 11:00:00,62.646545
2011-04-22 12:00:00,66.50779
2011-04-22 13:00:00,69.67896
2011-04-22 14:00:00,62.28975
2011-04-22 15:00:00,69.67896
2011-04-22 16:00:00,74.49393
2011-04-22 17:00:00,66.26294
2011-04-22 18:00:00,66.26294
2011-04-22 19:00:00,66.26294
2011-04-22 20:00:00,63.886192
2011-04-22 21:00:00,75.21085
2011-04-22 22:00:00,83.06033
2011-04-22 23:00:00,83.1444
2011-04-23 00:00:00,58.979546
2011-04-23 01:00:00,58.979546
2011-04-23 02:00:00,71.42087
2011-04-23 03:00:00,77.13516
2011-04-23 04:00:00,88.04472
2011-04-23 05:00:00,88.04472
2011-04-23 06:00:00,66.38845
2011-04-23 07:00:00,65.61083
2011-04-23 08:00:00,44.56929
2011-04-23 09:00:00,61.004787
2011-04-23 10:00:00,78.45714
2011-04-23 11:00:00,93.204666
2011-04-23 12:00:00,174.04788
2011-04-23 13:00:00,162.0383
2011-04-23 14:00:00,212.74318
2011-04-23 15:00:00,246.8547
2011-04-23 16:00:00,220.06496
2011-04-23 17:00:00,240.59914
2011-04-23 18:00:00,145.93745
2011-04-23 19:00:00,167.1861
2011-04-23 20:00:00,157.38666
2011-04-23 21:00:00,176.30167
2011-04-23 22:00:00,188.7092
2011-04-23 23:00:00,151.41263
2011-04-24 00:00:00,122.84639
2011-04-24 01:00:00,87.00963
2011-04-24 02:00:00,87.00963
2011-04-24 03:00:00,68.45172
2011-04-24 04:00:00,68.45172
2011-04-24 05:00:00,68.45172
2011-04-24 06:00:00,99.12312
2011-04-24 07:00:00,99.12312
2011-04-24 08:00:00,81.48628
2011-04-24 09:00:00,136.4731
2011-04-24 10:00:00,146.8626
2011-04-24 11:00:00,205.8316
2011-04-24 12:00:00,302.11023
2011-04-24 13:00:00,357.43506
2011-04-24 14:00:00,372.16736
2011-04-24 15:00:00,309.0132
2011-04-24 16:00:00,407.45914
2011-04-24 17:00:00,306.62564
2011-04-24 18:00:00,178.78165
2011-04-24 19:00:00,160.8719
2011-04-24 20:00:00,160.8719
2011-04-24 21:00:00,143.3708
2011-04-24 22:00:00,133.79404
2011-04-24 23:00:00,158.92111
2011-04-25 00:00:00,148.89427
2011-04-25 01:00:00,107.22181
2011-04-25 02:00:00,107.22181
2011-04-25 03:00:00,123.25825
2011-04-25 04:00:00,138.07979
2011-04-25 05:00:00,104.711494
2011-04-25 06:00:00,124.73305
2011-04-25 07:00:00,138.04579
2011-04-25 08:00:00,145.35016
2011-04-25 09:00:00,174.56534
2011-04-25 10:00:00,242.86473
2011-04-25 11:00:00,242.86473
2011-04-25 12:00:00,256.68646
2011-04-25 13:00:00,295.3647
2011-04-25 14:00:00,332.25125
2011-04-25 15:00:00,350.672
2011-04-25 16:00:00,324.91382
2011-04-25 17:00:00,326.6349
2011-04-25 18:00:00,308.3959
2011-04-25 19:00:00,294.15717
2011-04-25 20:00:00,283.5169
2011-04-25 21:00:00,251.29259
2011-04-25 22:00:00,230.63203
2011-04-25 23:00:00,214.84705
2011-04-26 00:00:00,250.46918
2011-04-26 01:00:00,235.10902
2011-04-26 02:00:00,197.7655
2011-04-26 03:00:00,191.76534
2011-04-26 04:00:00,207.2985
2011-04-26 05:00:00,191.81578
2011-04-26 06:00:00,192.64186
2011-04-26 07:00:00,215.00145
2011-04-26 08:00:00,215.00142
2011-04-26 09:00:00,245.90482
2011-04-26 10:00:00,268.03275
2011-04-26 11:00:00,294.39825
2011-04-26 12:00:00,314.2288
2011-04-26 13:00:00,346.19653
2011-04-26 14:00:00,334.26312
2011-04-26 15:00:00,317.15448
2011-04-26 16:00:00,321.3078
2011-04-26 17:00:00,302.5574
2011-04-26 18:00:00,271.19968
2011-04-26 19:00:00,236.99504
2011-04-26 20:00:00,245.90482
2011-04-26 21:00:00,238.18927
2011-04-26 22:00:00,197.00806
2011-04-26 23:00:00,197.59824
2011-04-27 00:00:00,219.29337
2011-04-27 01:00:00,225.63336
2011-04-27 02:00:00,212.31195
2011-04-27 03:00:00,182.33719
2011-04-27 04:00:00,173.13692
2011-04-27 05:00:00,174.1274
2011-04-27 06:00:00,183.75783
2011-04-27 07:00:00,182.33719
2011-04-27 08:00:00,169.35207
2011-04-27 09:00:00,174.4123
2011-04-27 10:00:00,200.9004
2011-04-27 11:00:00,206.5859
2011-04-27 12:00:00,252.73512
2011-04-27 13:00:00,242.8044
2011-04-27 14:00:00,272.18875
2011-04-27 15:00:00,273.30026
2011-04-27 16:00:00,298.81757
2011-04-27 17:00:00,170.05061
2011-04-27 18:00:00,170.05061
2011-04-27 19:00:00,238.18927
2011-04-27 20:00:00,239.68571
2011-04-27 21:00:00,227.61609
2011-04-27 22:00:00,187.88213
2011-04-27 23:00:00,180.29887
2011-04-28 00:00:00,243.108
2011-04-28 01:00:00,179.07047
2011-04-28 02:00:00,192.57607
2011-04-28 03:00:00,195.11516
2011-04-28 04:00:00,184.02666
2011-04-28 05:00:00,179.07047
2011-04-28 06:00:00,206.32959
2011-04-28 07:00:00,201.72537
2011-04-28 08:00:00,206.45276
2011-04-28 09:00:00,145.3554
2011-04-28 10:00:00,198.44568
2011-04-28 11:00:00,200.9004
2011-04-28 12:00:00,206.29874
2011-04-28 13:00:00,198.97034
2011-04-28 14:00:00,235.28531
2011-04-28 15:00:00,270.86407
2011-04-28 16:00:00,237.35611
2011-04-28 17:00:00,290.542
2011-04-28 18:00:00,290.542
2011-04-28 19:00:00,290.5739
2011-04-28 20:00:00,264.5674
2011-04-28 21:00:00,227.96689
2011-04-28 22:00:00,217.76143
2011-04-28 23:00:00,212.56854
2011-04-29 00:00:00,234.33286
2011-04-29 01:00:00,195.41533
2011-04-29 02:00:00,128.48079
2011-04-29 03:00:00,124.23126
2011-04-29 04:00:00,176.67691
2011-04-29 05:00:00,181.49213
2011-04-29 06:00:00,206.61186
2011-04-29 07:00:00,217.79736
2011-04-29 08:00:00,244.50395
2011-04-29 09:00:00,257.97803
2011-04-29 10:00:00,250.05449
2011-04-29 11:00:00,295.66653
2011-04-29 12:00:00,271.39703
2011-04-29 13:00:00,274.16727
2011-04-29 14:00:00,337.5704
2011-04-29 15:00:00,248.2665
2011-04-29 16:00:00,246.00497
2011-04-29 17:00:00,217.0947
2011-04-29 18:00:00,205.5583
2011-04-29 19:00:00,163.98755
2011-04-29 20:00:00,184.8877
2011-04-29 21:00:00,174.48059
2011-04-29 22:00:00,128.87955
2011-04-29 23:00:00,142.33188
2011-04-30 00:00:00,137.81465
2011-04-30 01:00:00,125.73722
2011-04-30 02:00:00,132.99757
2011-04-30 03:00:00,116.101845
2011-04-30 04:00:00,121.31121
2011-04-30 05:00:00,179.90298
2011-04-30 06:00:00,135.53694
2011-04-30 07:00:00,171.66469
2011-04-30 08:00:00,145.46472
2011-04-30 09:00:00,183.74814
2011-04-30 10:00:00,263.59802
2011-04-30 11:00:00,284.69717
2011-04-30 12:00:00,306.98093
2011-04-30 13:00:00,328.0475
2011-04-30 14:00:00,318.6903
2011-04-30 15:00:00,314.28537
2011-04-30 16:00:00,370.82748
2011-04-30 17:00:00,259.84964
2011-04-30 18:00:00,245.62363
2011-04-30 19:00:00,245.62363
2011-04-30 20:00:00,107.72284
2011-04-30 21:00:00,107.72284
2011-04-30 22:00:00,96.760864
2011-04-30 23:00:00,96.760864
2011-05-20 00:00:00,83.67381
2011-05-20 01:00:00,75.492645
2011-05-20 02:00:00,76.57959
2011-05-20 03:00:00,74.798676
2011-05-20 04:00:00,79.90737
2011-05-20 05:00:00,80.14628
2011-05-20 06:00:00,99.40895
2011-05-20 07:00:00,164.55215
2011-05-20 08:00:00,148.81184
2011-05-20 09:00:00,190.63582
2011-05-20 10:00:00,204.5126
2011-05-20 11:00:00,212.97736
2011-05-20 12:00:00,233.94981
2011-05-20 13:00:00,210.20627
2011-05-20 14:00:00,275.93015
2011-05-20 15:00:00,240.80635
2011-05-20 16:00:00,244.07799
2011-05-20 17:00:00,227.91647
2011-05-20 18:00:00,264.5489
2011-05-20 19:00:00,175.8293
2011-05-20 20:00:00,184.81668
2011-05-20 21:00:00,170.84033
2011-05-20 22:00:00,152.04123
2011-05-20 23:00:00,172.78198
2011-05-21 00:00:00,105.71296
2011-05-21 01:00:00,103.72214
2011-05-21 02:00:00,109.12959
2011-05-21 03:00:00,88.1874
2011-05-21 04:00:00,62.505386
2011-05-21 05:00:00,65.09641
2011-05-21 06:00:00,93.09491
2011-05-21 07:00:00,116.210526
2011-05-21 08:00:00,202.45378
2011-05-21 09:00:00,245.66655
2011-05-21 10:00:00,209.6467
2011-05-21 11:00:00,286.58374
2011-05-21 12:00:00,285.87683
2011-05-21 13:00:00,352.15042
2011-05-21 14:00:00,394.42722
2011-05-21 15:00:00,399.45505
2011-05-21 16:00:00,490.4211
2011-05-21 17:00:00,392.96536
2011-05-21 18:00:00,350.5822
2011-05-21 19:00:00,337.83908
2011-05-21 20:00:00,184.48515
2011-05-21 21:00:00,209.6467
2011-05-21 22:00:00,156.93672
2011-05-21 23:00:00,117.45946
2011-05-22 00:00:00,96.52892
2011-05-22 01:00:00,76.6178
2011-05-22 02:00:00,78.52733
2011-05-22 03:00:00,54.244812
2011-05-22 04:00:00,37.504345
2011-05-22 05:00:00,54.244812
2011-05-22 06:00:00,78.52733
2011-05-22 07:00:00,97.5569
2011-05-22 08:00:00,143.1237
2011-05-22 09:00:00,154.71149
2011-05-22 10:00:00,187.04504
2011-05-22 11:00:00,332.883
2011-05-22 12:00:00,352.9804
2011-05-22 13:00:00,300.0702
2011-05-22 14:00:00,208.81934
2011-05-22 15:00:00,262.18533
2011-05-22 16:00:00,258.92023
2011-05-22 17:00:00,346.494
2011-05-22 18:00:00,292.23685
2011-05-22 19:00:00,272.15067
2011-05-22 20:00:00,207.12955
2011-05-22 21:00:00,179.63402
2011-05-22 22:00:00,120.714294
2011-05-22 23:00:00,171.01768
2011-05-23 00:00:00,173.36652
2011-05-23 01:00:00,145.35016
2011-05-23 02:00:00,149.96848
2011-05-23 03:00:00,138.15361
2011-05-23 04:00:00,162.5632
2011-05-23 05:00:00,162.5632
2011-05-23 06:00:00,151.54689
2011-05-23 07:00:00,172.51146
2011-05-23 08:00:00,183.53867
2011-05-23 09:00:00,197.81506
2011-05-23 10:00:00,257.68594
2011-05-23 11:00:00,284.67856
2011-05-23 12:00:00,284.67856
2011-05-23 13:00:00,315.75076
2011-05-23 14:00:00,278.8192
2011-05-23 15:00:00,286.5212
2011-05-23 16:00:00,289.14688
2011-05-23 17:00:00,239.14651
2011-05-23 18:00:00,295.11224
2011-05-23 19:00:00,285.11182
2011-05-23 20:00:00,222.30602
2011-05-23 21:00:00,210.34969
2011-05-23 22:00:00,176.68259
2011-05-23 23:00:00,202.57649
2011-05-24 00:00:00,168.52887
2011-05-24 01:00:00,166.36139
2011-05-24 02:00:00,168.52887
2011-05-24 03:00:00,181.40323
2011-05-24 04:00:00,147.77344
2011-05-24 05:00:00,187.92006
2011-05-24 06:00:00,186.44263
2011-05-24 07:00:00,183.85602
2011-05-24 08:00:00,167.4568
2011-05-24 09:00:00,228.25938
2011-05-24 10:00:00,314.94235
2011-05-24 11:00:00,350.672
2011-05-24 12:00:00,358.06998
2011-05-24 13:00:00,345.9621
2011-05-24 14:00:00,351.85706
2011-05-24 15:00:00,294.06506
2011-05-24 16:00:00,260.09253
2011-05-24 17:00:00,278.37216
2011-05-24 18:00:00,280.98178
2011-05-24 19:00:00,243.18687
2011-05-24 20:00:00,191.32506
2011-05-24 21:00:00,173.1804
2011-05-24 22:00:00,166.4797
2011-05-24 23:00:00,223.22366
2011-05-25 00:00:00,157.48567
2011-05-25 01:00:00,152.58723
2011-05-25 02:00:00,173.90303
2011-05-25 03:00:00,107.16919
2011-05-25 04:00:00,107.374146
2011-05-25 05:00:00,145.6768
2011-05-25 06:00:00,135.5198
2011-05-25 07:00:00,201.06335
2011-05-25 08:00:00,255.04413
2011-05-25 09:00:00,247.25583
2011-05-25 10:00:00,271.30637
2011-05-25 11:00:00,300.81525
2011-05-25 12:00:00,322.02435
2011-05-25 13:00:00,322.02435
2011-05-25 14:00:00,332.0547
2011-05-25 15:00:00,361.48682
2011-05-25 16:00:00,347.16797
2011-05-25 17:00:00,350.672
2011-05-25 18:00:00,319.6538
2011-05-25 19:00:00,287.00055
2011-05-25 20:00:00,293.0875
2011-05-25 21:00:00,237.92427
2011-05-25 22:00:00,272.02707
2011-05-25 23:00:00,209.44818
2011-05-26 00:00:00,209.44818
2011-05-26 01:00:00,209.44818
2011-05-26 02:00:00,170.94603
2011-05-26 03:00:00,148.44366
2011-05-26 04:00:00,154.42981
2011-05-26 05:00:00,183.63309
2011-05-26 06:00:00,146.64722
2011-05-26 07:00:00,196.01555
2011-05-26 08:00:00,213.7769
2011-05-26 09:00:00,292.08588
2011-05-26 10:00:00,295.11224
2011-05-26 11:00:00,323.34387
2011-05-26 12:00:00,373.3671
2011-05-26 13:00:00,379.96304
2011-05-26 14:00:00,379.96304
2011-05-26 15:00:00,355.78717
2011-05-26 16:00:00,360.71393
2011-05-26 17:00:00,341.69107
2011-05-26 18:00:00,351.85464
2011-05-26 19:00:00,356.023
2011-05-26 20:00:00,312.72733
2011-05-26 21:00:00,287.73032
2011-05-26 22:00:00,276.32996
2011-05-26 23:00:00,290.8188
2011-05-27 00:00:00,285.50977
2011-05-27 01:00:00,318.49493
2011-05-27 02:00:00,287.90787
2011-05-27 03:00:00,235.08192
2011-05-27 04:00:00,225.08076
2011-05-27 05:00:00,268.04684
2011-05-27 06:00:00,200.48909
2011-05-27 07:00:00,222.91649
2011-05-27 08:00:00,257.6994
2011-05-27 09:00:00,302.5239
2011-05-27 10:00:00,336.18408
2011-05-27 11:00:00,325.8056
2011-05-27 12:00:00,335.71713
2011-05-27 13:00:00,330.31088
2011-05-27 14:00:00,360.86523
2011-05-27 15:00:00,360.07452
2011-05-27 16:00:00,335.40768
2011-05-27 17:00:00,346.876
2011-05-27 18:00:00,289.14688
2011-05-27 19:00:00,156.0546
2011-05-27 20:00:00,214.5197
2011-05-27 21:00:00,166.30319
2011-05-27 22:00:00,190.18272
2011-05-27 23:00:00,157.72806
2011-05-28 00:00:00,107.065704
2011-05-28 01:00:00,121.16843
2011-05-28 02:00:00,96.940315
2011-05-28 03:00:00,124.98943
2011-05-28 04:00:00,136.4731
2011-05-28 05:00:00,124.98943
2011-05-28 06:00:00,162.33353
2011-05-28 07:00:00,172.31442
2011-05-28 08:00:00,168.48956
2011-05-28 09:00:00,219.81561
2011-05-28 10:00:00,298.53995
2011-05-28 11:00:00,298.53995
2011-05-28 12:00:00,357.0623
2011-05-28 13:00:00,334.60623
2011-05-28 14:00:00,355.48242
2011-05-28 15:00:00,363.4252
2011-05-28 16:00:00,399.52466
2011-05-28 17:00:00,393.0512
2011-05-28 18:00:00,349.0888
2011-05-28 19:00:00,278.371
2011-05-28 20:00:00,298.53995
2011-05-28 21:00:00,250.19266
2011-05-28 22:00:00,190.79381
2011-05-28 23:00:00,142.67468
2011-05-29 00:00:00,161.46086
2011-05-29 01:00:00,110.85402
2011-05-29 02:00:00,107.25484
2011-05-29 03:00:00,107.25484
2011-05-29 04:00:00,103.06728
2011-05-29 05:00:00,71.08907
2011-05-29 06:00:00,178.80923
2011-05-29 07:00:00,196.15517
2011-05-29 08:00:00,188.565
2011-05-29 09:00:00,172.62343
2011-05-29 10:00:00,219.9086
2011-05-29 11:00:00,235.03253
2011-05-29 12:00:00,274.12955
2011-05-29 13:00:00,327.3373
2011-05-29 14:00:00,344.13477
2011-05-29 15:00:00,351.08133
2011-05-29 16:00:00,344.13477
2011-05-29 17:00:00,344.13477
2011-05-29 18:00:00,307.26083
2011-05-29 19:00:00,287.22592
2011-05-29 20:00:00,203.58284
2011-05-29 21:00:00,161.33441
2011-05-29 22:00:00,119.06596
2011-05-29 23:00:00,123.39603
2011-05-30 00:00:00,104.76401
2011-05-30 01:00:00,84.975395
2011-05-30 02:00:00,104.76401
2011-05-30 03:00:00,104.76401
2011-05-30 04:00:00,88.8765
2011-05-30 05:00:00,125.64486
2011-05-30 06:00:00,126.84802
2011-05-30 07:00:00,106.888054
2011-05-30 08:00:00,154.01845
2011-05-30 09:00:00,175.24777
2011-05-30 10:00:00,330.16705
2011-05-30 11:00:00,372.58313
2011-05-30 12:00:00,400.36053
2011-05-30 13:00:00,386.43567
2011-05-30 14:00:00,409.60983
2011-05-30 15:00:00,347.13336
2011-05-30 16:00:00,364.84402
2011-05-30 17:00:00,355.2971
2011-05-30 18:00:00,361.5794
2011-05-30 19:00:00,224.77689
2011-05-30 20:00:00,256.48972
2011-05-30 21:00:00,245.98534
2011-05-30 22:00:00,224.76964
2011-05-30 23:00:00,143.4841
2011-05-31 00:00:00,206.9671
2011-05-31 01:00:00,191.28868
2011-05-31 02:00:00,207.24113
2011-05-31 03:00:00,194.11377
2011-05-31 04:00:00,177.72351
2011-05-31 05:00:00,177.72351
2011-05-31 06:00:00,191.06186
2011-05-31 07:00:00,294.5177
2011-05-31 08:00:00,351.5129
2011-05-31 09:00:00,364.1606
2011-05-31 10:00:00,376.32205
2011-05-31 11:00:00,336.7101
2011-05-31 12:00:00,333.24026
2011-05-31 13:00:00,281.67084
2011-05-31 14:00:00,346.82593
2011-05-31 15:00:00,289.08298
2011-05-31 16:00:00,288.18292
2011-05-31 17:00:00,398.2372
2011-05-31 18:00:00,398.56265
2011-05-31 19:00:00,334.5564
2011-05-31 20:00:00,334.5564
2011-05-31 21:00:00,315.97476
2011-05-31 22:00:00,303.28207
2011-05-31 23:00:00,225.24878
2011-06-20 00:00:00,206.74928
2011-06-20 01:00:00,160.63329
2011-06-20 02:00:00,160.63329
2011-06-20 03:00:00,203.30547
2011-06-20 04:00:00,170.99896
2011-06-20 05:00:00,172.99493
2011-06-20 06:00:00,168.00034
2011-06-20 07:00:00,147.235
2011-06-20 08:00:00,143.53165
2011-06-20 09:00:00,196.13239
2011-06-20 10:00:00,196.13239
2011-06-20 11:00:00,184.3862
2011-06-20 12:00:00,223.38889
2011-06-20 13:00:00,230.2999
2011-06-20 14:00:00,256.48
2011-06-20 15:00:00,264.9539
2011-06-20 16:00:00,300.08237
2011-06-20 17:00:00,239.99997
2011-06-20 18:00:00,304.2905
2011-06-20 19:00:00,276.5469
2011-06-20 20:00:00,268.04694
2011-06-20 21:00:00,222.91646
2011-06-20 22:00:00,228.99243
2011-06-20 23:00:00,237.35611
2011-06-21 00:00:00,145.0305
2011-06-21 01:00:00,160.28308
2011-06-21 02:00:00,129.76929
2011-06-21 03:00:00,129.76929
2011-06-21 04:00:00,129.81824
2011-06-21 05:00:00,129.82524
2011-06-21 06:00:00,129.82524
2011-06-21 07:00:00,112.592094
2011-06-21 08:00:00,135.71268
2011-06-21 09:00:00,154.99025
2011-06-21 10:00:00,154.9951
2011-06-21 11:00:00,135.72179
2011-06-21 12:00:00,201.98248
2011-06-21 13:00:00,254.77942
2011-06-21 14:00:00,291.8506
2011-06-21 15:00:00,329.56296
2011-06-21 16:00:00,342.3208
2011-06-21 17:00:00,307.12045
2011-06-21 18:00:00,271.8924
2011-06-21 19:00:00,262.90884
2011-06-21 20:00:00,242.23296
2011-06-21 21:00:00,239.25395
2011-06-21 22:00:00,138.38782
2011-06-21 23:00:00,168.25377
2011-06-22 00:00:00,155.91335
2011-06-22 01:00:00,128.33661
2011-06-22 02:00:00,113.38461
2011-06-22 03:00:00,128.33661
2011-06-22 04:00:00,102.468956
2011-06-22 05:00:00,99.61093
2011-06-22 06:00:00,111.79191
2011-06-22 07:00:00,138.23323
2011-06-22 08:00:00,194.82227
2011-06-22 09:00:00,197.18576
2011-06-22 10:00:00,268.31955
2011-06-22 11:00:00,241.92653
2011-06-22 12:00:00,310.5162
2011-06-22 13:00:00,337.7228
2011-06-22 14:00:00,354.4804
2011-06-22 15:00:00,348.0591
2011-06-22 16:00:00,351.28708
2011-06-22 17:00:00,326.05685
2011-06-22 18:00:00,317.97937
2011-06-22 19:00:00,333.0319
2011-06-22 20:00:00,223.62149
2011-06-22 21:00:00,208.5015
2011-06-22 22:00:00,239.34572
2011-06-22 23:00:00,244.50809
2011-06-23 00:00:00,229.5169
2011-06-23 01:00:00,248.78496
2011-06-23 02:00:00,248.78496
2011-06-23 03:00:00,248.61063
2011-06-23 04:00:00,205.08492
2011-06-23 05:00:00,227.78477
2011-06-23 06:00:00,227.78477
2011-06-23 07:00:00,245.34364
2011-06-23 08:00:00,256.8897
2011-06-23 09:00:00,253.93718
2011-06-23 10:00:00,270.94153
2011-06-23 11:00:00,255.27814
2011-06-23 12:00:00,276.12958
2011-06-23 13:00:00,278.77863
2011-06-23 14:00:00,276.54156
2011-06-23 15:00:00,313.79453
2011-06-23 16:00:00,259.99188
2011-06-23 17:00:00,242.81377
2011-06-23 18:00:00,269.14767
2011-06-23 19:00:00,268.91696
2011-06-23 20:00:00,229.02222
2011-06-23 21:00:00,216.56006
2011-06-23 22:00:00,238.32799
2011-06-23 23:00:00,243.68378
2011-06-24 00:00:00,167.69334
2011-06-24 01:00:00,199.61978
2011-06-24 02:00:00,199.61978
2011-06-24 03:00:00,135.72179
2011-06-24 04:00:00,112.68406
2011-06-24 05:00:00,101.41434
2011-06-24 06:00:00,122.15504
2011-06-24 07:00:00,170.20108
2011-06-24 08:00:00,229.02222
2011-06-24 09:00:00,248.91158
2011-06-24 10:00:00,325.97772
2011-06-24 11:00:00,352.94562
2011-06-24 12:00:00,327.11514
2011-06-24 13:00:00,341.1183
2011-06-24 14:00:00,350.99753
2011-06-24 15:00:00,394.56592
2011-06-24 16:00:00,418.31616
2011-06-24 17:00:00,345.73276
2011-06-24 18:00:00,363.03104
2011-06-24 19:00:00,376.6401
2011-06-24 20:00:00,324.96332
2011-06-24 21:00:00,268.564
2011-06-24 22:00:00,224.58017
2011-06-24 23:00:00,249.1271
2011-06-25 00:00:00,371.0367
2011-06-25 01:00:00,321.07925
2011-06-25 02:00:00,287.19672
2011-06-25 03:00:00,244.45872
2011-06-25 04:00:00,244.45872
2011-06-25 05:00:00,186.52776
2011-06-25 06:00:00,255.21947
2011-06-25 07:00:00,268.2872
2011-06-25 08:00:00,377.9009
2011-06-25 09:00:00,437.28085
2011-06-25 10:00:00,430.50125
2011-06-25 11:00:00,453.9154
2011-06-25 12:00:00,518.96484
2011-06-25 13:00:00,518.96484
2011-06-25 14:00:00,443.01785
2011-06-25 15:00:00,397.15622
2011-06-25 16:00:00,481.27612
2011-06-25 17:00:00,485.09045
2011-06-25 18:00:00,437.28085
2011-06-25 19:00:00,385.81354
2011-06-25 20:00:00,367.51556
2011-06-25 21:00:00,313.37872
2011-06-25 22:00:00,371.4709
2011-06-25 23:00:00,316.01596
2011-06-26 00:00:00,257.61108
2011-06-26 01:00:00,260.8806
2011-06-26 02:00:00,225.31784
2011-06-26 03:00:00,152.44435
2011-06-26 04:00:00,154.75928
2011-06-26 05:00:00,174.23804
2011-06-26 06:00:00,174.23804
2011-06-26 07:00:00,208.53223
2011-06-26 08:00:00,214.63947
2011-06-26 09:00:00,261.50623
2011-06-26 10:00:00,309.78665
2011-06-26 11:00:00,386.86414
2011-06-26 12:00:00,514.1565
2011-06-26 13:00:00,489.4104
2011-06-26 14:00:00,488.18445
2011-06-26 15:00:00,489.4104
2011-06-26 16:00:00,487.01907
2011-06-26 17:00:00,465.1638
2011-06-26 18:00:00,463.52963
2011-06-26 19:00:00,300.61935
2011-06-26 20:00:00,274.6439
2011-06-26 21:00:00,255.8079
2011-06-26 22:00:00,302.40204
2011-06-26 23:00:00,274.68845
2011-06-27 00:00:00,185.05666
2011-06-27 01:00:00,154.2402
2011-06-27 02:00:00,156.74132
2011-06-27 03:00:00,156.74132
2011-06-27 04:00:00,141.8137
2011-06-27 05:00:00,148.63583
2011-06-27 06:00:00,161.9402
2011-06-27 07:00:00,195.61403
2011-06-27 08:00:00,183.5047
2011-06-27 09:00:00,238.74397
2011-06-27 10:00:00,246.34854
2011-06-27 11:00:00,223.9183
2011-06-27 12:00:00,238.74397
2011-06-27 13:00:00,252.61102
2011-06-27 14:00:00,231.92432
2011-06-27 15:00:00,244.06055
2011-06-27 16:00:00,247.4285
2011-06-27 17:00:00,262.19446
2011-06-27 18:00:00,208.30885
2011-06-27 19:00:00,260.23032
2011-06-27 20:00:00,204.99614
2011-06-27 21:00:00,157.4806
2011-06-27 22:00:00,142.56657
2011-06-27 23:00:00,142.56657
2011-06-28 00:00:00,167.12144
2011-06-28 01:00:00,125.702385
2011-06-28 02:00:00,176.81706
2011-06-28 03:00:00,176.81706
2011-06-28 04:00:00,125.702385
2011-06-28 05:00:00,113.38461
2011-06-28 06:00:00,135.72179
2011-06-28 07:00:00,162.4436
2011-06-28 08:00:00,172.36052
2011-06-28 09:00:00,164.54749
2011-06-28 10:00:00,314.52884
2011-06-28 11:00:00,275.7574
2011-06-28 12:00:00,314.7223
2011-06-28 13:00:00,292.4665
2011-06-28 14:00:00,305.9432
2011-06-28 15:00:00,334.7325
2011-06-28 16:00:00,304.44754
2011-06-28 17:00:00,319.51624
2011-06-28 18:00:00,313.58554
2011-06-28 19:00:00,293.66153
2011-06-28 20:00:00,168.8272
2011-06-28 21:00:00,282.8905
2011-06-28 22:00:00,247.58655
2011-06-28 23:00:00,246.49146
2011-06-29 00:00:00,194.28448
2011-06-29 01:00:00,207.98334
2011-06-29 02:00:00,164.12074
2011-06-29 03:00:00,146.09846
2011-06-29 04:00:00,112.92937
2011-06-29 05:00:00,138.52716
2011-06-29 06:00:00,224.41689
2011-06-29 07:00:00,277.0503
2011-06-29 08:00:00,321.9505
2011-06-29 09:00:00,350.39505
2011-06-29 10:00:00,380.47263
2011-06-29 11:00:00,355.3093
2011-06-29 12:00:00,348.695
2011-06-29 13:00:00,372.18195
2011-06-29 14:00:00,358.19894
2011-06-29 15:00:00,359.86026
2011-06-29 16:00:00,405.9689
2011-06-29 17:00:00,387.02176
2011-06-29 18:00:00,356.39316
2011-06-29 19:00:00,423.5303
2011-06-29 20:00:00,381.85202
2011-06-29 21:00:00,374.6883
2011-06-29 22:00:00,390.09738
2011-06-29 23:00:00,312.22888
2011-06-30 00:00:00,260.4608
2011-06-30 01:00:00,234.36966
2011-06-30 02:00:00,221.47418
2011-06-30 03:00:00,218.11569
2011-06-30 04:00:00,208.7695
2011-06-30 05:00:00,195.13228
2011-06-30 06:00:00,212.9266
2011-06-30 07:00:00,222.19237
2011-06-30 08:00:00,330.83694
2011-06-30 09:00:00,386.53723
2011-06-30 10:00:00,382.68954
2011-06-30 11:00:00,376.932
2011-06-30 12:00:00,375.06058
2011-06-30 13:00:00,370.33182
2011-06-30 14:00:00,363.74084
2011-06-30 15:00:00,350.55643
2011-06-30 16:00:00,364.25098
2011-06-30 17:00:00,396.40912
2011-06-30 18:00:00,351.7562
2011-06-30 19:00:00,374.92117
2011-06-30 20:00:00,374.92117
2011-06-30 21:00:00,354.89163
2011-06-30 22:00:00,365.98807
2011-06-30 23:00:00,206.46582
2011-07-20 00:00:00,133.40248
2011-07-20 01:00:00,136.53395
2011-07-20 02:00:00,136.53395
2011-07-20 03:00:00,133.40248
2011-07-20 04:00:00,123.556625
2011-07-20 05:00:00,122.74577
2011-07-20 06:00:00,161.25879
2011-07-20 07:00:00,173.2257
2011-07-20 08:00:00,166.27335
2011-07-20 09:00:00,203.34991
2011-07-20 10:00:00,179.89984
2011-07-20 11:00:00,284.1945
2011-07-20 12:00:00,260.1865
2011-07-20 13:00:00,357.16486
2011-07-20 14:00:00,347.98434
2011-07-20 15:00:00,307.7729
2011-07-20 16:00:00,284.43533
2011-07-20 17:00:00,365.36365
2011-07-20 18:00:00,374.389
2011-07-20 19:00:00,344.0071
2011-07-20 20:00:00,325.99466
2011-07-20 21:00:00,321.79437
2011-07-20 22:00:00,303.5271
2011-07-20 23:00:00,283.69452
2011-07-21 00:00:00,275.2994
2011-07-21 01:00:00,249.83972
2011-07-21 02:00:00,249.83972
2011-07-21 03:00:00,240.92369
2011-07-21 04:00:00,206.54184
2011-07-21 05:00:00,206.54184
2011-07-21 06:00:00,206.54184
2011-07-21 07:00:00,229.05064
2011-07-21 08:00:00,275.63495
2011-07-21 09:00:00,310.72968
2011-07-21 10:00:00,340.62772
2011-07-21 11:00:00,386.97833
2011-07-21 12:00:00,355.9237
2011-07-21 13:00:00,354.5704
2011-07-21 14:00:00,314.3318
2011-07-21 15:00:00,306.26868
2011-07-21 16:00:00,287.82797
2011-07-21 17:00:00,291.99356
2011-07-21 18:00:00,291.92377
2011-07-21 19:00:00,408.9869
2011-07-21 20:00:00,376.7004
2011-07-21 21:00:00,362.37228
2011-07-21 22:00:00,345.10757
2011-07-21 23:00:00,318.6908
2011-07-22 00:00:00,333.46817
2011-07-22 01:00:00,237.13832
2011-07-22 02:00:00,271.69745
2011-07-22 03:00:00,261.02814
2011-07-22 04:00:00,224.87682
2011-07-22 05:00:00,172.58527
2011-07-22 06:00:00,217.66801
2011-07-22 07:00:00,302.84363
2011-07-22 08:00:00,338.0903
2011-07-22 09:00:00,335.62448
2011-07-22 10:00:00,293.62466
2011-07-22 11:00:00,291.12518
2011-07-22 12:00:00,304.80908
2011-07-22 13:00:00,303.94012
2011-07-22 14:00:00,288.12225
2011-07-22 15:00:00,283.44003
2011-07-22 16:00:00,474.1953
2011-07-22 17:00:00,288.1887
2011-07-22 18:00:00,344.0311
2011-07-22 19:00:00,385.3594
2011-07-22 20:00:00,284.43533
2011-07-22 21:00:00,295.70297
2011-07-22 22:00:00,296.26782
2011-07-22 23:00:00,329.90854
2011-07-23 00:00:00,362.0994
2011-07-23 01:00:00,330.0939
2011-07-23 02:00:00,386.73624
2011-07-23 03:00:00,278.9327
2011-07-23 04:00:00,255.97064
2011-07-23 05:00:00,273.7453
2011-07-23 06:00:00,337.75717
2011-07-23 07:00:00,321.2107
2011-07-23 08:00:00,431.30127
2011-07-23 09:00:00,382.61102
2011-07-23 10:00:00,391.52075
2011-07-23 11:00:00,362.55255
2011-07-23 12:00:00,348.69476
2011-07-23 13:00:00,351.51553
2011-07-23 14:00:00,432.158
2011-07-23 15:00:00,438.41806
2011-07-23 16:00:00,348.1993
2011-07-23 17:00:00,348.1993
2011-07-23 18:00:00,350.4606
2011-07-23 19:00:00,343.72177
2011-07-23 20:00:00,357.28958
2011-07-23 21:00:00,357.28958
2011-07-23 22:00:00,339.01306
2011-07-23 23:00:00,317.5343
2011-07-24 00:00:00,317.5343
2011-07-24 01:00:00,280.11993
2011-07-24 02:00:00,309.26846
2011-07-24 03:00:00,309.26846
2011-07-24 04:00:00,280.11993
2011-07-24 05:00:00,278.9327
2011-07-24 06:00:00,319.77167
2011-07-24 07:00:00,327.29767
2011-07-24 08:00:00,389.67453
2011-07-24 09:00:00,398.88452
2011-07-24 10:00:00,450.72348
2011-07-24 11:00:00,416.3757
2011-07-24 12:00:00,360.4708
2011-07-24 13:00:00,396.1246
2011-07-24 14:00:00,419.38477
2011-07-24 15:00:00,370.58453
2011-07-24 16:00:00,370.58453
2011-07-24 17:00:00,373.25128
2011-07-24 18:00:00,377.0767
2011-07-24 19:00:00,381.45932
2011-07-24 20:00:00,382.61102
2011-07-24 21:00:00,320.96268
2011-07-24 22:00:00,259.83405
2011-07-24 23:00:00,256.18262
2011-07-25 00:00:00,247.546
2011-07-25 01:00:00,267.16003
2011-07-25 02:00:00,230.83539
2011-07-25 03:00:00,157.47968
2011-07-25 04:00:00,153.86218
2011-07-25 05:00:00,153.86218
2011-07-25 06:00:00,204.3545
2011-07-25 07:00:00,221.31798
2011-07-25 08:00:00,247.9916
2011-07-25 09:00:00,240.32443
2011-07-25 10:00:00,260.1865
2011-07-25 11:00:00,339.54758
2011-07-25 12:00:00,339.54758
2011-07-25 13:00:00,255.36725
2011-07-25 14:00:00,239.34573
2011-07-25 15:00:00,232.2506
2011-07-25 16:00:00,191.00682
2011-07-25 17:00:00,160.49425
2011-07-25 18:00:00,198.48363
2011-07-25 19:00:00,203.34991
2011-07-25 20:00:00,213.23172
2011-07-25 21:00:00,136.53395
2011-07-25 22:00:00,136.53395
2011-07-25 23:00:00,132.34818
2011-07-26 00:00:00,138.38782
2011-07-26 01:00:00,138.38782
2011-07-26 02:00:00,124.27576
2011-07-26 03:00:00,129.0739
2011-07-26 04:00:00,141.38126
2011-07-26 05:00:00,105.47938
2011-07-26 06:00:00,177.56633
2011-07-26 07:00:00,270.09888
2011-07-26 08:00:00,285.89108
2011-07-26 09:00:00,345.025
2011-07-26 10:00:00,348.81845
2011-07-26 11:00:00,389.20984
2011-07-26 12:00:00,385.80954
2011-07-26 13:00:00,345.0058
2011-07-26 14:00:00,337.20676
2011-07-26 15:00:00,350.65677
2011-07-26 16:00:00,321.6613
2011-07-26 17:00:00,357.6663
2011-07-26 18:00:00,386.09622
2011-07-26 19:00:00,321.01086
2011-07-26 20:00:00,330.6917
2011-07-26 21:00:00,337.8601
2011-07-26 22:00:00,269.47186
2011-07-26 23:00:00,256.96497
2011-07-27 00:00:00,281.45502
2011-07-27 01:00:00,326.3139
2011-07-27 02:00:00,327.28397
2011-07-27 03:00:00,259.04922
2011-07-27 04:00:00,292.17395
2011-07-27 05:00:00,297.7893
2011-07-27 06:00:00,277.0503
2011-07-27 07:00:00,333.83276
2011-07-27 08:00:00,372.44858
2011-07-27 09:00:00,348.695
2011-07-27 10:00:00,382.32846
2011-07-27 11:00:00,390.2646
2011-07-27 12:00:00,345.82324
2011-07-27 13:00:00,380.14127
2011-07-27 14:00:00,332.90973
2011-07-27 15:00:00,329.93222
2011-07-27 16:00:00,339.06125
2011-07-27 17:00:00,335.5163
2011-07-27 18:00:00,368.7792
2011-07-27 19:00:00,384.64447
2011-07-27 20:00:00,355.57175
2011-07-27 21:00:00,262.46686
2011-07-27 22:00:00,230.74805
2011-07-27 23:00:00,265.7244
2011-07-28 00:00:00,255.91412
2011-07-28 01:00:00,208.73029
2011-07-28 02:00:00,243.3269
2011-07-28 03:00:00,194.15755
2011-07-28 04:00:00,218.66551
2011-07-28 05:00:00,204.99614
2011-07-28 06:00:00,172.52975
2011-07-28 07:00:00,232.8574
2011-07-28 08:00:00,254.77942
2011-07-28 09:00:00,312.832
2011-07-28 10:00:00,350.27054
2011-07-28 11:00:00,367.4077
2011-07-28 12:00:00,350.8993
2011-07-28 13:00:00,303.47897
2011-07-28 14:00:00,378.35794
2011-07-28 15:00:00,313.6747
2011-07-28 16:00:00,307.324
2011-07-28 17:00:00,345.68176
2011-07-28 18:00:00,364.5807
2011-07-28 19:00:00,349.47925
2011-07-28 20:00:00,329.90854
2011-07-28 21:00:00,320.2496
2011-07-28 22:00:00,284.6659
2011-07-28 23:00:00,266.71155
2011-07-29 00:00:00,208.5015
2011-07-29 01:00:00,190.77365
2011-07-29 02:00:00,157.47968
2011-07-29 03:00:00,157.47968
2011-07-29 04:00:00,169.27979
2011-07-29 05:00:00,158.40599
2011-07-29 06:00:00,205.02232
2011-07-29 07:00:00,230.83539
2011-07-29 08:00:00,261.0699
2011-07-29 09:00:00,303.47897
2011-07-29 10:00:00,296.59256
2011-07-29 11:00:00,305.65817
2011-07-29 12:00:00,310.20038
2011-07-29 13:00:00,379.42007
2011-07-29 14:00:00,309.71805
2011-07-29 15:00:00,308.2864
2011-07-29 16:00:00,354.76135
2011-07-29 17:00:00,312.6573
2011-07-29 18:00:00,322.46988
2011-07-29 19:00:00,310.62064
2011-07-29 20:00:00,317.51324
2011-07-29 21:00:00,316.83316
2011-07-29 22:00:00,334.92856
2011-07-29 23:00:00,262.46634
2011-07-30 00:00:00,320.92813
2011-07-30 01:00:00,291.37384
2011-07-30 02:00:00,296.01688
2011-07-30 03:00:00,261.47598
2011-07-30 04:00:00,225.87987
2011-07-30 05:00:00,250.65918
2011-07-30 06:00:00,257.9706
2011-07-30 07:00:00,274.8353
2011-07-30 08:00:00,321.42007
2011-07-30 09:00:00,462.3272
2011-07-30 10:00:00,464.0216
2011-07-30 11:00:00,396.83154
2011-07-30 12:00:00,388.21878
2011-07-30 13:00:00,439.92654
2011-07-30 14:00:00,427.3246
2011-07-30 15:00:00,325.84058
2011-07-30 16:00:00,360.89145
2011-07-30 17:00:00,310.7487
2011-07-30 18:00:00,365.23886
2011-07-30 19:00:00,482.4589
2011-07-30 20:00:00,397.40884
2011-07-30 21:00:00,377.46542
2011-07-30 22:00:00,311.1292
2011-07-30 23:00:00,291.37384
2011-07-31 00:00:00,291.37384
2011-07-31 01:00:00,250.73477
2011-07-31 02:00:00,229.94124
2011-07-31 03:00:00,228.44841
2011-07-31 04:00:00,189.39445
2011-07-31 05:00:00,197.60999
2011-07-31 06:00:00,202.09969
2011-07-31 07:00:00,278.8765
2011-07-31 08:00:00,326.05347
2011-07-31 09:00:00,393.60648
2011-07-31 10:00:00,396.85223
2011-07-31 11:00:00,356.70987
2011-07-31 12:00:00,336.32593
2011-07-31 13:00:00,293.26028
2011-07-31 14:00:00,310.0742
2011-07-31 15:00:00,373.7423
2011-07-31 16:00:00,353.91464
2011-07-31 17:00:00,265.8224
2011-07-31 18:00:00,415.2081
2011-07-31 19:00:00,383.6329
2011-07-31 20:00:00,383.6329
2011-07-31 21:00:00,350.67282
2011-07-31 22:00:00,273.81302
2011-07-31 23:00:00,263.90378
2011-08-20 00:00:00,47.875904
2011-08-20 01:00:00,67.81737
2011-08-20 02:00:00,78.432785
2011-08-20 03:00:00,78.432785
2011-08-20 04:00:00,104.60413
2011-08-20 05:00:00,64.30995
2011-08-20 06:00:00,122.29642
2011-08-20 07:00:00,67.81738
2011-08-20 08:00:00,146.59314
2011-08-20 09:00:00,210.16379
2011-08-20 10:00:00,245.00433
2011-08-20 11:00:00,251.5538
2011-08-20 12:00:00,278.8765
2011-08-20 13:00:00,309.63675
2011-08-20 14:00:00,405.37128
2011-08-20 15:00:00,447.17166
2011-08-20 16:00:00,442.22336
2011-08-20 17:00:00,405.37128
2011-08-20 18:00:00,316.68195
2011-08-20 19:00:00,268.4572
2011-08-20 20:00:00,273.2665
2011-08-20 21:00:00,218.11032
2011-08-20 22:00:00,204.22023
2011-08-20 23:00:00,119.819244
2011-08-21 00:00:00,147.43623
2011-08-21 01:00:00,130.49478
2011-08-21 02:00:00,113.069275
2011-08-21 03:00:00,108.34331
2011-08-21 04:00:00,123.06962
2011-08-21 05:00:00,122.40376
2011-08-21 06:00:00,114.47363
2011-08-21 07:00:00,159.7817
2011-08-21 08:00:00,144.40979
2011-08-21 09:00:00,196.1792
2011-08-21 10:00:00,231.84416
2011-08-21 11:00:00,346.0216
2011-08-21 12:00:00,371.9363
2011-08-21 13:00:00,382.70273
2011-08-21 14:00:00,198.03685
2011-08-21 15:00:00,166.14511
2011-08-21 16:00:00,127.85545
2011-08-21 17:00:00,119.73683
2011-08-21 18:00:00,179.94633
2011-08-21 19:00:00,235.94867
2011-08-21 20:00:00,160.59052
2011-08-21 21:00:00,160.59052
2011-08-21 22:00:00,174.53635
2011-08-21 23:00:00,130.2592
2011-08-22 00:00:00,152.87631
2011-08-22 01:00:00,120.92607
2011-08-22 02:00:00,231.19025
2011-08-22 03:00:00,226.08417
2011-08-22 04:00:00,226.92424
2011-08-22 05:00:00,235.9831
2011-08-22 06:00:00,240.69861
2011-08-22 07:00:00,244.32498
2011-08-22 08:00:00,244.32498
2011-08-22 09:00:00,276.73563
2011-08-22 10:00:00,321.9505
2011-08-22 11:00:00,400.58942
2011-08-22 12:00:00,426.588
2011-08-22 13:00:00,397.03195
2011-08-22 14:00:00,418.19495
2011-08-22 15:00:00,371.30408
2011-08-22 16:00:00,418.19495
2011-08-22 17:00:00,387.49384
2011-08-22 18:00:00,367.8388
2011-08-22 19:00:00,371.52255
2011-08-22 20:00:00,375.74866
2011-08-22 21:00:00,396.5001
2011-08-22 22:00:00,413.92557
2011-08-22 23:00:00,381.24866
2011-08-23 00:00:00,321.03482
2011-08-23 01:00:00,262.5219
2011-08-23 02:00:00,249.17181
2011-08-23 03:00:00,224.52994
2011-08-23 04:00:00,254.77644
2011-08-23 05:00:00,242.32788
2011-08-23 06:00:00,226.45697
2011-08-23 07:00:00,264.28934
2011-08-23 08:00:00,228.23264
2011-08-23 09:00:00,251.20544
2011-08-23 10:00:00,319.4741
2011-08-23 11:00:00,377.64795
2011-08-23 12:00:00,321.7965
2011-08-23 13:00:00,398.4274
2011-08-23 14:00:00,398.4865
2011-08-23 15:00:00,364.39536
2011-08-23 16:00:00,395.1174
2011-08-23 17:00:00,364.39536
2011-08-23 18:00:00,374.62793
2011-08-23 19:00:00,287.3222
2011-08-23 20:00:00,262.71146
2011-08-23 21:00:00,179.22928
2011-08-23 22:00:00,221.47418
2011-08-23 23:00:00,211.08316
2011-08-24 00:00:00,221.47418
2011-08-24 01:00:00,204.37082
2011-08-24 02:00:00,173.38925
2011-08-24 03:00:00,173.38925
2011-08-24 04:00:00,128.05385
2011-08-24 05:00:00,128.05385
2011-08-24 06:00:00,112.31435
2011-08-24 07:00:00,184.67049
2011-08-24 08:00:00,180.11327
2011-08-24 09:00:00,210.38724
2011-08-24 10:00:00,276.45972
2011-08-24 11:00:00,309.56055
2011-08-24 12:00:00,307.46548
2011-08-24 13:00:00,349.9005
2011-08-24 14:00:00,349.9005
2011-08-24 15:00:00,366.52512
2011-08-24 16:00:00,315.89172
2011-08-24 17:00:00,305.0275
2011-08-24 18:00:00,318.26962
2011-08-24 19:00:00,318.26962
2011-08-24 20:00:00,293.15112
2011-08-24 21:00:00,273.48703
2011-08-24 22:00:00,262.56857
2011-08-24 23:00:00,237.19675
2011-08-25 00:00:00,222.9912
2011-08-25 01:00:00,237.93994
2011-08-25 02:00:00,237.93994
2011-08-25 03:00:00,208.97908
2011-08-25 04:00:00,204.88559
2011-08-25 05:00:00,202.45555
2011-08-25 06:00:00,199.61978
2011-08-25 07:00:00,191.34383
2011-08-25 08:00:00,229.54214
2011-08-25 09:00:00,245.01578
2011-08-25 10:00:00,257.84683
2011-08-25 11:00:00,222.56607
2011-08-25 12:00:00,222.56607
2011-08-25 13:00:00,138.38782
2011-08-25 14:00:00,224.63821
2011-08-25 15:00:00,233.65979
2011-08-25 16:00:00,158.40599
2011-08-25 17:00:00,158.40599
2011-08-25 18:00:00,215.08508
2011-08-25 19:00:00,172.96802
2011-08-25 20:00:00,194.21426
2011-08-25 21:00:00,183.68149
2011-08-25 22:00:00,106.2155
2011-08-25 23:00:00,109.220764
2011-08-26 00:00:00,117.8639
2011-08-26 01:00:00,106.2155
2011-08-26 02:00:00,101.31457
2011-08-26 03:00:00,92.793495
2011-08-26 04:00:00,96.6473
2011-08-26 05:00:00,134.29898
2011-08-26 06:00:00,96.6473
2011-08-26 07:00:00,102.468956
2011-08-26 08:00:00,112.92937
2011-08-26 09:00:00,144.856
2011-08-26 10:00:00,215.2072
2011-08-26 11:00:00,247.7338
2011-08-26 12:00:00,264.09927
2011-08-26 13:00:00,273.16434
2011-08-26 14:00:00,237.52519
2011-08-26 15:00:00,304.1197
2011-08-26 16:00:00,266.2986
2011-08-26 17:00:00,268.81943
2011-08-26 18:00:00,255.36725
2011-08-26 19:00:00,160.90848
2011-08-26 20:00:00,153.62338
2011-08-26 21:00:00,197.18576
2011-08-26 22:00:00,160.90848
2011-08-26 23:00:00,132.34814
2011-08-27 00:00:00,102.87937
2011-08-27 01:00:00,104.99377
2011-08-27 02:00:00,119.33908
2011-08-27 03:00:00,172.49538
2011-08-27 04:00:00,172.49538
2011-08-27 05:00:00,201.28029
2011-08-27 06:00:00,201.28029
2011-08-27 07:00:00,213.04948
2011-08-27 08:00:00,184.49736
2011-08-27 09:00:00,221.22
2011-08-27 10:00:00,224.67159
2011-08-27 11:00:00,164.37976
2011-08-27 12:00:00,194.13074
2011-08-27 13:00:00,167.31686
2011-08-27 14:00:00,186.28226
2011-08-27 15:00:00,186.28226
2011-08-27 16:00:00,181.65076
2011-08-27 17:00:00,155.88306
2011-08-28 07:00:00,147.19614
2011-08-28 08:00:00,163.6877
2011-08-28 09:00:00,230.89622
2011-08-28 10:00:00,332.1711
2011-08-28 11:00:00,324.1496
2011-08-28 12:00:00,377.24307
2011-08-28 13:00:00,467.28192
2011-08-28 14:00:00,498.2024
2011-08-28 15:00:00,508.4991
2011-08-28 16:00:00,520.98016
2011-08-28 17:00:00,511.9682
2011-08-28 18:00:00,485.09045
2011-08-28 19:00:00,309.78662
2011-08-28 20:00:00,349.79248
2011-08-28 21:00:00,206.3591
2011-08-28 22:00:00,108.31533
2011-08-28 23:00:00,89.47699
2011-08-29 00:00:00,129.50291
2011-08-29 01:00:00,159.20958
2011-08-29 02:00:00,186.90247
2011-08-29 03:00:00,159.20958
2011-08-29 04:00:00,171.34546
2011-08-29 05:00:00,140.73001
2011-08-29 06:00:00,140.73001
2011-08-29 07:00:00,221.392
2011-08-29 08:00:00,237.24185
2011-08-29 09:00:00,255.28157
2011-08-29 10:00:00,322.01938
2011-08-29 11:00:00,281.06323
2011-08-29 12:00:00,298.66556
2011-08-29 13:00:00,305.07617
2011-08-29 14:00:00,264.60403
2011-08-29 15:00:00,365.98807
2011-08-29 16:00:00,368.6252
2011-08-29 17:00:00,307.76285
2011-08-29 18:00:00,327.91537
2011-08-29 19:00:00,327.91537
2011-08-29 20:00:00,243.72398
2011-08-29 21:00:00,250.23009
2011-08-29 22:00:00,221.47418
2011-08-29 23:00:00,199.30034
2011-08-30 00:00:00,140.73001
2011-08-30 01:00:00,157.16064
2011-08-30 02:00:00,127.37688
2011-08-30 03:00:00,142.50426
2011-08-30 04:00:00,128.01044
2011-08-30 05:00:00,115.87825
2011-08-30 06:00:00,127.37688
2011-08-30 07:00:00,171.34546
2011-08-30 08:00:00,221.47418
2011-08-30 09:00:00,287.3222
2011-08-30 10:00:00,392.64563
2011-08-30 11:00:00,368.66336
2011-08-30 12:00:00,326.1121
2011-08-30 13:00:00,377.4314
2011-08-30 14:00:00,384.94522
2011-08-30 15:00:00,361.03372
2011-08-30 16:00:00,374.88034
2011-08-30 17:00:00,382.68954
2011-08-30 18:00:00,317.42563
2011-08-30 19:00:00,231.19855
2011-08-30 20:00:00,206.46582
2011-08-30 21:00:00,184.59154
2011-08-30 22:00:00,165.29652
2011-08-30 23:00:00,165.29652
2011-08-31 00:00:00,134.87221
2011-08-31 01:00:00,134.87221
2011-08-31 02:00:00,112.31433
2011-08-31 03:00:00,106.5573
2011-08-31 04:00:00,112.31433
2011-08-31 05:00:00,102.53217
2011-08-31 06:00:00,108.79974
2011-08-31 07:00:00,111.24386
2011-08-31 08:00:00,139.60574
2011-08-31 09:00:00,155.05124
2011-08-31 10:00:00,267.7534
2011-08-31 11:00:00,332.53217
2011-08-31 12:00:00,325.41098
2011-08-31 13:00:00,359.33197
2011-08-31 14:00:00,357.58084
2011-08-31 15:00:00,357.58084
2011-08-31 16:00:00,336.06693
2011-08-31 17:00:00,292.1843
2011-08-31 18:00:00,298.19394
2011-08-31 19:00:00,311.48343
2011-08-31 20:00:00,226.75479
2011-08-31 21:00:00,203.26167
2011-08-31 22:00:00,135.68878
2011-08-31 23:00:00,116.62995
2011-09-20 00:00:00,153.91284
2011-09-20 01:00:00,117.634796
2011-09-20 02:00:00,117.634796
2011-09-20 03:00:00,130.44882
2011-09-20 04:00:00,112.727036
2011-09-20 05:00:00,122.20838
2011-09-20 06:00:00,122.20838
2011-09-20 07:00:00,117.634796
2011-09-20 08:00:00,104.71767
2011-09-20 09:00:00,104.28322
2011-09-20 10:00:00,107.87222
2011-09-20 11:00:00,107.87222
2011-09-20 12:00:00,122.79038
2011-09-20 13:00:00,122.29463
2011-09-20 14:00:00,140.7445
2011-09-20 15:00:00,142.8688
2011-09-20 16:00:00,141.8137
2011-09-20 17:00:00,107.11605
2011-09-20 18:00:00,107.11605
2011-09-20 19:00:00,95.95125
2011-09-20 20:00:00,83.60042
2011-09-20 21:00:00,83.6004
2011-09-20 22:00:00,83.6004
2011-09-20 23:00:00,83.6004
2011-09-21 00:00:00,69.67516
2011-09-21 01:00:00,81.60855
2011-09-21 02:00:00,81.60855
2011-09-21 03:00:00,116.92895
2011-09-21 04:00:00,104.56179
2011-09-21 05:00:00,104.005226
2011-09-21 06:00:00,106.71243
2011-09-21 07:00:00,106.71243
2011-09-21 08:00:00,109.67573
2011-09-21 09:00:00,117.49532
2011-09-21 10:00:00,128.09763
2011-09-21 11:00:00,148.63583
2011-09-21 12:00:00,142.73994
2011-09-21 13:00:00,199.04245
2011-09-21 14:00:00,205.32803
2011-09-21 15:00:00,184.82686
2011-09-21 16:00:00,184.82686
2011-09-21 17:00:00,199.28659
2011-09-21 18:00:00,134.37909
2011-09-21 19:00:00,139.27142
2011-09-21 20:00:00,139.27142
2011-09-21 21:00:00,102.76184
2011-09-21 22:00:00,126.47603
2011-09-21 23:00:00,69.211685
2011-09-22 00:00:00,69.211685
2011-09-22 01:00:00,118.47348
2011-09-22 02:00:00,116.17658
2011-09-22 03:00:00,118.47347
2011-09-22 04:00:00,118.47347
2011-09-22 05:00:00,116.17658
2011-09-22 06:00:00,95.90109
2011-09-22 07:00:00,100.73254
2011-09-22 08:00:00,98.10884
2011-09-22 09:00:00,138.30496
2011-09-22 10:00:00,161.06766
2011-09-22 11:00:00,157.56412
2011-09-22 12:00:00,160.9696
2011-09-22 13:00:00,165.69496
2011-09-22 14:00:00,170.20108
2011-09-22 15:00:00,190.16289
2011-09-22 16:00:00,204.33922
2011-09-22 17:00:00,151.3731
2011-09-22 18:00:00,136.6312
2011-09-22 19:00:00,141.86108
2011-09-22 20:00:00,127.92433
2011-09-22 21:00:00,141.86108
2011-09-22 22:00:00,107.18492
2011-09-22 23:00:00,126.47603
2011-09-23 00:00:00,158.83958
2011-09-23 01:00:00,114.123405
2011-09-23 02:00:00,127.83766
2011-09-23 03:00:00,114.123405
2011-09-23 04:00:00,121.72453
2011-09-23 05:00:00,131.08023
2011-09-23 06:00:00,158.83958
2011-09-23 07:00:00,146.89507
2011-09-23 08:00:00,146.89507
2011-09-23 09:00:00,121.96753
2011-09-23 10:00:00,137.79094
2011-09-23 11:00:00,137.79092
2011-09-23 12:00:00,163.17651
2011-09-23 13:00:00,130.10748
2011-09-23 14:00:00,130.10748
2011-09-23 15:00:00,163.17648
2011-09-23 16:00:00,145.61217
2011-09-23 17:00:00,114.123405
2011-09-23 18:00:00,84.50581
2011-09-23 19:00:00,120.35839
2011-09-23 20:00:00,106.18886
2011-09-23 21:00:00,85.7901
2011-09-23 22:00:00,114.80767
2011-09-23 23:00:00,125.43488
2011-09-24 00:00:00,70.6643
2011-09-24 01:00:00,145.16489
2011-09-24 02:00:00,145.16489
2011-09-24 03:00:00,74.87201
2011-09-24 04:00:00,101.97063
2011-09-24 05:00:00,145.03026
2011-09-24 06:00:00,145.03026
2011-09-24 07:00:00,184.22061
2011-09-24 08:00:00,174.19568
2011-09-24 09:00:00,186.79442
2011-09-24 10:00:00,186.79442
2011-09-24 11:00:00,224.4801
2011-09-24 12:00:00,224.4801
2011-09-24 13:00:00,206.4645
2011-09-24 14:00:00,293.4916
2011-09-24 15:00:00,293.4916
2011-09-24 16:00:00,284.68524
2011-09-24 17:00:00,269.02045
2011-09-24 18:00:00,232.73259
2011-09-24 19:00:00,101.38449
2011-09-24 20:00:00,141.77559
2011-09-24 21:00:00,192.81027
2011-09-24 22:00:00,151.14137
2011-09-24 23:00:00,186.79442
2011-09-25 00:00:00,152.94183
2011-09-25 01:00:00,184.93929
2011-09-25 02:00:00,150.03235
2011-09-25 03:00:00,150.03235
2011-09-25 04:00:00,148.6088
2011-09-25 05:00:00,143.29231
2011-09-25 06:00:00,184.93929
2011-09-25 07:00:00,128.25728
2011-09-25 08:00:00,151.14137
2011-09-25 09:00:00,186.71259
2011-09-25 10:00:00,186.71259
2011-09-25 11:00:00,252.74937
2011-09-25 12:00:00,254.5131
2011-09-25 13:00:00,336.98575
2011-09-25 14:00:00,254.5131
2011-09-25 15:00:00,254.5131
2011-09-25 16:00:00,348.82245
2011-09-25 17:00:00,283.94775
2011-09-25 18:00:00,283.94775
2011-09-25 19:00:00,169.53241
2011-09-25 20:00:00,196.75731
2011-09-25 21:00:00,96.0291
2011-09-25 22:00:00,142.76323
2011-09-25 23:00:00,144.39099
2011-09-26 00:00:00,131.08023
2011-09-26 01:00:00,182.8222
2011-09-26 02:00:00,182.8222
2011-09-26 03:00:00,131.08025
2011-09-26 04:00:00,158.83958
2011-09-26 05:00:00,147.30333
2011-09-26 06:00:00,158.83958
2011-09-26 07:00:00,131.08023
2011-09-26 08:00:00,131.08023
2011-09-26 09:00:00,174.07341
2011-09-26 10:00:00,174.07341
2011-09-26 11:00:00,241.53131
2011-09-26 12:00:00,279.08398
2011-09-26 13:00:00,306.80664
2011-09-26 14:00:00,342.44205
2011-09-26 15:00:00,342.61575
2011-09-26 16:00:00,355.2818
2011-09-26 17:00:00,346.8915
2011-09-26 18:00:00,194.77068
2011-09-26 19:00:00,202.40613
2011-09-26 20:00:00,154.36226
2011-09-26 21:00:00,154.36226
2011-09-26 22:00:00,120.35839
2011-09-26 23:00:00,120.35839
2011-09-27 00:00:00,120.35839
2011-09-27 01:00:00,120.49255
2011-09-27 02:00:00,124.92037
2011-09-27 03:00:00,131.08023
2011-09-27 04:00:00,168.96692
2011-09-27 05:00:00,168.96692
2011-09-27 06:00:00,154.97716
2011-09-27 07:00:00,154.97716
2011-09-27 08:00:00,180.3179
2011-09-27 09:00:00,165.00609
2011-09-27 10:00:00,141.14798
2011-09-27 11:00:00,182.26843
2011-09-27 12:00:00,183.67784
2011-09-27 13:00:00,296.00928
2011-09-27 14:00:00,264.78857
2011-09-27 15:00:00,210.73534
2011-09-27 16:00:00,230.57074
2011-09-27 17:00:00,183.37152
2011-09-27 18:00:00,168.36797
2011-09-27 19:00:00,180.33066
2011-09-27 20:00:00,173.77408
2011-09-27 21:00:00,149.11081
2011-09-27 22:00:00,161.92485
2011-09-27 23:00:00,161.92485
2011-09-28 00:00:00,129.64478
2011-09-28 01:00:00,129.64478
2011-09-28 02:00:00,164.48865
2011-09-28 03:00:00,153.93365
2011-09-28 04:00:00,129.64478
2011-09-28 05:00:00,126.641685
2011-09-28 06:00:00,126.10292
2011-09-28 07:00:00,126.10292
2011-09-28 08:00:00,133.2698
2011-09-28 09:00:00,133.2698
2011-09-28 10:00:00,131.08023
2011-09-28 11:00:00,212.84673
2011-09-28 12:00:00,204.46474
2011-09-28 13:00:00,274.82327
2011-09-28 14:00:00,322.56653
2011-09-28 15:00:00,346.8915
2011-09-28 16:00:00,327.49548
2011-09-28 17:00:00,307.80176
2011-09-28 18:00:00,204.34448
2011-09-28 19:00:00,204.3445
2011-09-28 20:00:00,174.55965
2011-09-28 21:00:00,160.10219
2011-09-28 22:00:00,161.92485
2011-09-28 23:00:00,117.37247
2011-09-29 00:00:00,112.6102
2011-09-29 01:00:00,116.61123
2011-09-29 02:00:00,116.61123
2011-09-29 03:00:00,127.62263
2011-09-29 04:00:00,162.82368
2011-09-29 05:00:00,179.75812
2011-09-29 06:00:00,182.29341
2011-09-29 07:00:00,159.90398
2011-09-29 08:00:00,149.11081
2011-09-29 09:00:00,206.65163
2011-09-29 10:00:00,350.63412
2011-09-29 11:00:00,354.90857
2011-09-29 12:00:00,373.9895
2011-09-29 13:00:00,354.0072
2011-09-29 14:00:00,381.99506
2011-09-29 15:00:00,407.82077
2011-09-29 16:00:00,430.49164
2011-09-29 17:00:00,391.7755
2011-09-29 18:00:00,472.39252
2011-09-29 19:00:00,277.52405
2011-09-29 20:00:00,290.00067
2011-09-29 21:00:00,358.40723
2011-09-29 22:00:00,260.998
2011-09-29 23:00:00,220.18097
2011-09-30 00:00:00,182.9087
2011-09-30 01:00:00,218.35152
2011-09-30 02:00:00,182.9087
2011-09-30 03:00:00,182.90869
2011-09-30 04:00:00,168.87106
2011-09-30 05:00:00,168.87108
2011-09-30 06:00:00,174.10951
2011-09-30 07:00:00,174.10951
2011-09-30 08:00:00,238.74786
2011-09-30 09:00:00,258.57095
2011-09-30 10:00:00,316.2289
2011-09-30 11:00:00,338.814
2011-09-30 12:00:00,320.15707
2011-09-30 13:00:00,376.9658
2011-09-30 14:00:00,362.27942
2011-09-30 15:00:00,365.1431
2011-09-30 16:00:00,339.48257
2011-09-30 17:00:00,343.52274
2011-09-30 18:00:00,320.2897
2011-09-30 19:00:00,268.73523
2011-09-30 20:00:00,268.73523
2011-09-30 21:00:00,309.4266
2011-09-30 22:00:00,247.53711
2011-09-30 23:00:00,247.53711
2011-10-20 00:00:00,159.95917
2011-10-20 01:00:00,176.89899
2011-10-20 02:00:00,195.45154
2011-10-20 03:00:00,197.96161
2011-10-20 04:00:00,197.96161
2011-10-20 05:00:00,180.03284
2011-10-20 06:00:00,181.11856
2011-10-20 07:00:00,183.9454
2011-10-20 08:00:00,206.5318
2011-10-20 09:00:00,208.05994
2011-10-20 10:00:00,214.01297
2011-10-20 11:00:00,278.04028
2011-10-20 12:00:00,310.03415
2011-10-20 13:00:00,333.42606
2011-10-20 14:00:00,309.91455
2011-10-20 15:00:00,301.6328
2011-10-20 16:00:00,301.6328
2011-10-20 17:00:00,304.5583
2011-10-20 18:00:00,234.7248
2011-10-20 19:00:00,254.71512
2011-10-20 20:00:00,245.16399
2011-10-20 21:00:00,241.15279
2011-10-20 22:00:00,241.04839
2011-10-20 23:00:00,245.92589
2011-10-21 00:00:00,214.17969
2011-10-21 01:00:00,230.25352
2011-10-21 02:00:00,218.25836
2011-10-21 03:00:00,156.36769
2011-10-21 04:00:00,158.73119
2011-10-21 05:00:00,152.67828
2011-10-21 06:00:00,158.73119
2011-10-21 07:00:00,158.73119
2011-10-21 08:00:00,245.8801
2011-10-21 09:00:00,281.17862
2011-10-21 10:00:00,303.59003
2011-10-21 11:00:00,273.68143
2011-10-21 12:00:00,281.67365
2011-10-21 13:00:00,269.23804
2011-10-21 14:00:00,323.92365
2011-10-21 15:00:00,279.39893
2011-10-21 16:00:00,276.36682
2011-10-21 17:00:00,237.30573
2011-10-21 18:00:00,243.09781
2011-10-21 19:00:00,237.85849
2011-10-21 20:00:00,253.21721
2011-10-21 21:00:00,281.73398
2011-10-21 22:00:00,286.97736
2011-10-21 23:00:00,230.25352
2011-10-22 00:00:00,194.95502
2011-10-22 01:00:00,194.95502
2011-10-22 02:00:00,193.61317
2011-10-22 03:00:00,215.04784
2011-10-22 04:00:00,229.70862
2011-10-22 05:00:00,233.39995
2011-10-22 06:00:00,170.1176
2011-10-22 07:00:00,141.49962
2011-10-22 08:00:00,204.67477
2011-10-22 09:00:00,275.2451
2011-10-22 10:00:00,276.15314
2011-10-22 11:00:00,276.15314
2011-10-22 12:00:00,354.27542
2011-10-22 13:00:00,423.0179
2011-10-22 14:00:00,239.22415
2011-10-22 15:00:00,252.84476
2011-10-22 16:00:00,334.93427
2011-10-22 17:00:00,316.94363
2011-10-22 18:00:00,344.7818
2011-10-22 19:00:00,270.39844
2011-10-22 20:00:00,257.3719
2011-10-22 21:00:00,161.24591
2011-10-22 22:00:00,161.24591
2011-10-22 23:00:00,114.12473
2011-10-23 00:00:00,98.25815
2011-10-23 01:00:00,98.25815
2011-10-23 02:00:00,105.26475
2011-10-23 03:00:00,88.176926
2011-10-23 04:00:00,88.176926
2011-10-23 05:00:00,76.28858
2011-10-23 06:00:00,101.060394
2011-10-23 07:00:00,105.26475
2011-10-23 08:00:00,116.13603
2011-10-23 09:00:00,161.24591
2011-10-23 10:00:00,243.18523
2011-10-23 11:00:00,198.60986
2011-10-23 12:00:00,245.14813
2011-10-23 13:00:00,291.3827
2011-10-23 14:00:00,270.5193
2011-10-23 15:00:00,357.28513
2011-10-23 16:00:00,291.3827
2011-10-23 17:00:00,316.6486
2011-10-23 18:00:00,344.63846
2011-10-23 19:00:00,174.47478
2011-10-23 20:00:00,253.13696
2011-10-23 21:00:00,253.13696
2011-10-23 22:00:00,190.33965
2011-10-23 23:00:00,159.74303
2011-10-24 00:00:00,152.62769
2011-10-24 01:00:00,130.48637
2011-10-24 02:00:00,120.793434
2011-10-24 03:00:00,124.34011
2011-10-24 04:00:00,112.32922
2011-10-24 05:00:00,110.84708
2011-10-24 06:00:00,120.793434
2011-10-24 07:00:00,121.62764
2011-10-24 08:00:00,124.921776
2011-10-24 09:00:00,141.18927
2011-10-24 10:00:00,170.70438
2011-10-24 11:00:00,252.34267
2011-10-24 12:00:00,325.2342
2011-10-24 13:00:00,289.68338
2011-10-24 14:00:00,306.96823
2011-10-24 15:00:00,375.29123
2011-10-24 16:00:00,315.27798
2011-10-24 17:00:00,329.45483
2011-10-24 18:00:00,393.8379
2011-10-24 19:00:00,174.07103
2011-10-24 20:00:00,179.93939
2011-10-24 21:00:00,129.40036
2011-10-24 22:00:00,216.78357
2011-10-24 23:00:00,207.22151
2011-10-25 00:00:00,183.90178
2011-10-25 01:00:00,183.90178
2011-10-25 02:00:00,132.64568
2011-10-25 03:00:00,108.59371
2011-10-25 04:00:00,127.6918
2011-10-25 05:00:00,127.6918
2011-10-25 06:00:00,124.98661
2011-10-25 07:00:00,167.68484
2011-10-25 08:00:00,190.0586
2011-10-25 09:00:00,282.16113
2011-10-25 10:00:00,265.01428
2011-10-25 11:00:00,267.06418
2011-10-25 12:00:00,355.72702
2011-10-25 13:00:00,383.0764
2011-10-25 14:00:00,377.22943
2011-10-25 15:00:00,340.22983
2011-10-25 16:00:00,451.3899
2011-10-25 17:00:00,340.22983
2011-10-25 18:00:00,294.66068
2011-10-25 19:00:00,258.2975
2011-10-25 20:00:00,282.69205
2011-10-25 21:00:00,225.16714
2011-10-25 22:00:00,247.1179
2011-10-25 23:00:00,225.16714
2011-10-26 00:00:00,205.97415
2011-10-26 01:00:00,205.61261
2011-10-26 02:00:00,250.1542
2011-10-26 03:00:00,216.7778
2011-10-26 04:00:00,194.22864
2011-10-26 05:00:00,197.82674
2011-10-26 06:00:00,197.82674
2011-10-26 07:00:00,210.35953
2011-10-26 08:00:00,240.62044
2011-10-26 09:00:00,268.29254
2011-10-26 10:00:00,269.28433
2011-10-26 11:00:00,238.37541
2011-10-26 12:00:00,256.87155
2011-10-26 13:00:00,322.8305
2011-10-26 14:00:00,189.2311
2011-10-26 15:00:00,189.2311
2011-10-26 16:00:00,230.52545
2011-10-26 17:00:00,226.87213
2011-10-26 18:00:00,226.9651
2011-10-26 19:00:00,145.11015
2011-10-26 20:00:00,117.27419
2011-10-26 21:00:00,189.2311
2011-10-26 22:00:00,135.367
2011-10-26 23:00:00,135.367
2011-10-27 00:00:00,107.0245
2011-10-27 01:00:00,107.0245
2011-10-27 02:00:00,113.09425
2011-10-27 03:00:00,113.09424
2011-10-27 04:00:00,137.27103
2011-10-27 05:00:00,133.10892
2011-10-27 06:00:00,176.83987
2011-10-27 07:00:00,116.8226
2011-10-27 08:00:00,126.45526
2011-10-27 09:00:00,162.48175
2011-10-27 10:00:00,130.50957
2011-10-27 11:00:00,131.26038
2011-10-27 12:00:00,131.26038
2011-10-27 13:00:00,132.70805
2011-10-27 14:00:00,156.90007
2011-10-27 15:00:00,188.81534
2011-10-27 16:00:00,291.09296
2011-10-27 17:00:00,195.94318
2011-10-27 18:00:00,197.34592
2011-10-27 19:00:00,185.85852
2011-10-27 20:00:00,198.8723
2011-10-27 21:00:00,207.95755
2011-10-27 22:00:00,169.75858
2011-10-27 23:00:00,168.43567
2011-10-28 00:00:00,184.06454
2011-10-28 01:00:00,176.83607
2011-10-28 02:00:00,173.2723
2011-10-28 03:00:00,156.07913
2011-10-28 04:00:00,167.38034
2011-10-28 05:00:00,164.31226
2011-10-28 06:00:00,160.26935
2011-10-28 07:00:00,160.26935
2011-10-28 08:00:00,175.86269
2011-10-28 09:00:00,200.27936
2011-10-28 10:00:00,212.67438
2011-10-28 11:00:00,237.1532
2011-10-28 12:00:00,234.42351
2011-10-28 13:00:00,226.10732
2011-10-28 14:00:00,230.33293
2011-10-28 15:00:00,210.67485
2011-10-28 16:00:00,243.86778
2011-10-28 17:00:00,256.477
2011-10-28 18:00:00,246.98639
2011-10-28 19:00:00,256.477
2011-10-28 20:00:00,179.69034
2011-10-28 21:00:00,141.8566
2011-10-28 22:00:00,105.56099
2011-10-28 23:00:00,75.614525
2011-10-29 00:00:00,22.435268
2011-10-29 01:00:00,26.986464
2011-10-29 02:00:00,26.986464
2011-10-29 03:00:00,11.942426
2011-10-29 04:00:00,11.942426
2011-10-29 05:00:00,8.199582
2011-10-29 06:00:00,7.1508284
2011-10-29 07:00:00,7.1508284
2011-10-29 08:00:00,14.030512
2011-10-29 09:00:00,14.030512
2011-10-29 10:00:00,11.432696
2011-10-29 11:00:00,5.3846817
2011-10-29 12:00:00,0.0
2011-10-29 13:00:00,0.0
2011-10-29 14:00:00,0.0
2011-10-29 15:00:00,24.892952
2011-10-29 16:00:00,4.111169
2011-10-29 17:00:00,4.111169
2011-10-29 18:00:00,4.111169
2011-10-29 19:00:00,17.364006
2011-10-29 20:00:00,17.364006
2011-10-29 21:00:00,17.364014
2011-10-29 22:00:00,41.961452
2011-10-29 23:00:00,50.162106
2011-10-30 00:00:00,41.961452
2011-10-30 01:00:00,37.927628
2011-10-30 02:00:00,31.530798
2011-10-30 03:00:00,24.390188
2011-10-30 04:00:00,21.11748
2011-10-30 05:00:00,36.58223
2011-10-30 06:00:00,51.468758
2011-10-30 07:00:00,15.334731
2011-10-30 08:00:00,75.3507
2011-10-30 09:00:00,111.96155
2011-10-30 10:00:00,146.64732
2011-10-30 11:00:00,186.02385
2011-10-30 12:00:00,214.67598
2011-10-30 13:00:00,242.18417
2011-10-30 14:00:00,300.78793
2011-10-30 15:00:00,362.1205
2011-10-30 16:00:00,411.28525
2011-10-30 17:00:00,345.56378
2011-10-30 18:00:00,220.95378
2011-10-30 19:00:00,333.22705
2011-10-30 20:00:00,241.74686
2011-10-30 21:00:00,132.75757
2011-10-30 22:00:00,74.87326
2011-10-30 23:00:00,31.50931
2011-10-31 00:00:00,93.890976
2011-10-31 01:00:00,80.90692
2011-10-31 02:00:00,81.05959
2011-10-31 03:00:00,133.56334
2011-10-31 04:00:00,81.05962
2011-10-31 05:00:00,76.79465
2011-10-31 06:00:00,81.05959
2011-10-31 07:00:00,85.44068
2011-10-31 08:00:00,120.32245
2011-10-31 09:00:00,144.69847
2011-10-31 10:00:00,236.48682
2011-10-31 11:00:00,301.4532
2011-10-31 12:00:00,238.82016
2011-10-31 13:00:00,241.99838
2011-10-31 14:00:00,233.88525
2011-10-31 15:00:00,284.1746
2011-10-31 16:00:00,286.97736
2011-10-31 17:00:00,311.36325
2011-10-31 18:00:00,236.48775
2011-10-31 19:00:00,236.48775
2011-10-31 20:00:00,236.48775
2011-10-31 21:00:00,149.05193
2011-10-31 22:00:00,149.05193
2011-10-31 23:00:00,149.05193
2011-11-20 00:00:00,184.59785
2011-11-20 01:00:00,193.61317
2011-11-20 02:00:00,194.5284
2011-11-20 03:00:00,181.3055
2011-11-20 04:00:00,170.44543
2011-11-20 05:00:00,184.21922
2011-11-20 06:00:00,185.8184
2011-11-20 07:00:00,184.766
2011-11-20 08:00:00,175.4748
2011-11-20 09:00:00,188.0217
2011-11-20 10:00:00,232.6328
2011-11-20 11:00:00,342.78656
2011-11-20 12:00:00,283.29947
2011-11-20 13:00:00,271.66095
2011-11-20 14:00:00,224.9551
2011-11-20 15:00:00,229.12402
2011-11-20 16:00:00,310.47943
2011-11-20 17:00:00,254.43108
2011-11-20 18:00:00,265.14267
2011-11-20 19:00:00,275.44998
2011-11-20 20:00:00,332.02835
2011-11-20 21:00:00,237.47473
2011-11-20 22:00:00,131.86096
2011-11-20 23:00:00,131.86096
2011-11-21 00:00:00,108.93468
2011-11-21 01:00:00,110.735466
2011-11-21 02:00:00,111.05028
2011-11-21 03:00:00,114.97959
2011-11-21 04:00:00,114.97959
2011-11-21 05:00:00,115.584045
2011-11-21 06:00:00,117.61432
2011-11-21 07:00:00,117.899315
2011-11-21 08:00:00,108.93468
2011-11-21 09:00:00,117.404175
2011-11-21 10:00:00,156.90007
2011-11-21 11:00:00,188.81534
2011-11-21 12:00:00,209.92207
2011-11-21 13:00:00,209.92207
2011-11-21 14:00:00,159.66351
2011-11-21 15:00:00,114.97202
2011-11-21 16:00:00,114.97202
2011-11-21 17:00:00,118.05966
2011-11-21 18:00:00,118.64264
2011-11-21 19:00:00,115.94032
2011-11-21 20:00:00,122.046715
2011-11-21 21:00:00,117.947334
2011-11-21 22:00:00,116.41026
2011-11-21 23:00:00,117.947334
2011-11-22 00:00:00,115.5947
2011-11-22 01:00:00,113.59146
2011-11-22 02:00:00,121.62374
2011-11-22 03:00:00,121.62374
2011-11-22 04:00:00,115.73683
2011-11-22 05:00:00,115.73683
2011-11-22 06:00:00,121.62764
2011-11-22 07:00:00,120.48171
2011-11-22 08:00:00,120.48171
2011-11-22 09:00:00,113.392555
2011-11-22 10:00:00,113.392555
2011-11-22 11:00:00,113.59146
2011-11-22 12:00:00,120.91876
2011-11-22 13:00:00,119.38744
2011-11-22 14:00:00,119.38744
2011-11-22 15:00:00,112.607925
2011-11-22 16:00:00,112.607925
2011-11-22 17:00:00,118.15313
2011-11-22 18:00:00,115.293884
2011-11-22 19:00:00,113.74351
2011-11-22 20:00:00,124.25687
2011-11-22 21:00:00,129.97348
2011-11-22 22:00:00,121.72866
2011-11-22 23:00:00,134.4322
2011-11-23 00:00:00,134.4322
2011-11-23 01:00:00,141.2881
2011-11-23 02:00:00,129.50917
2011-11-23 03:00:00,129.50919
2011-11-23 04:00:00,150.2106
2011-11-23 05:00:00,122.56848
2011-11-23 06:00:00,115.584045
2011-11-23 07:00:00,118.43966
2011-11-23 08:00:00,117.404175
2011-11-23 09:00:00,124.208145
2011-11-23 10:00:00,124.208145
2011-11-23 11:00:00,188.75288
2011-11-23 12:00:00,237.31374
2011-11-23 13:00:00,269.0521
2011-11-23 14:00:00,246.36267
2011-11-23 15:00:00,246.92052
2011-11-23 16:00:00,183.66658
2011-11-23 17:00:00,149.26349
2011-11-23 18:00:00,237.36356
2011-11-23 19:00:00,198.32532
2011-11-23 20:00:00,179.85536
2011-11-23 21:00:00,184.37906
2011-11-23 22:00:00,168.43567
2011-11-23 23:00:00,175.82433
2011-11-24 00:00:00,94.9206
2011-11-24 01:00:00,110.41908
2011-11-24 02:00:00,96.3136
2011-11-24 03:00:00,2.3836224
2011-11-24 04:00:00,21.51547
2011-11-24 05:00:00,31.28542
2011-11-24 06:00:00,21.51547
2011-11-24 07:00:00,0.18984883
2011-11-24 08:00:00,5.324091
2011-11-24 09:00:00,19.221754
2011-11-24 10:00:00,57.89897
2011-11-24 11:00:00,223.00581
2011-11-24 12:00:00,291.84482
2011-11-24 13:00:00,336.87036
2011-11-24 14:00:00,292.45184
2011-11-24 15:00:00,327.96643
2011-11-24 16:00:00,296.2
2011-11-24 17:00:00,383.1442
2011-11-24 18:00:00,314.94852
2011-11-24 19:00:00,288.1696
2011-11-24 20:00:00,106.43697
2011-11-24 21:00:00,132.45682
2011-11-24 22:00:00,132.45682
2011-11-24 23:00:00,26.295727
2011-11-25 00:00:00,146.95413
2011-11-25 01:00:00,118.06565
2011-11-25 02:00:00,133.46436
2011-11-25 03:00:00,137.3785
2011-11-25 04:00:00,136.97339
2011-11-25 05:00:00,79.143105
2011-11-25 06:00:00,135.2369
2011-11-25 07:00:00,80.90692
2011-11-25 08:00:00,150.48535
2011-11-25 09:00:00,105.99113
2011-11-25 10:00:00,158.73119
2011-11-25 11:00:00,235.0547
2011-11-25 12:00:00,361.69882
2011-11-25 13:00:00,273.68143
2011-11-25 14:00:00,375.59488
2011-11-25 15:00:00,435.69034
2011-11-25 16:00:00,366.2447
2011-11-25 17:00:00,324.33594
2011-11-25 18:00:00,319.81155
2011-11-25 19:00:00,216.06317
2011-11-25 20:00:00,297.08142
2011-11-25 21:00:00,163.36218
2011-11-25 22:00:00,147.16463
2011-11-25 23:00:00,134.165
2011-11-26 00:00:00,130.18695
2011-11-26 01:00:00,109.39391
2011-11-26 02:00:00,98.43395
2011-11-26 03:00:00,66.60212
2011-11-26 04:00:00,66.60212
2011-11-26 05:00:00,105.81158
2011-11-26 06:00:00,141.1684
2011-11-26 07:00:00,52.37396
2011-11-26 08:00:00,109.39391
2011-11-26 09:00:00,124.23849
2011-11-26 10:00:00,106.96295
2011-11-26 11:00:00,248.11293
2011-11-26 12:00:00,390.59943
2011-11-26 13:00:00,414.05997
2011-11-26 14:00:00,294.37164
2011-11-26 15:00:00,328.94678
2011-11-26 16:00:00,278.6223
2011-11-26 17:00:00,278.6223
2011-11-26 18:00:00,208.31595
2011-11-26 19:00:00,224.8973
2011-11-26 20:00:00,340.13824
2011-11-26 21:00:00,119.423584
2011-11-26 22:00:00,164.64024
2011-11-26 23:00:00,106.96295
2011-11-27 00:00:00,106.96295
2011-11-27 01:00:00,106.96295
2011-11-27 02:00:00,94.28375
2011-11-27 03:00:00,88.176926
2011-11-27 04:00:00,113.78449
2011-11-27 05:00:00,117.195404
2011-11-27 06:00:00,138.3184
2011-11-27 07:00:00,135.95331
2011-11-27 08:00:00,145.74847
2011-11-27 09:00:00,177.80478
2011-11-27 10:00:00,177.80478
2011-11-27 11:00:00,198.33359
2011-11-27 12:00:00,264.98462
2011-11-27 13:00:00,296.29556
2011-11-27 14:00:00,472.01788
2011-11-27 15:00:00,468.2004
2011-11-27 16:00:00,299.10974
2011-11-27 17:00:00,314.65073
2011-11-27 18:00:00,271.44485
2011-11-27 19:00:00,194.8613
2011-11-27 20:00:00,213.60783
2011-11-27 21:00:00,189.23264
2011-11-27 22:00:00,176.5104
2011-11-27 23:00:00,176.5104
2011-11-28 00:00:00,184.25511
2011-11-28 01:00:00,184.59718
2011-11-28 03:00:00,141.56128
2011-11-28 04:00:00,153.30798
2011-11-28 05:00:00,108.59371
2011-11-28 06:00:00,134.75636
2011-11-28 07:00:00,107.70336
2011-11-28 08:00:00,112.79249
2011-11-28 09:00:00,135.79225
2011-11-28 10:00:00,197.64908
2011-11-28 11:00:00,325.2342
2011-11-28 12:00:00,398.87152
2011-11-28 13:00:00,335.45126
2011-11-28 14:00:00,315.7809
2011-11-28 15:00:00,382.5971
2011-11-28 16:00:00,342.20343
2011-11-28 17:00:00,349.73932
2011-11-28 18:00:00,302.70535
2011-11-28 19:00:00,222.20563
2011-11-28 20:00:00,214.39694
2011-11-28 21:00:00,200.47409
2011-11-28 22:00:00,188.81534
2011-11-28 23:00:00,174.12343
2011-11-29 00:00:00,143.11996
2011-11-29 01:00:00,185.25189
2011-11-29 02:00:00,126.766235
2011-11-29 03:00:00,126.766235
2011-11-29 04:00:00,173.15488
2011-11-29 05:00:00,168.07458
2011-11-29 06:00:00,176.17516
2011-11-29 07:00:00,196.2015
2011-11-29 08:00:00,189.04596
2011-11-29 09:00:00,185.16795
2011-11-29 10:00:00,185.16795
2011-11-29 11:00:00,147.8923
2011-11-29 12:00:00,131.503
2011-11-29 13:00:00,165.18877
2011-11-29 14:00:00,115.940315
2011-11-29 15:00:00,125.37748
2011-11-29 16:00:00,122.04671
2011-11-29 17:00:00,144.155
2011-11-29 18:00:00,157.54373
2011-11-29 19:00:00,157.33342
2011-11-29 20:00:00,142.10045
2011-11-29 21:00:00,142.10045
2011-11-29 22:00:00,168.15785
2011-11-29 23:00:00,158.36179
2011-11-30 00:00:00,176.51556
2011-11-30 01:00:00,170.80968
2011-11-30 02:00:00,152.89592
2011-11-30 03:00:00,152.89592
2011-11-30 04:00:00,161.26927
2011-11-30 05:00:00,162.89241
2011-11-30 06:00:00,136.29918
2011-11-30 07:00:00,135.2369
2011-11-30 08:00:00,162.89241
2011-11-30 09:00:00,153.65327
2011-11-30 10:00:00,182.18184
2011-11-30 11:00:00,224.8784
2011-11-30 12:00:00,213.37347
2011-11-30 13:00:00,283.97055
2011-11-30 14:00:00,283.97055
2011-11-30 15:00:00,233.55049
2011-11-30 16:00:00,216.9263
2011-11-30 17:00:00,188.52342
2011-11-30 18:00:00,195.16869
2011-11-30 19:00:00,177.61739
2011-11-30 20:00:00,177.61739
2011-11-30 21:00:00,174.8097
2011-11-30 22:00:00,176.9136
2011-11-30 23:00:00,174.29723
2011-12-20 00:00:00,247.08887
2011-12-20 01:00:00,244.32404
2011-12-20 02:00:00,215.26909
2011-12-20 03:00:00,215.26909
2011-12-20 04:00:00,256.93475
2011-12-20 05:00:00,236.68027
2011-12-20 06:00:00,236.68027
2011-12-20 07:00:00,224.45485
2011-12-20 08:00:00,307.73495
2011-12-20 09:00:00,213.07959
2011-12-20 10:00:00,263.64185
2011-12-20 11:00:00,251.1076
2011-12-20 12:00:00,290.92352
2011-12-20 13:00:00,290.92352
2011-12-20 14:00:00,301.7651
2011-12-20 15:00:00,288.72934
2011-12-20 16:00:00,297.58725
2011-12-20 17:00:00,253.38593
2011-12-20 18:00:00,211.97672
2011-12-20 19:00:00,204.37027
2011-12-20 20:00:00,191.57161
2011-12-20 21:00:00,199.6979
2011-12-20 22:00:00,213.07959
2011-12-20 23:00:00,233.82721
2011-12-21 00:00:00,85.353966
2011-12-21 01:00:00,118.71254
2011-12-21 02:00:00,138.49095
2011-12-21 03:00:00,138.49095
2011-12-21 04:00:00,138.49095
2011-12-21 05:00:00,116.631744
2011-12-21 06:00:00,113.47267
2011-12-21 07:00:00,92.57865
2011-12-21 08:00:00,110.98029
2011-12-21 09:00:00,103.295074
2011-12-21 10:00:00,157.33536
2011-12-21 11:00:00,157.33536
2011-12-21 12:00:00,98.89592
2011-12-21 13:00:00,85.875595
2011-12-21 14:00:00,128.38977
2011-12-21 15:00:00,133.92654
2011-12-21 16:00:00,81.53107
2011-12-21 17:00:00,81.53107
2011-12-21 18:00:00,101.19339
2011-12-21 19:00:00,126.85893
2011-12-21 20:00:00,125.22821
2011-12-21 21:00:00,199.24059
2011-12-21 22:00:00,205.23386
2011-12-21 23:00:00,205.04314
2011-12-22 00:00:00,198.01392
2011-12-22 01:00:00,135.1802
2011-12-22 02:00:00,189.80571
2011-12-22 03:00:00,194.23645
2011-12-22 04:00:00,123.1933
2011-12-22 05:00:00,120.70749
2011-12-22 06:00:00,100.86427
2011-12-22 07:00:00,91.07751
2011-12-22 08:00:00,113.47267
2011-12-22 09:00:00,112.620705
2011-12-22 10:00:00,136.32028
2011-12-22 11:00:00,179.95137
2011-12-22 12:00:00,190.58673
2011-12-22 13:00:00,178.88843
2011-12-22 14:00:00,178.88843
2011-12-22 15:00:00,184.77077
2011-12-22 16:00:00,178.88843
2011-12-22 17:00:00,159.64885
2011-12-22 18:00:00,158.56807
2011-12-22 19:00:00,171.37698
2011-12-22 20:00:00,162.74242
2011-12-22 21:00:00,162.74242
2011-12-22 22:00:00,93.03479
2011-12-22 23:00:00,135.45761
2011-12-23 00:00:00,92.32373
2011-12-23 01:00:00,92.32373
2011-12-23 02:00:00,94.273384
2011-12-23 03:00:00,94.273384
2011-12-23 04:00:00,75.03488
2011-12-23 05:00:00,94.89721
2011-12-23 06:00:00,112.46167
2011-12-23 07:00:00,110.70147
2011-12-23 08:00:00,141.80598
2011-12-23 09:00:00,145.02022
2011-12-23 10:00:00,158.94914
2011-12-23 11:00:00,174.24696
2011-12-23 12:00:00,142.82916
2011-12-23 13:00:00,154.79825
2011-12-23 14:00:00,173.58708
2011-12-23 15:00:00,161.93782
2011-12-23 16:00:00,147.7935
2011-12-23 17:00:00,124.40767
2011-12-23 18:00:00,127.18437
2011-12-23 19:00:00,120.907745
2011-12-23 20:00:00,132.97943
2011-12-23 21:00:00,100.13148
2011-12-23 22:00:00,97.4725
2011-12-23 23:00:00,106.28186
2011-12-24 00:00:00,63.6954
2011-12-24 01:00:00,121.83631
2011-12-24 02:00:00,98.21297
2011-12-24 03:00:00,88.6376
2011-12-24 04:00:00,66.08515
2011-12-24 05:00:00,66.08515
2011-12-24 06:00:00,57.114502
2011-12-24 07:00:00,81.847336
2011-12-24 08:00:00,53.72263
2011-12-24 09:00:00,108.4558
2011-12-24 10:00:00,101.76497
2011-12-24 11:00:00,132.47354
2011-12-24 12:00:00,156.0009
2011-12-24 13:00:00,157.06735
2011-12-24 14:00:00,157.06735
2011-12-24 15:00:00,130.39162
2011-12-24 16:00:00,126.74073
2011-12-24 17:00:00,102.21777
2011-12-24 18:00:00,109.69017
2011-12-24 19:00:00,115.39041
2011-12-24 20:00:00,67.81188
2011-12-24 21:00:00,62.849407
2011-12-24 22:00:00,84.54873
2011-12-24 23:00:00,60.81134
2011-12-25 00:00:00,52.71259
2011-12-25 01:00:00,53.249237
2011-12-25 02:00:00,62.40631
2011-12-25 03:00:00,66.26616
2011-12-25 05:00:00,61.35596
2011-12-25 06:00:00,61.35596
2011-12-25 07:00:00,58.72886
2011-12-25 08:00:00,46.86149
2011-12-25 09:00:00,44.651917
2011-12-25 10:00:00,41.988983
2011-12-25 11:00:00,59.532475
2011-12-25 12:00:00,67.08521
2011-12-25 13:00:00,72.542274
2011-12-25 14:00:00,107.51746
2011-12-25 15:00:00,122.326996
2011-12-25 16:00:00,138.46138
2011-12-25 17:00:00,115.352486
2011-12-25 18:00:00,65.90168
2011-12-25 19:00:00,127.60282
2011-12-25 20:00:00,122.15981
2011-12-25 21:00:00,102.97711
2011-12-25 22:00:00,64.27859
2011-12-25 23:00:00,60.855274
2011-12-26 00:00:00,43.23164
2011-12-26 01:00:00,82.24272
2011-12-26 02:00:00,120.29161
2011-12-26 04:00:00,117.80286
2011-12-26 05:00:00,85.96978
2011-12-26 06:00:00,113.294266
2011-12-26 07:00:00,115.51484
2011-12-26 08:00:00,117.683624
2011-12-26 09:00:00,117.80286
2011-12-26 10:00:00,120.765015
2011-12-26 11:00:00,142.78497
2011-12-26 12:00:00,85.80629
2011-12-26 13:00:00,148.66226
2011-12-26 14:00:00,138.59789
2011-12-26 15:00:00,158.71526
2011-12-26 16:00:00,131.75421
2011-12-26 17:00:00,120.29161
2011-12-26 18:00:00,120.0517
2011-12-26 19:00:00,68.59212
2011-12-26 20:00:00,108.96687
2011-12-26 21:00:00,37.30914
2011-12-26 22:00:00,37.309147
2011-12-26 23:00:00,46.05899
2011-12-27 00:00:00,83.18092
2011-12-27 01:00:00,79.08784
2011-12-27 02:00:00,79.08784
2011-12-27 03:00:00,70.732574
2011-12-27 04:00:00,70.6368
2011-12-27 05:00:00,73.00783
2011-12-27 06:00:00,84.269714
2011-12-27 07:00:00,71.97722
2011-12-27 08:00:00,78.003365
2011-12-27 09:00:00,76.93402
2011-12-27 10:00:00,91.79152
2011-12-27 11:00:00,76.93402
2011-12-27 12:00:00,83.84645
2011-12-27 13:00:00,72.52722
2011-12-27 14:00:00,94.33118
2011-12-27 15:00:00,94.33118
2011-12-27 16:00:00,83.29887
2011-12-27 17:00:00,97.915924
2011-12-27 18:00:00,109.54268
2011-12-27 19:00:00,88.17236
2011-12-27 20:00:00,87.32411
2011-12-27 21:00:00,84.486206
2011-12-27 22:00:00,84.486206
2011-12-27 23:00:00,91.54546
2011-12-28 00:00:00,88.72155
2011-12-28 01:00:00,86.66304
2011-12-28 02:00:00,105.41756
2011-12-28 03:00:00,105.41756
2011-12-28 05:00:00,144.23734
2011-12-28 06:00:00,112.77841
2011-12-28 07:00:00,112.778404
2011-12-28 08:00:00,144.23735
2011-12-28 09:00:00,136.03305
2011-12-28 10:00:00,114.36928
2011-12-28 11:00:00,153.62802
2011-12-28 12:00:00,97.36559
2011-12-28 13:00:00,123.44732
2011-12-28 14:00:00,117.76977
2011-12-28 15:00:00,126.35659
2011-12-28 16:00:00,118.625565
2011-12-28 17:00:00,121.82883
2011-12-28 18:00:00,115.62252
2011-12-28 19:00:00,112.126816
2011-12-28 20:00:00,102.50903
2011-12-28 21:00:00,74.591576
2011-12-28 22:00:00,74.89311
2011-12-28 23:00:00,106.12587
2011-12-29 00:00:00,62.35753
2011-12-29 01:00:00,90.19442
2011-12-29 02:00:00,69.33026
2011-12-29 03:00:00,79.147026
2011-12-29 04:00:00,78.856964
2011-12-29 05:00:00,70.66427
2011-12-29 06:00:00,75.64636
2011-12-29 07:00:00,74.99548
2011-12-29 08:00:00,80.07968
2011-12-29 09:00:00,66.3177
2011-12-29 10:00:00,68.76546
2011-12-29 11:00:00,68.26678
2011-12-29 12:00:00,68.65779
2011-12-29 13:00:00,74.60136
2011-12-29 14:00:00,115.2623
2011-12-29 15:00:00,85.84183
2011-12-29 16:00:00,102.358765
2011-12-29 17:00:00,93.89614
2011-12-29 18:00:00,104.960106
2011-12-29 19:00:00,114.685875
2011-12-29 20:00:00,78.929535
2011-12-29 21:00:00,73.329124
2011-12-29 22:00:00,81.92424
2011-12-29 23:00:00,89.11112
2011-12-30 00:00:00,79.49308
2011-12-30 01:00:00,78.25314
2011-12-30 02:00:00,74.874695
2011-12-30 03:00:00,74.874695
2011-12-30 04:00:00,73.07196
2011-12-30 05:00:00,79.96807
2011-12-30 06:00:00,73.07196
2011-12-30 07:00:00,77.48003
2011-12-30 08:00:00,73.81658
2011-12-30 09:00:00,82.5623
2011-12-30 10:00:00,93.25254
2011-12-30 11:00:00,97.4725
2011-12-30 12:00:00,128.36856
2011-12-30 13:00:00,100.5088
2011-12-30 14:00:00,167.19737
2011-12-30 15:00:00,171.35114
2011-12-30 16:00:00,192.55568
2011-12-30 17:00:00,159.86707
2011-12-30 18:00:00,141.9382
2011-12-30 19:00:00,121.39086
2011-12-30 20:00:00,103.28761
2011-12-30 21:00:00,118.71254
2011-12-30 22:00:00,85.77949
2011-12-30 23:00:00,89.900665
2011-12-31 00:00:00,125.6263
2011-12-31 01:00:00,123.04755
2011-12-31 02:00:00,123.04755
2011-12-31 03:00:00,123.04755
2011-12-31 04:00:00,139.38298
2011-12-31 05:00:00,67.78255
2011-12-31 06:00:00,160.446
2011-12-31 07:00:00,143.53485
2011-12-31 08:00:00,48.41253
2011-12-31 09:00:00,106.65813
2011-12-31 10:00:00,130.14912
2011-12-31 11:00:00,164.81734
2011-12-31 12:00:00,330.57
2011-12-31 13:00:00,237.76509
2011-12-31 14:00:00,218.76605
2011-12-31 15:00:00,185.68146
2011-12-31 16:00:00,198.43326
2011-12-31 17:00:00,188.48782
2011-12-31 18:00:00,176.36305
2011-12-31 19:00:00,190.22626
2011-12-31 20:00:00,190.22626
2011-12-31 21:00:00,177.48727
2011-12-31 22:00:00,158.3106
2011-12-31 23:00:00,126.309814
2012-01-20 00:00:00,100.569016
2012-01-20 01:00:00,89.31753
2012-01-20 02:00:00,89.31753
2012-01-20 03:00:00,76.41781
2012-01-20 04:00:00,71.91824
2012-01-20 05:00:00,71.91824
2012-01-20 06:00:00,85.12783
2012-01-20 07:00:00,85.620285
2012-01-20 08:00:00,82.77305
2012-01-20 09:00:00,91.56872
2012-01-20 10:00:00,89.450356
2012-01-20 11:00:00,74.24255
2012-01-20 12:00:00,70.57879
2012-01-20 13:00:00,101.04071
2012-01-20 14:00:00,86.78122
2012-01-20 15:00:00,87.48554
2012-01-20 16:00:00,74.42702
2012-01-20 17:00:00,104.94137
2012-01-20 18:00:00,76.46706
2012-01-20 19:00:00,67.063
2012-01-20 20:00:00,76.46706
2012-01-20 21:00:00,66.456894
2012-01-20 22:00:00,83.89108
2012-01-20 23:00:00,32.363953
2012-01-21 00:00:00,22.711721
2012-01-21 01:00:00,16.992651
2012-01-21 02:00:00,55.045547
2012-01-21 03:00:00,50.5579
2012-01-21 04:00:00,51.007614
2012-01-21 05:00:00,45.485878
2012-01-21 06:00:00,32.773785
2012-01-21 07:00:00,32.773785
2012-01-21 08:00:00,24.208702
2012-01-21 09:00:00,24.208702
2012-01-21 10:00:00,16.745384
2012-01-21 11:00:00,62.709003
2012-01-21 12:00:00,42.20591
2012-01-21 13:00:00,30.557425
2012-01-21 14:00:00,25.932661
2012-01-21 15:00:00,25.932663
2012-01-21 16:00:00,25.83853
2012-01-21 17:00:00,30.027498
2012-01-21 18:00:00,36.346287
2012-01-21 19:00:00,19.09445
2012-01-21 20:00:00,20.595104
2012-01-21 21:00:00,25.498999
2012-01-21 22:00:00,25.206898
2012-01-21 23:00:00,20.109095
2012-01-22 00:00:00,18.50238
2012-01-22 01:00:00,25.206898
2012-01-22 02:00:00,23.837793
2012-01-22 03:00:00,28.20382
2012-01-22 04:00:00,10.8992815
2012-01-22 05:00:00,17.37803
2012-01-22 06:00:00,23.019567
2012-01-22 07:00:00,23.019567
2012-01-22 08:00:00,23.019567
2012-01-22 09:00:00,23.019567
2012-01-22 10:00:00,16.587814
2012-01-22 11:00:00,14.467902
2012-01-22 12:00:00,24.636707
2012-01-22 13:00:00,47.538757
2012-01-22 14:00:00,37.40844
2012-01-22 15:00:00,28.790136
2012-01-22 16:00:00,28.790136
2012-01-22 17:00:00,54.903
2012-01-22 18:00:00,45.485878
2012-01-22 19:00:00,45.485878
2012-01-22 20:00:00,28.071623
2012-01-22 21:00:00,45.485878
2012-01-22 22:00:00,64.22696
2012-01-22 23:00:00,60.826298
2012-01-23 00:00:00,86.54601
2012-01-23 01:00:00,83.0729
2012-01-23 02:00:00,83.0729
2012-01-23 03:00:00,86.54602
2012-01-23 04:00:00,82.98176
2012-01-23 05:00:00,86.60763
2012-01-23 06:00:00,86.60763
2012-01-23 07:00:00,85.42535
2012-01-23 08:00:00,71.56558
2012-01-23 09:00:00,82.22951
2012-01-23 10:00:00,90.76892
2012-01-23 11:00:00,88.13447
2012-01-23 12:00:00,90.96451
2012-01-23 13:00:00,81.10759
2012-01-23 14:00:00,70.835625
2012-01-23 15:00:00,80.87489
2012-01-23 16:00:00,85.3792
2012-01-23 17:00:00,87.95546
2012-01-23 18:00:00,85.08092
2012-01-23 19:00:00,84.55266
2012-01-23 20:00:00,90.30625
2012-01-23 21:00:00,72.38904
2012-01-23 22:00:00,72.38904
2012-01-23 23:00:00,66.675964
2012-01-24 00:00:00,81.11995
2012-01-24 01:00:00,83.34364
2012-01-24 02:00:00,85.72844
2012-01-24 03:00:00,84.98489
2012-01-24 04:00:00,92.02549
2012-01-24 05:00:00,92.02549
2012-01-24 06:00:00,85.947296
2012-01-24 07:00:00,84.98488
2012-01-24 08:00:00,84.98488
2012-01-24 09:00:00,86.55705
2012-01-24 10:00:00,87.32411
2012-01-24 11:00:00,84.43257
2012-01-24 12:00:00,88.17236
2012-01-24 13:00:00,88.17236
2012-01-24 14:00:00,99.148224
2012-01-24 15:00:00,142.95438
2012-01-24 16:00:00,167.7784
2012-01-24 17:00:00,170.31425
2012-01-24 18:00:00,161.12578
2012-01-24 19:00:00,190.37532
2012-01-24 20:00:00,96.69834
2012-01-24 21:00:00,132.7637
2012-01-24 22:00:00,89.258514
2012-01-24 23:00:00,96.69834
2012-01-25 00:00:00,87.77513
2012-01-25 01:00:00,92.92901
2012-01-25 02:00:00,89.44731
2012-01-25 03:00:00,89.4325
2012-01-25 04:00:00,87.31917
2012-01-25 05:00:00,87.31917
2012-01-25 06:00:00,88.01414
2012-01-25 07:00:00,88.129364
2012-01-25 08:00:00,87.338974
2012-01-25 09:00:00,87.338974
2012-01-25 10:00:00,66.72776
2012-01-25 11:00:00,84.269714
2012-01-25 12:00:00,124.73506
2012-01-25 13:00:00,126.65297
2012-01-25 14:00:00,126.48199
2012-01-25 15:00:00,137.0278
2012-01-25 16:00:00,127.13571
2012-01-25 17:00:00,138.4499
2012-01-25 18:00:00,106.28186
2012-01-25 19:00:00,130.94896
2012-01-25 20:00:00,104.956406
2012-01-25 21:00:00,105.03795
2012-01-25 22:00:00,93.162834
2012-01-25 23:00:00,94.867294
2012-01-26 00:00:00,75.401054
2012-01-26 01:00:00,94.41597
2012-01-26 02:00:00,74.46507
2012-01-26 03:00:00,80.82841
2012-01-26 04:00:00,84.91361
2012-01-26 05:00:00,82.311295
2012-01-26 06:00:00,93.54264
2012-01-26 07:00:00,80.25739
2012-01-26 08:00:00,80.25739
2012-01-26 09:00:00,96.89627
2012-01-26 10:00:00,77.62266
2012-01-26 11:00:00,82.53755
2012-01-26 12:00:00,83.09827
2012-01-26 13:00:00,151.14555
2012-01-26 14:00:00,149.8047
2012-01-26 15:00:00,159.54913
2012-01-26 16:00:00,152.59909
2012-01-26 17:00:00,171.49738
2012-01-26 18:00:00,171.49738
2012-01-26 19:00:00,144.92058
2012-01-26 20:00:00,124.7839
2012-01-26 21:00:00,144.92058
2012-01-26 22:00:00,124.02338
2012-01-26 23:00:00,147.32747
2012-01-27 00:00:00,103.363144
2012-01-27 01:00:00,103.295074
2012-01-27 02:00:00,124.91174
2012-01-27 03:00:00,99.72502
2012-01-27 04:00:00,95.91112
2012-01-27 05:00:00,93.81102
2012-01-27 06:00:00,96.03452
2012-01-27 07:00:00,98.0326
2012-01-27 08:00:00,117.966446
2012-01-27 09:00:00,117.966446
2012-01-27 10:00:00,124.874794
2012-01-27 11:00:00,162.8968
2012-01-27 12:00:00,188.57457
2012-01-27 13:00:00,202.72278
2012-01-27 14:00:00,175.71269
2012-01-27 15:00:00,193.7972
2012-01-27 16:00:00,145.98761
2012-01-27 17:00:00,133.3763
2012-01-27 18:00:00,145.7713
2012-01-27 19:00:00,156.37589
2012-01-27 20:00:00,152.61815
2012-01-27 21:00:00,105.026726
2012-01-27 22:00:00,147.88786
2012-01-27 23:00:00,130.89352
2012-01-28 00:00:00,116.01765
2012-01-28 01:00:00,111.10495
2012-01-28 02:00:00,78.98129
2012-01-28 03:00:00,72.14491
2012-01-28 04:00:00,60.28548
2012-01-28 05:00:00,56.550045
2012-01-28 06:00:00,65.8143
2012-01-28 07:00:00,65.26871
2012-01-28 08:00:00,61.453255
2012-01-28 09:00:00,61.484512
2012-01-28 10:00:00,55.317394
2012-01-28 11:00:00,102.97711
2012-01-28 12:00:00,88.540596
2012-01-28 13:00:00,117.24004
2012-01-28 14:00:00,175.7884
2012-01-28 15:00:00,179.17151
2012-01-28 16:00:00,204.10571
2012-01-28 17:00:00,191.51549
2012-01-28 18:00:00,237.09877
2012-01-28 19:00:00,185.60365
2012-01-28 20:00:00,223.82916
2012-01-28 21:00:00,223.98497
2012-01-28 22:00:00,183.81093
2012-01-28 23:00:00,180.93231
2012-01-29 00:00:00,149.327
2012-01-29 01:00:00,179.69858
2012-01-29 02:00:00,179.84122
2012-01-29 03:00:00,145.01581
2012-01-29 04:00:00,99.93411
2012-01-29 05:00:00,53.797222
2012-01-29 06:00:00,68.77251
2012-01-29 07:00:00,70.21097
2012-01-29 08:00:00,55.94265
2012-01-29 09:00:00,52.94948
2012-01-29 10:00:00,84.03632
2012-01-29 11:00:00,178.81743
2012-01-29 12:00:00,227.67421
2012-01-29 13:00:00,227.67421
2012-01-29 14:00:00,225.92453
2012-01-29 15:00:00,256.13846
2012-01-29 16:00:00,192.7211
2012-01-29 17:00:00,192.72113
2012-01-29 18:00:00,223.12132
2012-01-29 19:00:00,205.23495
2012-01-29 20:00:00,123.83267
2012-01-29 21:00:00,152.92265
2012-01-29 22:00:00,193.27457
2012-01-29 23:00:00,150.74585
2012-01-30 00:00:00,135.22781
2012-01-30 01:00:00,110.93406
2012-01-30 02:00:00,115.29702
2012-01-30 03:00:00,83.195885
2012-01-30 04:00:00,72.33933
2012-01-30 05:00:00,72.33933
2012-01-30 06:00:00,106.12587
2012-01-30 07:00:00,113.17875
2012-01-30 08:00:00,85.60686
2012-01-30 09:00:00,85.60686
2012-01-30 10:00:00,116.5408
2012-01-30 11:00:00,80.600746
2012-01-30 12:00:00,101.03193
2012-01-30 13:00:00,132.4788
2012-01-30 14:00:00,175.04422
2012-01-30 15:00:00,177.06769
2012-01-30 16:00:00,179.61221
2012-01-30 17:00:00,238.01288
2012-01-30 18:00:00,199.83968
2012-01-30 19:00:00,109.57036
2012-01-30 20:00:00,118.33363
2012-01-30 21:00:00,108.17291
2012-01-30 22:00:00,104.01783
2012-01-30 23:00:00,84.57787
2012-01-31 00:00:00,108.50585
2012-01-31 01:00:00,134.96173
2012-01-31 02:00:00,114.78871
2012-01-31 03:00:00,111.84502
2012-01-31 04:00:00,103.101135
2012-01-31 05:00:00,103.101135
2012-01-31 06:00:00,91.925606
2012-01-31 07:00:00,84.57788
2012-01-31 08:00:00,77.5634
2012-01-31 09:00:00,102.3403
2012-01-31 10:00:00,88.69705
2012-01-31 11:00:00,176.00693
2012-01-31 12:00:00,160.17128
2012-01-31 13:00:00,230.28516
2012-01-31 14:00:00,264.31064
2012-01-31 15:00:00,268.81335
2012-01-31 16:00:00,268.81335
2012-01-31 17:00:00,275.04102
2012-01-31 18:00:00,274.85013
2012-01-31 19:00:00,271.8486
2012-01-31 20:00:00,163.0535
2012-01-31 21:00:00,220.76987
2012-01-31 22:00:00,208.28415
2012-01-31 23:00:00,208.79909
2012-02-20 00:00:00,39.919884
2012-02-20 01:00:00,39.919884
2012-02-20 02:00:00,39.919884
2012-02-20 03:00:00,46.309673
2012-02-20 05:00:00,83.53781
2012-02-20 06:00:00,108.75092
2012-02-20 07:00:00,76.42323
2012-02-20 08:00:00,81.01002
2012-02-20 09:00:00,81.01002
2012-02-20 10:00:00,101.951004
2012-02-20 11:00:00,110.26393
2012-02-20 12:00:00,100.36011
2012-02-20 13:00:00,108.65799
2012-02-20 14:00:00,137.39417
2012-02-20 15:00:00,143.7449
2012-02-20 16:00:00,231.88719
2012-02-20 17:00:00,193.58707
2012-02-20 18:00:00,143.7449
2012-02-20 19:00:00,143.7449
2012-02-20 20:00:00,160.03163
2012-02-20 21:00:00,115.4317
2012-02-20 22:00:00,112.56396
2012-02-20 23:00:00,81.12915
2012-02-21 00:00:00,83.38159
2012-02-21 01:00:00,93.497505
2012-02-21 02:00:00,80.4242
2012-02-21 04:00:00,78.00014
2012-02-21 05:00:00,75.17448
2012-02-21 06:00:00,78.04133
2012-02-21 07:00:00,78.00014
2012-02-21 08:00:00,76.6022
2012-02-21 09:00:00,83.90556
2012-02-21 10:00:00,86.47974
2012-02-21 11:00:00,64.217926
2012-02-21 12:00:00,119.44732
2012-02-21 13:00:00,137.62175
2012-02-21 14:00:00,125.05228
2012-02-21 15:00:00,137.62175
2012-02-21 16:00:00,139.32181
2012-02-21 17:00:00,145.92867
2012-02-21 18:00:00,145.92867
2012-02-21 19:00:00,145.58197
2012-02-21 20:00:00,119.762146
2012-02-21 21:00:00,125.66372
2012-02-21 22:00:00,86.62219
2012-02-21 23:00:00,93.20306
2012-02-22 00:00:00,93.20306
2012-02-22 01:00:00,95.00113
2012-02-22 02:00:00,110.38437
2012-02-22 03:00:00,80.52196
2012-02-22 04:00:00,94.41441
2012-02-22 05:00:00,97.03992
2012-02-22 06:00:00,86.66304
2012-02-22 07:00:00,86.9738
2012-02-22 08:00:00,82.362175
2012-02-22 09:00:00,97.528824
2012-02-22 10:00:00,108.82621
2012-02-22 11:00:00,130.28908
2012-02-22 12:00:00,144.40239
2012-02-22 13:00:00,153.49614
2012-02-22 14:00:00,165.93195
2012-02-22 15:00:00,251.06087
2012-02-22 16:00:00,267.0264
2012-02-22 17:00:00,256.64783
2012-02-22 18:00:00,197.45526
2012-02-22 19:00:00,177.27376
2012-02-22 20:00:00,170.469
2012-02-22 21:00:00,230.3782
2012-02-22 22:00:00,158.90451
2012-02-22 23:00:00,186.13754
2012-02-23 00:00:00,158.90451
2012-02-23 01:00:00,137.10106
2012-02-23 02:00:00,147.67416
2012-02-23 03:00:00,115.42751
2012-02-23 04:00:00,151.73004
2012-02-23 05:00:00,151.73004
2012-02-23 06:00:00,93.33821
2012-02-23 07:00:00,99.148224
2012-02-23 08:00:00,93.45999
2012-02-23 09:00:00,99.45295
2012-02-23 10:00:00,183.95892
2012-02-23 11:00:00,215.9736
2012-02-23 12:00:00,247.20389
2012-02-23 13:00:00,264.67303
2012-02-23 14:00:00,279.98355
2012-02-23 15:00:00,279.09686
2012-02-23 16:00:00,273.26987
2012-02-23 17:00:00,283.51416
2012-02-23 18:00:00,276.4102
2012-02-23 19:00:00,241.1038
2012-02-23 20:00:00,217.37453
2012-02-23 21:00:00,194.3064
2012-02-23 22:00:00,180.23334
2012-02-23 23:00:00,167.3326
2012-02-24 00:00:00,156.59341
2012-02-24 01:00:00,193.08188
2012-02-24 02:00:00,93.07848
2012-02-24 03:00:00,153.88495
2012-02-24 04:00:00,126.764626
2012-02-24 05:00:00,101.855286
2012-02-24 06:00:00,108.00758
2012-02-24 07:00:00,113.54646
2012-02-24 08:00:00,100.27319
2012-02-24 09:00:00,64.65279
2012-02-24 10:00:00,78.58095
2012-02-24 11:00:00,93.84746
2012-02-24 12:00:00,138.95316
2012-02-24 13:00:00,159.54913
2012-02-24 14:00:00,170.4844
2012-02-24 15:00:00,92.32373
2012-02-24 16:00:00,92.32373
2012-02-24 17:00:00,114.828606
2012-02-24 18:00:00,137.86778
2012-02-24 19:00:00,150.96397
2012-02-24 20:00:00,185.92293
2012-02-24 21:00:00,61.58116
2012-02-24 22:00:00,180.0352
2012-02-24 23:00:00,109.85415
2012-02-25 00:00:00,149.3451
2012-02-25 01:00:00,145.64886
2012-02-25 02:00:00,128.22876
2012-02-25 03:00:00,128.10834
2012-02-25 04:00:00,135.7364
2012-02-25 05:00:00,114.19063
2012-02-25 06:00:00,114.19063
2012-02-25 07:00:00,85.37514
2012-02-25 08:00:00,102.66711
2012-02-25 09:00:00,36.204323
2012-02-25 10:00:00,83.036354
2012-02-25 11:00:00,71.27888
2012-02-25 12:00:00,50.803185
2012-02-25 13:00:00,144.25003
2012-02-25 14:00:00,65.54386
2012-02-25 15:00:00,179.19383
2012-02-25 16:00:00,38.090454
2012-02-25 17:00:00,151.97798
2012-02-25 18:00:00,40.60742
2012-02-25 19:00:00,105.16855
2012-02-25 20:00:00,44.43867
2012-02-25 21:00:00,105.02968
2012-02-25 22:00:00,91.71104
2012-02-25 23:00:00,80.68998
2012-02-26 00:00:00,90.40389
2012-02-26 01:00:00,100.138985
2012-02-26 02:00:00,100.138985
2012-02-26 03:00:00,90.40539
2012-02-26 04:00:00,90.40539
2012-02-26 05:00:00,78.89145
2012-02-26 06:00:00,87.0232
2012-02-26 07:00:00,62.3847
2012-02-26 08:00:00,58.658722
2012-02-26 09:00:00,67.8877
2012-02-26 10:00:00,90.277664
2012-02-26 11:00:00,124.64922
2012-02-26 12:00:00,113.79036
2012-02-26 13:00:00,138.78447
2012-02-26 14:00:00,180.2646
2012-02-26 15:00:00,201.74132
2012-02-26 16:00:00,212.37749
2012-02-26 17:00:00,218.09587
2012-02-26 18:00:00,172.1876
2012-02-26 19:00:00,178.60397
2012-02-26 20:00:00,124.84332
2012-02-26 21:00:00,112.6478
2012-02-26 22:00:00,118.3206
2012-02-26 23:00:00,62.849407
2012-02-27 00:00:00,86.75253
2012-02-27 01:00:00,88.897385
2012-02-27 02:00:00,85.5022
2012-02-27 03:00:00,84.775215
2012-02-27 04:00:00,89.58443
2012-02-27 05:00:00,89.58443
2012-02-27 06:00:00,87.338974
2012-02-27 07:00:00,83.14025
2012-02-27 08:00:00,71.57498
2012-02-27 09:00:00,84.57788
2012-02-27 10:00:00,123.60697
2012-02-27 11:00:00,134.77922
2012-02-27 12:00:00,174.33328
2012-02-27 13:00:00,159.37807
2012-02-27 14:00:00,225.02359
2012-02-27 15:00:00,266.65216
2012-02-27 16:00:00,268.81335
2012-02-27 17:00:00,258.50262
2012-02-27 18:00:00,273.33224
2012-02-27 19:00:00,260.76862
2012-02-27 20:00:00,229.2521
2012-02-27 21:00:00,225.02359
2012-02-27 22:00:00,196.66309
2012-02-27 23:00:00,189.15686
2012-02-28 00:00:00,177.3269
2012-02-28 01:00:00,163.61256
2012-02-28 02:00:00,161.12784
2012-02-28 03:00:00,183.0149
2012-02-28 04:00:00,134.81352
2012-02-28 05:00:00,134.81352
2012-02-28 06:00:00,140.44298
2012-02-28 07:00:00,130.29926
2012-02-28 08:00:00,119.440544
2012-02-28 09:00:00,129.83945
2012-02-28 10:00:00,134.96172
2012-02-28 11:00:00,138.96352
2012-02-28 12:00:00,159.19563
2012-02-28 13:00:00,165.80086
2012-02-28 14:00:00,195.53694
2012-02-28 15:00:00,204.98157
2012-02-28 16:00:00,203.89221
2012-02-28 17:00:00,204.98157
2012-02-28 18:00:00,222.57658
2012-02-28 19:00:00,201.24979
2012-02-28 20:00:00,198.98764
2012-02-28 21:00:00,131.09015
2012-02-28 22:00:00,131.09015
2012-02-28 23:00:00,110.43663
2012-02-29 00:00:00,125.247246
2012-02-29 01:00:00,120.71385
2012-02-29 02:00:00,102.165436
2012-02-29 03:00:00,80.208084
2012-02-29 05:00:00,76.955154
2012-02-29 06:00:00,80.82841
2012-02-29 07:00:00,76.96953
2012-02-29 08:00:00,75.401054
2012-02-29 09:00:00,67.420555
2012-02-29 10:00:00,67.420555
2012-02-29 11:00:00,68.04144
2012-02-29 12:00:00,57.26245
2012-02-29 13:00:00,83.01447
2012-02-29 14:00:00,83.01447
2012-02-29 15:00:00,99.03532
2012-02-29 16:00:00,90.02371
2012-02-29 17:00:00,108.00758
2012-02-29 18:00:00,135.45761
2012-02-29 19:00:00,123.205376
2012-02-29 20:00:00,98.56693
2012-02-29 21:00:00,98.56693
2012-02-29 22:00:00,89.060074
2012-02-29 23:00:00,89.060074
2012-03-20 00:00:00,217.18527
2012-03-20 01:00:00,206.42377
2012-03-20 02:00:00,209.42093
2012-03-20 03:00:00,223.55753
2012-03-20 04:00:00,203.34329
2012-03-20 05:00:00,203.63013
2012-03-20 06:00:00,190.86252
2012-03-20 07:00:00,150.44954
2012-03-20 08:00:00,206.15097
2012-03-20 09:00:00,214.64374
2012-03-20 10:00:00,232.09395
2012-03-20 11:00:00,238.22574
2012-03-20 12:00:00,279.54074
2012-03-20 13:00:00,273.62766
2012-03-20 14:00:00,251.29335
2012-03-20 15:00:00,263.44263
2012-03-20 16:00:00,304.68637
2012-03-20 17:00:00,278.67346
2012-03-20 18:00:00,282.39587
2012-03-20 19:00:00,241.69261
2012-03-20 20:00:00,226.84108
2012-03-20 21:00:00,216.61066
2012-03-20 22:00:00,212.72478
2012-03-20 23:00:00,202.40962
2012-03-21 00:00:00,132.98558
2012-03-21 01:00:00,139.33682
2012-03-21 02:00:00,125.46995
2012-03-21 03:00:00,142.63608
2012-03-21 04:00:00,142.45026
2012-03-21 05:00:00,142.45026
2012-03-21 06:00:00,107.828575
2012-03-21 07:00:00,97.75927
2012-03-21 08:00:00,111.583755
2012-03-21 09:00:00,142.31622
2012-03-21 10:00:00,160.6422
2012-03-21 11:00:00,160.6422
2012-03-21 12:00:00,167.09984
2012-03-21 13:00:00,170.24286
2012-03-21 14:00:00,174.19019
2012-03-21 15:00:00,174.19019
2012-03-21 16:00:00,163.92606
2012-03-21 17:00:00,186.2689
2012-03-21 18:00:00,180.74738
2012-03-21 19:00:00,195.9547
2012-03-21 20:00:00,157.60188
2012-03-21 21:00:00,147.06451
2012-03-21 22:00:00,160.7298
2012-03-21 23:00:00,154.66632
2012-03-22 00:00:00,139.33682
2012-03-22 01:00:00,139.33682
2012-03-22 02:00:00,139.33682
2012-03-22 03:00:00,139.33682
2012-03-22 04:00:00,112.95425
2012-03-22 05:00:00,112.95425
2012-03-22 06:00:00,112.95425
2012-03-22 07:00:00,112.95425
2012-03-22 08:00:00,137.07062
2012-03-22 09:00:00,137.07062
2012-03-22 10:00:00,124.64673
2012-03-22 11:00:00,150.36156
2012-03-22 12:00:00,170.97308
2012-03-22 13:00:00,161.82193
2012-03-22 14:00:00,186.23817
2012-03-22 15:00:00,244.9885
2012-03-22 16:00:00,259.82736
2012-03-22 17:00:00,263.02457
2012-03-22 18:00:00,263.02457
2012-03-22 19:00:00,206.4926
2012-03-22 20:00:00,235.10902
2012-03-22 21:00:00,190.92131
2012-03-22 22:00:00,191.88203
2012-03-22 23:00:00,152.72063
2012-03-23 00:00:00,157.81825
2012-03-23 01:00:00,141.80724
2012-03-23 02:00:00,138.42499
2012-03-23 03:00:00,130.688
2012-03-23 04:00:00,134.24771
2012-03-23 05:00:00,138.36874
2012-03-23 06:00:00,148.50502
2012-03-23 07:00:00,131.65643
2012-03-23 08:00:00,129.17583
2012-03-23 09:00:00,155.9202
2012-03-23 10:00:00,173.52437
2012-03-23 11:00:00,195.16287
2012-03-23 12:00:00,251.86113
2012-03-23 13:00:00,275.81857
2012-03-23 14:00:00,274.98346
2012-03-23 15:00:00,284.4551
2012-03-23 16:00:00,294.93234
2012-03-23 17:00:00,294.93234
2012-03-23 18:00:00,320.86664
2012-03-23 19:00:00,297.66495
2012-03-23 20:00:00,289.23996
2012-03-23 21:00:00,266.00473
2012-03-23 22:00:00,255.16782
2012-03-23 23:00:00,236.50554
2012-03-24 00:00:00,117.971466
2012-03-24 01:00:00,114.886475
2012-03-24 02:00:00,111.293884
2012-03-24 03:00:00,111.293884
2012-03-24 04:00:00,99.5303
2012-03-24 05:00:00,151.0469
2012-03-24 06:00:00,151.0469
2012-03-24 07:00:00,137.52516
2012-03-24 08:00:00,107.77737
2012-03-24 09:00:00,152.93744
2012-03-24 10:00:00,140.6972
2012-03-24 11:00:00,107.77737
2012-03-24 12:00:00,104.35045
2012-03-24 13:00:00,92.368546
2012-03-24 14:00:00,105.85199
2012-03-24 15:00:00,93.11873
2012-03-24 16:00:00,79.38092
2012-03-24 17:00:00,100.12761
2012-03-24 18:00:00,74.383095
2012-03-24 19:00:00,92.08132
2012-03-24 20:00:00,75.62909
2012-03-24 21:00:00,75.62909
2012-03-24 22:00:00,64.196495
2012-03-24 23:00:00,72.94348
2012-03-25 00:00:00,72.94348
2012-03-25 01:00:00,67.65295
2012-03-25 02:00:00,56.429535
2012-03-25 03:00:00,59.100708
2012-03-25 04:00:00,70.490326
2012-03-25 05:00:00,64.88776
2012-03-25 06:00:00,64.88776
2012-03-25 07:00:00,66.45372
2012-03-25 08:00:00,66.45372
2012-03-25 09:00:00,69.65568
2012-03-25 10:00:00,71.953354
2012-03-25 11:00:00,69.65568
2012-03-25 12:00:00,73.983055
2012-03-25 13:00:00,83.83214
2012-03-25 14:00:00,92.02017
2012-03-25 15:00:00,85.51157
2012-03-25 16:00:00,87.2629
2012-03-25 17:00:00,105.832
2012-03-25 18:00:00,105.832
2012-03-25 19:00:00,153.7091
2012-03-25 20:00:00,123.380936
2012-03-25 21:00:00,103.16475
2012-03-25 22:00:00,78.90771
2012-03-25 23:00:00,87.20762
2012-03-26 00:00:00,138.4419
2012-03-26 01:00:00,163.21768
2012-03-26 02:00:00,123.39872
2012-03-26 03:00:00,140.6314
2012-03-26 04:00:00,117.40411
2012-03-26 05:00:00,133.5513
2012-03-26 06:00:00,106.25145
2012-03-26 07:00:00,147.30829
2012-03-26 08:00:00,141.78674
2012-03-26 09:00:00,180.04857
2012-03-26 10:00:00,266.39722
2012-03-26 11:00:00,264.63644
2012-03-26 12:00:00,270.88223
2012-03-26 13:00:00,202.3647
2012-03-26 14:00:00,270.8168
2012-03-26 15:00:00,257.42398
2012-03-26 16:00:00,211.96205
2012-03-26 17:00:00,283.3073
2012-03-26 18:00:00,273.40674
2012-03-26 19:00:00,281.92053
2012-03-26 20:00:00,239.47194
2012-03-26 21:00:00,237.05511
2012-03-26 22:00:00,248.19098
2012-03-26 23:00:00,158.75555
2012-03-27 00:00:00,151.45404
2012-03-27 01:00:00,187.27296
2012-03-27 02:00:00,170.78017
2012-03-27 03:00:00,172.65778
2012-03-27 04:00:00,158.28543
2012-03-27 05:00:00,131.49756
2012-03-27 06:00:00,125.10144
2012-03-27 07:00:00,125.10144
2012-03-27 08:00:00,131.13069
2012-03-27 09:00:00,124.42265
2012-03-27 10:00:00,138.30014
2012-03-27 11:00:00,176.48022
2012-03-27 12:00:00,182.65793
2012-03-27 13:00:00,128.8433
2012-03-27 14:00:00,275.3704
2012-03-27 15:00:00,254.659
2012-03-27 16:00:00,254.659
2012-03-27 17:00:00,295.19714
2012-03-27 18:00:00,282.7094
2012-03-27 19:00:00,284.09885
2012-03-27 20:00:00,282.7094
2012-03-27 21:00:00,180.58286
2012-03-27 22:00:00,206.47615
2012-03-27 23:00:00,167.82217
2012-03-28 00:00:00,152.83327
2012-03-28 01:00:00,145.20897
2012-03-28 02:00:00,138.75157
2012-03-28 03:00:00,152.27779
2012-03-28 04:00:00,147.75075
2012-03-28 05:00:00,147.75075
2012-03-28 06:00:00,157.94208
2012-03-28 07:00:00,151.63904
2012-03-28 08:00:00,159.10963
2012-03-28 09:00:00,179.1394
2012-03-28 10:00:00,207.49881
2012-03-28 11:00:00,228.78378
2012-03-28 12:00:00,275.0092
2012-03-28 13:00:00,244.47879
2012-03-28 14:00:00,326.86227
2012-03-28 15:00:00,291.94125
2012-03-28 16:00:00,222.00226
2012-03-28 17:00:00,257.88214
2012-03-28 18:00:00,257.88214
2012-03-28 19:00:00,262.5768
2012-03-28 20:00:00,270.69592
2012-03-28 21:00:00,231.37695
2012-03-28 22:00:00,186.63766
2012-03-28 23:00:00,167.88586
2012-03-29 00:00:00,188.33582
2012-03-29 01:00:00,203.61525
2012-03-29 02:00:00,341.037
2012-03-29 03:00:00,327.64426
2012-03-29 04:00:00,258.79245
2012-03-29 05:00:00,199.15425
2012-03-29 06:00:00,149.19724
2012-03-29 07:00:00,170.36708
2012-03-29 08:00:00,180.26758
2012-03-29 09:00:00,187.82535
2012-03-29 10:00:00,180.25964
2012-03-29 11:00:00,205.39717
2012-03-29 12:00:00,227.3771
2012-03-29 13:00:00,183.113
2012-03-29 14:00:00,221.12688
2012-03-29 15:00:00,261.15546
2012-03-29 16:00:00,276.16348
2012-03-29 17:00:00,267.82776
2012-03-29 18:00:00,225.74693
2012-03-29 19:00:00,215.05096
2012-03-29 20:00:00,213.45482
2012-03-29 21:00:00,178.87964
2012-03-29 22:00:00,169.98805
2012-03-29 23:00:00,161.56566
2012-03-30 00:00:00,154.03043
2012-03-30 01:00:00,143.5596
2012-03-30 02:00:00,138.35088
2012-03-30 03:00:00,92.00016
2012-03-30 04:00:00,98.60502
2012-03-30 05:00:00,85.0096
2012-03-30 06:00:00,96.25752
2012-03-30 07:00:00,98.53406
2012-03-30 08:00:00,88.471214
2012-03-30 09:00:00,101.2141
2012-03-30 10:00:00,88.25825
2012-03-30 11:00:00,108.32977
2012-03-30 12:00:00,110.63975
2012-03-30 13:00:00,149.5744
2012-03-30 14:00:00,135.10396
2012-03-30 15:00:00,143.3257
2012-03-30 16:00:00,110.364876
2012-03-30 17:00:00,109.257515
2012-03-30 18:00:00,135.72392
2012-03-30 19:00:00,124.349846
2012-03-30 20:00:00,121.509026
2012-03-30 21:00:00,110.48247
2012-03-30 22:00:00,88.75222
2012-03-30 23:00:00,84.14121
2012-03-31 00:00:00,57.480778
2012-03-31 01:00:00,88.9165
2012-03-31 02:00:00,89.48197
2012-03-31 03:00:00,67.12241
2012-03-31 04:00:00,143.48155
2012-03-31 05:00:00,63.15094
2012-03-31 06:00:00,69.67316
2012-03-31 07:00:00,69.67316
2012-03-31 08:00:00,64.692696
2012-03-31 09:00:00,88.9165
2012-03-31 10:00:00,95.81055
2012-03-31 11:00:00,98.489296
2012-03-31 12:00:00,96.27757
2012-03-31 13:00:00,136.31839
2012-03-31 14:00:00,143.79538
2012-03-31 15:00:00,174.51001
2012-03-31 16:00:00,146.82335
2012-03-31 17:00:00,184.72253
2012-03-31 18:00:00,147.68011
2012-03-31 19:00:00,159.333
2012-03-31 20:00:00,109.203125
2012-03-31 21:00:00,109.203125
2012-03-31 22:00:00,82.48064
2012-03-31 23:00:00,62.750366
2012-04-20 00:00:00,135.80908
2012-04-20 01:00:00,140.6314
2012-04-20 02:00:00,102.93006
2012-04-20 03:00:00,90.09315
2012-04-20 04:00:00,80.17298
2012-04-20 05:00:00,79.20219
2012-04-20 06:00:00,85.21348
2012-04-20 07:00:00,79.20219
2012-04-20 08:00:00,80.02893
2012-04-20 09:00:00,99.286095
2012-04-20 10:00:00,173.32533
2012-04-20 11:00:00,180.8283
2012-04-20 12:00:00,231.6308
2012-04-20 13:00:00,300.7344
2012-04-20 14:00:00,312.36823
2012-04-20 15:00:00,299.53116
2012-04-20 16:00:00,313.77585
2012-04-20 17:00:00,302.9213
2012-04-20 18:00:00,293.53683
2012-04-20 19:00:00,267.76297
2012-04-20 20:00:00,228.82874
2012-04-20 21:00:00,175.49834
2012-04-20 22:00:00,190.8624
2012-04-20 23:00:00,160.34889
2012-04-21 00:00:00,140.32733
2012-04-21 01:00:00,140.32733
2012-04-21 02:00:00,106.757355
2012-04-21 03:00:00,116.47128
2012-04-21 04:00:00,125.58382
2012-04-21 05:00:00,125.58382
2012-04-21 06:00:00,116.471306
2012-04-21 07:00:00,134.33392
2012-04-21 08:00:00,140.09734
2012-04-21 09:00:00,122.62685
2012-04-21 10:00:00,261.80853
2012-04-21 11:00:00,303.568
2012-04-21 12:00:00,301.79544
2012-04-21 13:00:00,322.82892
2012-04-21 14:00:00,390.89682
2012-04-21 15:00:00,444.65622
2012-04-21 16:00:00,433.17206
2012-04-21 17:00:00,538.7381
2012-04-21 18:00:00,376.10434
2012-04-21 19:00:00,180.15236
2012-04-21 20:00:00,99.50874
2012-04-21 21:00:00,120.91646
2012-04-21 22:00:00,122.350876
2012-04-21 23:00:00,100.05849
2012-04-22 00:00:00,118.585175
2012-04-22 01:00:00,106.88091
2012-04-22 02:00:00,141.18602
2012-04-22 03:00:00,106.102486
2012-04-22 04:00:00,115.40065
2012-04-22 05:00:00,109.84512
2012-04-22 06:00:00,123.82644
2012-04-22 07:00:00,87.33656
2012-04-22 08:00:00,58.761066
2012-04-22 09:00:00,58.761066
2012-04-22 10:00:00,60.48741
2012-04-22 11:00:00,54.994766
2012-04-22 12:00:00,57.952896
2012-04-22 13:00:00,63.365414
2012-04-22 14:00:00,57.952896
2012-04-22 15:00:00,63.842297
2012-04-22 16:00:00,72.97002
2012-04-22 17:00:00,63.421112
2012-04-22 18:00:00,63.421112
2012-04-22 19:00:00,78.17342
2012-04-22 20:00:00,60.03897
2012-04-22 21:00:00,60.440857
2012-04-22 22:00:00,71.938095
2012-04-22 23:00:00,73.76618
2012-04-23 00:00:00,65.36642
2012-04-23 01:00:00,59.560635
2012-04-23 02:00:00,72.36795
2012-04-23 03:00:00,75.829056
2012-04-23 04:00:00,52.51267
2012-04-23 05:00:00,52.51267
2012-04-23 06:00:00,71.67531
2012-04-23 07:00:00,55.63932
2012-04-23 08:00:00,70.88836
2012-04-23 09:00:00,69.30884
2012-04-23 10:00:00,78.571465
2012-04-23 11:00:00,80.04527
2012-04-23 12:00:00,58.97013
2012-04-23 13:00:00,79.09362
2012-04-23 14:00:00,110.69918
2012-04-23 15:00:00,130.49455
2012-04-23 16:00:00,53.243
2012-04-23 17:00:00,53.48177
2012-04-23 18:00:00,71.38417
2012-04-23 19:00:00,77.01524
2012-04-23 20:00:00,77.45318
2012-04-23 21:00:00,80.27846
2012-04-23 22:00:00,91.26481
2012-04-23 23:00:00,85.51804
2012-04-24 00:00:00,77.75286
2012-04-24 01:00:00,79.09013
2012-04-24 02:00:00,91.39113
2012-04-24 03:00:00,95.95757
2012-04-24 04:00:00,91.61937
2012-04-24 05:00:00,91.61937
2012-04-24 06:00:00,92.21904
2012-04-24 07:00:00,105.74912
2012-04-24 08:00:00,112.36912
2012-04-24 09:00:00,160.8414
2012-04-24 10:00:00,161.56566
2012-04-24 11:00:00,273.37726
2012-04-24 12:00:00,292.0521
2012-04-24 13:00:00,302.27283
2012-04-24 14:00:00,306.1024
2012-04-24 15:00:00,297.63315
2012-04-24 16:00:00,324.81073
2012-04-24 17:00:00,302.59613
2012-04-24 18:00:00,334.05276
2012-04-24 19:00:00,309.6196
2012-04-24 20:00:00,295.20517
2012-04-24 21:00:00,258.70563
2012-04-24 22:00:00,191.98438
2012-04-24 23:00:00,182.94579
2012-04-25 00:00:00,162.24197
2012-04-25 01:00:00,147.84253
2012-04-25 02:00:00,89.82834
2012-04-25 03:00:00,80.39268
2012-04-25 04:00:00,84.8488
2012-04-25 05:00:00,82.6927
2012-04-25 06:00:00,82.6927
2012-04-25 07:00:00,80.11016
2012-04-25 08:00:00,81.89459
2012-04-25 09:00:00,110.483185
2012-04-25 10:00:00,201.38217
2012-04-25 11:00:00,273.70053
2012-04-25 12:00:00,353.68005
2012-04-25 13:00:00,322.1935
2012-04-25 14:00:00,310.30106
2012-04-25 15:00:00,339.69116
2012-04-25 16:00:00,316.49277
2012-04-25 17:00:00,325.7702
2012-04-25 18:00:00,328.7936
2012-04-25 19:00:00,337.00528
2012-04-25 20:00:00,353.72314
2012-04-25 21:00:00,202.84195
2012-04-25 22:00:00,152.55736
2012-04-25 23:00:00,183.92166
2012-04-26 00:00:00,142.25743
2012-04-26 01:00:00,179.26538
2012-04-26 02:00:00,166.93504
2012-04-26 03:00:00,164.46782
2012-04-26 04:00:00,145.15121
2012-04-26 05:00:00,136.90387
2012-04-26 06:00:00,132.93929
2012-04-26 07:00:00,103.01778
2012-04-26 08:00:00,98.171425
2012-04-26 09:00:00,95.1555
2012-04-26 10:00:00,97.9613
2012-04-26 11:00:00,103.290504
2012-04-26 12:00:00,156.80284
2012-04-26 13:00:00,149.6918
2012-04-26 14:00:00,165.34392
2012-04-26 15:00:00,142.01604
2012-04-26 16:00:00,158.9977
2012-04-26 17:00:00,178.61201
2012-04-26 18:00:00,165.34392
2012-04-26 19:00:00,162.97888
2012-04-26 20:00:00,189.17578
2012-04-26 21:00:00,183.48251
2012-04-26 22:00:00,160.7298
2012-04-26 23:00:00,135.2588
2012-04-27 00:00:00,219.43971
2012-04-27 01:00:00,195.1402
2012-04-27 02:00:00,186.16983
2012-04-27 03:00:00,181.77077
2012-04-27 04:00:00,172.01941
2012-04-27 05:00:00,165.3235
2012-04-27 06:00:00,167.41461
2012-04-27 07:00:00,143.5596
2012-04-27 08:00:00,109.50371
2012-04-27 09:00:00,186.2457
2012-04-27 10:00:00,216.00198
2012-04-27 11:00:00,214.92726
2012-04-27 12:00:00,244.5535
2012-04-27 13:00:00,261.51645
2012-04-27 14:00:00,266.94055
2012-04-27 15:00:00,298.499
2012-04-27 16:00:00,347.90848
2012-04-27 17:00:00,313.12805
2012-04-27 18:00:00,316.39273
2012-04-27 19:00:00,306.06778
2012-04-27 20:00:00,276.68445
2012-04-27 21:00:00,252.92274
2012-04-27 22:00:00,188.67094
2012-04-27 23:00:00,175.45535
2012-04-28 00:00:00,151.32391
2012-04-28 01:00:00,141.36876
2012-04-28 02:00:00,136.05298
2012-04-28 03:00:00,115.31271
2012-04-28 04:00:00,104.41029
2012-04-28 05:00:00,109.55788
2012-04-28 06:00:00,107.45389
2012-04-28 07:00:00,104.41029
2012-04-28 08:00:00,178.86589
2012-04-28 09:00:00,199.439
2012-04-28 10:00:00,157.63406
2012-04-28 11:00:00,172.1027
2012-04-28 12:00:00,162.19284
2012-04-28 13:00:00,195.58775
2012-04-28 14:00:00,197.26543
2012-04-28 15:00:00,188.95901
2012-04-28 16:00:00,195.29323
2012-04-28 17:00:00,173.71071
2012-04-28 18:00:00,165.72672
2012-04-28 19:00:00,64.26538
2012-04-28 20:00:00,102.47948
2012-04-28 21:00:00,51.78992
2012-04-28 22:00:00,72.57087
2012-04-28 23:00:00,95.91777
2012-04-29 00:00:00,67.488335
2012-04-29 01:00:00,74.32762
2012-04-29 02:00:00,82.96985
2012-04-29 03:00:00,64.69268
2012-04-29 04:00:00,75.982346
2012-04-29 05:00:00,43.515324
2012-04-29 06:00:00,43.99622
2012-04-29 07:00:00,73.606865
2012-04-29 08:00:00,55.03011
2012-04-29 09:00:00,80.2763
2012-04-29 10:00:00,92.01803
2012-04-29 11:00:00,121.75491
2012-04-29 12:00:00,189.6948
2012-04-29 13:00:00,199.63136
2012-04-29 14:00:00,333.07236
2012-04-29 15:00:00,314.28537
2012-04-29 16:00:00,412.93872
2012-04-29 17:00:00,467.4151
2012-04-29 18:00:00,453.71378
2012-04-29 19:00:00,352.5647
2012-04-29 20:00:00,354.31528
2012-04-29 21:00:00,208.13986
2012-04-29 22:00:00,194.83795
2012-04-29 23:00:00,98.74237
2012-04-30 00:00:00,122.1565
2012-04-30 01:00:00,105.56965
2012-04-30 02:00:00,124.79051
2012-04-30 03:00:00,107.23778
2012-04-30 04:00:00,125.75804
2012-04-30 05:00:00,125.75804
2012-04-30 06:00:00,158.08096
2012-04-30 07:00:00,145.07262
2012-04-30 08:00:00,168.24254
2012-04-30 09:00:00,159.24852
2012-04-30 10:00:00,176.18304
2012-04-30 11:00:00,177.124
2012-04-30 12:00:00,177.71947
2012-04-30 13:00:00,174.28542
2012-04-30 14:00:00,180.30083
2012-04-30 15:00:00,189.6798
2012-04-30 16:00:00,216.98909
2012-04-30 17:00:00,212.16434
2012-04-30 18:00:00,195.43617
2012-04-30 19:00:00,163.45589
2012-04-30 20:00:00,176.85043
2012-04-30 21:00:00,176.85043
2012-04-30 22:00:00,188.83145
2012-04-30 23:00:00,178.86691
2012-05-20 00:00:00,209.76399
2012-05-20 01:00:00,184.33315
2012-05-20 02:00:00,184.33315
2012-05-20 03:00:00,145.75995
2012-05-20 04:00:00,109.26198
2012-05-20 05:00:00,105.67662
2012-05-20 06:00:00,117.54721
2012-05-20 07:00:00,146.15103
2012-05-20 08:00:00,198.25476
2012-05-20 09:00:00,455.68506
2012-05-20 10:00:00,492.21616
2012-05-20 11:00:00,482.75656
2012-05-20 12:00:00,495.31198
2012-05-20 13:00:00,476.0433
2012-05-20 14:00:00,484.52982
2012-05-20 15:00:00,450.63226
2012-05-20 16:00:00,451.6522
2012-05-20 17:00:00,410.81802
2012-05-20 18:00:00,376.71246
2012-05-20 19:00:00,336.4835
2012-05-20 20:00:00,336.4835
2012-05-20 21:00:00,282.5278
2012-05-20 22:00:00,246.92004
2012-05-20 23:00:00,157.83543
2012-05-21 00:00:00,135.81546
2012-05-21 01:00:00,139.55035
2012-05-21 02:00:00,134.5896
2012-05-21 03:00:00,164.94246
2012-05-21 04:00:00,127.44446
2012-05-21 05:00:00,127.44446
2012-05-21 06:00:00,127.44446
2012-05-21 07:00:00,127.44446
2012-05-21 08:00:00,136.63103
2012-05-21 09:00:00,144.12688
2012-05-21 10:00:00,140.15958
2012-05-21 11:00:00,193.00957
2012-05-21 12:00:00,194.8069
2012-05-21 13:00:00,153.9326
2012-05-21 14:00:00,161.62042
2012-05-21 15:00:00,228.25938
2012-05-21 16:00:00,227.17093
2012-05-21 17:00:00,250.90836
2012-05-21 18:00:00,193.85951
2012-05-21 19:00:00,214.0155
2012-05-21 20:00:00,225.08076
2012-05-21 21:00:00,199.38626
2012-05-21 22:00:00,211.06331
2012-05-21 23:00:00,235.10902
2012-05-22 00:00:00,216.71864
2012-05-22 01:00:00,179.4821
2012-05-22 02:00:00,177.61911
2012-05-22 03:00:00,177.61911
2012-05-22 04:00:00,178.07513
2012-05-22 05:00:00,147.235
2012-05-22 06:00:00,163.94055
2012-05-22 07:00:00,163.94055
2012-05-22 08:00:00,173.36652
2012-05-22 09:00:00,183.72012
2012-05-22 10:00:00,184.17303
2012-05-22 11:00:00,193.13318
2012-05-22 12:00:00,191.32335
2012-05-22 13:00:00,209.42247
2012-05-22 14:00:00,209.40094
2012-05-22 15:00:00,271.30637
2012-05-22 16:00:00,266.97177
2012-05-22 17:00:00,247.96396
2012-05-22 18:00:00,275.26453
2012-05-22 19:00:00,268.04694
2012-05-22 20:00:00,245.90572
2012-05-22 21:00:00,195.82233
2012-05-22 22:00:00,181.25644
2012-05-22 23:00:00,186.44083
2012-05-23 00:00:00,195.82233
2012-05-23 01:00:00,188.85715
2012-05-23 02:00:00,193.00957
2012-05-23 03:00:00,177.57973
2012-05-23 04:00:00,152.58723
2012-05-23 05:00:00,136.63103
2012-05-23 06:00:00,145.35016
2012-05-23 07:00:00,163.9858
2012-05-23 08:00:00,163.9858
2012-05-23 09:00:00,199.33537
2012-05-23 10:00:00,178.69339
2012-05-23 11:00:00,184.1755
2012-05-23 12:00:00,238.76663
2012-05-23 13:00:00,233.71086
2012-05-23 14:00:00,265.41803
2012-05-23 15:00:00,262.2404
2012-05-23 16:00:00,258.28278
2012-05-23 17:00:00,222.9937
2012-05-23 18:00:00,222.9937
2012-05-23 19:00:00,200.04564
2012-05-23 20:00:00,190.76021
2012-05-23 21:00:00,196.80347
2012-05-23 22:00:00,200.04564
2012-05-23 23:00:00,174.56534
2012-05-24 00:00:00,165.3195
2012-05-24 01:00:00,148.44366
2012-05-24 02:00:00,154.42981
2012-05-24 03:00:00,182.23145
2012-05-24 04:00:00,189.29337
2012-05-24 05:00:00,189.29337
2012-05-24 06:00:00,189.29337
2012-05-24 07:00:00,166.30319
2012-05-24 08:00:00,201.06335
2012-05-24 09:00:00,214.46512
2012-05-24 10:00:00,242.59654
2012-05-24 11:00:00,254.29817
2012-05-24 12:00:00,285.23703
2012-05-24 13:00:00,322.18317
2012-05-24 14:00:00,343.90536
2012-05-24 15:00:00,348.05988
2012-05-24 16:00:00,348.9499
2012-05-24 17:00:00,350.82635
2012-05-24 18:00:00,336.7643
2012-05-24 19:00:00,311.75073
2012-05-24 20:00:00,245.8142
2012-05-24 21:00:00,184.97264
2012-05-24 22:00:00,191.74591
2012-05-24 23:00:00,196.15654
2012-05-25 00:00:00,179.67654
2012-05-25 01:00:00,169.70706
2012-05-25 02:00:00,196.80347
2012-05-25 03:00:00,189.47159
2012-05-25 04:00:00,193.98192
2012-05-25 05:00:00,190.50333
2012-05-25 06:00:00,189.47159
2012-05-25 07:00:00,196.62761
2012-05-25 08:00:00,196.68173
2012-05-25 09:00:00,197.53879
2012-05-25 10:00:00,230.47581
2012-05-25 11:00:00,211.36008
2012-05-25 12:00:00,283.34537
2012-05-25 13:00:00,308.86465
2012-05-25 14:00:00,317.60654
2012-05-25 15:00:00,340.03366
2012-05-25 16:00:00,375.25937
2012-05-25 17:00:00,352.25635
2012-05-25 18:00:00,340.03366
2012-05-25 19:00:00,327.7922
2012-05-25 20:00:00,284.6818
2012-05-25 21:00:00,276.32996
2012-05-25 22:00:00,198.29857
2012-05-25 23:00:00,240.62035
2012-05-26 00:00:00,128.32509
2012-05-26 01:00:00,121.23034
2012-05-26 02:00:00,112.04409
2012-05-26 03:00:00,107.254814
2012-05-26 04:00:00,107.297356
2012-05-26 05:00:00,181.40315
2012-05-26 06:00:00,124.49302
2012-05-26 07:00:00,171.29126
2012-05-26 08:00:00,135.2729
2012-05-26 09:00:00,142.67468
2012-05-26 10:00:00,204.16266
2012-05-26 11:00:00,221.16092
2012-05-26 12:00:00,331.1869
2012-05-26 13:00:00,336.4534
2012-05-26 14:00:00,348.82944
2012-05-26 15:00:00,377.09338
2012-05-26 16:00:00,399.68222
2012-05-26 17:00:00,406.2191
2012-05-26 18:00:00,382.63724
2012-05-26 19:00:00,329.3711
2012-05-26 20:00:00,355.13824
2012-05-26 21:00:00,318.17523
2012-05-26 22:00:00,261.91782
2012-05-26 23:00:00,261.91782
2012-05-27 00:00:00,248.83165
2012-05-27 01:00:00,207.14186
2012-05-27 02:00:00,201.40413
2012-05-27 03:00:00,167.35652
2012-05-27 04:00:00,147.44336
2012-05-27 05:00:00,147.44336
2012-05-27 06:00:00,133.3665
2012-05-27 07:00:00,110.85402
2012-05-27 08:00:00,142.67468
2012-05-27 09:00:00,177.34447
2012-05-27 10:00:00,238.86298
2012-05-27 11:00:00,316.23312
2012-05-27 12:00:00,347.36615
2012-05-27 13:00:00,359.3909
2012-05-27 14:00:00,380.33334
2012-05-27 15:00:00,412.75574
2012-05-27 16:00:00,412.75574
2012-05-27 17:00:00,417.00388
2012-05-27 18:00:00,398.58914
2012-05-27 19:00:00,359.3909
2012-05-27 20:00:00,342.65573
2012-05-27 21:00:00,223.12804
2012-05-27 22:00:00,200.069
2012-05-27 23:00:00,182.65767
2012-05-28 00:00:00,151.39911
2012-05-28 01:00:00,195.18271
2012-05-28 02:00:00,147.07416
2012-05-28 03:00:00,150.12036
2012-05-28 04:00:00,129.51291
2012-05-28 05:00:00,129.51291
2012-05-28 06:00:00,150.12036
2012-05-28 07:00:00,121.94975
2012-05-28 08:00:00,98.303925
2012-05-28 09:00:00,179.54083
2012-05-28 10:00:00,179.54083
2012-05-28 11:00:00,268.38458
2012-05-28 12:00:00,321.9906
2012-05-28 13:00:00,348.26163
2012-05-28 14:00:00,348.26163
2012-05-28 15:00:00,328.76773
2012-05-28 16:00:00,321.08517
2012-05-28 17:00:00,328.76773
2012-05-28 18:00:00,326.9243
2012-05-28 19:00:00,313.85583
2012-05-28 20:00:00,319.1927
2012-05-28 21:00:00,324.27426
2012-05-28 22:00:00,264.8655
2012-05-28 23:00:00,224.76964
2012-05-29 00:00:00,259.43958
2012-05-29 01:00:00,259.43958
2012-05-29 02:00:00,205.24895
2012-05-29 03:00:00,265.33273
2012-05-29 04:00:00,240.62035
2012-05-29 05:00:00,240.62035
2012-05-29 06:00:00,240.62035
2012-05-29 07:00:00,240.62035
2012-05-29 08:00:00,275.0092
2012-05-29 09:00:00,312.89453
2012-05-29 10:00:00,327.45255
2012-05-29 11:00:00,355.19736
2012-05-29 12:00:00,375.1996
2012-05-29 13:00:00,374.6616
2012-05-29 14:00:00,378.18896
2012-05-29 15:00:00,368.58408
2012-05-29 16:00:00,403.32175
2012-05-29 17:00:00,381.7476
2012-05-29 18:00:00,390.44846
2012-05-29 19:00:00,361.25894
2012-05-29 20:00:00,250.40077
2012-05-29 21:00:00,163.64249
2012-05-29 22:00:00,190.50333
2012-05-29 23:00:00,192.70526
2012-05-30 00:00:00,187.25917
2012-05-30 01:00:00,179.87466
2012-05-30 02:00:00,181.1611
2012-05-30 03:00:00,173.62387
2012-05-30 04:00:00,190.31606
2012-05-30 05:00:00,194.63184
2012-05-30 06:00:00,184.3862
2012-05-30 07:00:00,164.26683
2012-05-30 08:00:00,207.3466
2012-05-30 09:00:00,234.16469
2012-05-30 10:00:00,222.91714
2012-05-30 11:00:00,255.07745
2012-05-30 12:00:00,239.99997
2012-05-30 13:00:00,246.64754
2012-05-30 14:00:00,312.90085
2012-05-30 15:00:00,317.42755
2012-05-30 16:00:00,328.89774
2012-05-30 17:00:00,298.867
2012-05-30 18:00:00,338.46906
2012-05-30 19:00:00,322.18317
2012-05-30 20:00:00,189.93236
2012-05-30 21:00:00,276.6724
2012-05-30 22:00:00,222.34508
2012-05-30 23:00:00,242.69049
2012-05-31 00:00:00,225.08076
2012-05-31 01:00:00,200.48909
2012-05-31 02:00:00,222.6053
2012-05-31 03:00:00,199.38626
2012-05-31 04:00:00,187.93474
2012-05-31 05:00:00,251.29259
2012-05-31 06:00:00,228.36836
2012-05-31 07:00:00,255.16782
2012-05-31 08:00:00,271.82742
2012-05-31 09:00:00,314.33112
2012-05-31 10:00:00,365.0297
2012-05-31 11:00:00,311.14615
2012-05-31 12:00:00,290.74026
2012-05-31 13:00:00,307.3554
2012-05-31 14:00:00,309.57935
2012-05-31 15:00:00,316.90924
2012-05-31 16:00:00,308.98566
2012-05-31 17:00:00,316.3923
2012-05-31 18:00:00,312.81403
2012-05-31 19:00:00,305.3393
2012-05-31 20:00:00,315.69513
2012-05-31 21:00:00,315.69513
2012-05-31 22:00:00,294.3947
2012-05-31 23:00:00,288.2457
2012-06-20 00:00:00,259.43958
2012-06-20 01:00:00,244.93454
2012-06-20 02:00:00,206.74928
2012-06-20 03:00:00,189.97975
2012-06-20 04:00:00,177.72351
2012-06-20 05:00:00,177.72351
2012-06-20 06:00:00,197.40216
2012-06-20 07:00:00,207.13997
2012-06-20 08:00:00,237.3099
2012-06-20 09:00:00,265.88916
2012-06-20 10:00:00,366.91003
2012-06-20 11:00:00,366.76895
2012-06-20 12:00:00,336.51443
2012-06-20 13:00:00,306.24725
2012-06-20 14:00:00,274.7568
2012-06-20 15:00:00,349.8489
2012-06-20 16:00:00,317.12067
2012-06-20 17:00:00,346.82593
2012-06-20 18:00:00,346.82593
2012-06-20 19:00:00,280.95697
2012-06-20 20:00:00,269.8601
2012-06-20 21:00:00,300.86734
2012-06-20 22:00:00,318.232
2012-06-20 23:00:00,339.90137
2012-06-21 00:00:00,203.34991
2012-06-21 01:00:00,178.46295
2012-06-21 02:00:00,160.90848
2012-06-21 03:00:00,160.49425
2012-06-21 04:00:00,132.34818
2012-06-21 05:00:00,133.40248
2012-06-21 06:00:00,172.77237
2012-06-21 07:00:00,172.77237
2012-06-21 08:00:00,164.54749
2012-06-21 09:00:00,332.71698
2012-06-21 10:00:00,277.34796
2012-06-21 11:00:00,333.61722
2012-06-21 12:00:00,338.71927
2012-06-21 13:00:00,368.21133
2012-06-21 14:00:00,343.73468
2012-06-21 15:00:00,339.90317
2012-06-21 16:00:00,353.49094
2012-06-21 17:00:00,355.83398
2012-06-21 18:00:00,323.09915
2012-06-21 19:00:00,320.75717
2012-06-21 20:00:00,312.00812
2012-06-21 21:00:00,339.47647
2012-06-21 22:00:00,319.29257
2012-06-21 23:00:00,281.2148
2012-06-22 00:00:00,265.24548
2012-06-22 01:00:00,256.6544
2012-06-22 02:00:00,157.47968
2012-06-22 03:00:00,157.47968
2012-06-22 04:00:00,251.26768
2012-06-22 05:00:00,248.94252
2012-06-22 06:00:00,237.08575
2012-06-22 07:00:00,269.18185
2012-06-22 08:00:00,269.47186
2012-06-22 09:00:00,304.74197
2012-06-22 10:00:00,327.97968
2012-06-22 11:00:00,314.52884
2012-06-22 12:00:00,294.44376
2012-06-22 13:00:00,320.75717
2012-06-22 14:00:00,320.75717
2012-06-22 15:00:00,347.3666
2012-06-22 16:00:00,322.30975
2012-06-22 17:00:00,435.30634
2012-06-22 18:00:00,303.318
2012-06-22 19:00:00,358.82196
2012-06-22 20:00:00,358.82196
2012-06-22 21:00:00,214.41212
2012-06-22 22:00:00,195.47723
2012-06-22 23:00:00,176.81706
2012-06-23 00:00:00,65.02287
2012-06-23 01:00:00,80.968185
2012-06-23 02:00:00,121.247696
2012-06-23 03:00:00,120.16146
2012-06-23 04:00:00,115.69532
2012-06-23 05:00:00,121.247696
2012-06-23 06:00:00,72.98139
2012-06-23 07:00:00,70.605865
2012-06-23 08:00:00,177.50148
2012-06-23 09:00:00,261.868
2012-06-23 10:00:00,308.29184
2012-06-23 11:00:00,413.22116
2012-06-23 12:00:00,447.17166
2012-06-23 13:00:00,397.55322
2012-06-23 14:00:00,455.27347
2012-06-23 15:00:00,447.94135
2012-06-23 16:00:00,424.89484
2012-06-23 17:00:00,397.29422
2012-06-23 18:00:00,421.10385
2012-06-23 19:00:00,391.41675
2012-06-23 20:00:00,420.6321
2012-06-23 21:00:00,441.7089
2012-06-23 22:00:00,470.4714
2012-06-23 23:00:00,402.2643
2012-06-24 00:00:00,302.40204
2012-06-24 01:00:00,247.31009
2012-06-24 02:00:00,287.75143
2012-06-24 03:00:00,199.43504
2012-06-24 04:00:00,241.36595
2012-06-24 05:00:00,107.30818
2012-06-24 06:00:00,152.55353
2012-06-24 07:00:00,108.31533
2012-06-24 08:00:00,246.25842
2012-06-24 09:00:00,312.53287
2012-06-24 10:00:00,470.1205
2012-06-24 11:00:00,459.962
2012-06-24 12:00:00,425.09915
2012-06-24 13:00:00,456.2901
2012-06-24 14:00:00,424.5542
2012-06-24 15:00:00,382.93475
2012-06-24 16:00:00,399.96985
2012-06-24 17:00:00,403.3051
2012-06-24 18:00:00,408.39825
2012-06-24 19:00:00,484.75082
2012-06-24 20:00:00,450.32507
2012-06-24 21:00:00,326.05347
2012-06-24 22:00:00,288.33035
2012-06-24 23:00:00,275.1264
2012-06-25 00:00:00,275.2324
2012-06-25 01:00:00,243.20717
2012-06-25 02:00:00,235.12207
2012-06-25 03:00:00,233.89694
2012-06-25 04:00:00,183.1841
2012-06-25 05:00:00,169.30528
2012-06-25 06:00:00,140.28462
2012-06-25 07:00:00,195.80984
2012-06-25 08:00:00,208.77805
2012-06-25 09:00:00,234.49881
2012-06-25 10:00:00,284.06772
2012-06-25 11:00:00,345.10254
2012-06-25 12:00:00,390.99576
2012-06-25 13:00:00,314.65512
2012-06-25 14:00:00,342.2617
2012-06-25 15:00:00,424.28024
2012-06-25 16:00:00,412.5945
2012-06-25 17:00:00,366.0
2012-06-25 18:00:00,385.02017
2012-06-25 19:00:00,382.45197
2012-06-25 20:00:00,394.94403
2012-06-25 21:00:00,402.2887
2012-06-25 22:00:00,395.71515
2012-06-25 23:00:00,412.85
2012-06-26 00:00:00,409.10367
2012-06-26 01:00:00,402.36713
2012-06-26 02:00:00,290.6518
2012-06-26 03:00:00,248.8257
2012-06-26 04:00:00,247.00957
2012-06-26 05:00:00,239.19646
2012-06-26 06:00:00,213.75465
2012-06-26 07:00:00,212.42749
2012-06-26 08:00:00,239.24776
2012-06-26 09:00:00,298.29187
2012-06-26 10:00:00,356.9475
2012-06-26 11:00:00,405.15842
2012-06-26 12:00:00,397.83636
2012-06-26 13:00:00,391.65207
2012-06-26 14:00:00,391.65207
2012-06-26 15:00:00,386.88614
2012-06-26 16:00:00,376.2271
2012-06-26 17:00:00,394.54526
2012-06-26 18:00:00,403.42227
2012-06-26 19:00:00,362.67426
2012-06-26 20:00:00,371.52255
2012-06-26 21:00:00,372.61966
2012-06-26 22:00:00,386.3344
2012-06-26 23:00:00,300.95547
2012-06-27 00:00:00,364.7817
2012-06-27 01:00:00,292.9825
2012-06-27 02:00:00,264.54642
2012-06-27 03:00:00,239.17862
2012-06-27 04:00:00,378.98718
2012-06-27 05:00:00,339.71585
2012-06-27 06:00:00,268.42343
2012-06-27 07:00:00,329.4102
2012-06-27 08:00:00,335.13388
2012-06-27 09:00:00,366.05927
2012-06-27 10:00:00,384.92435
2012-06-27 11:00:00,389.9241
2012-06-27 12:00:00,365.77994
2012-06-27 13:00:00,371.77908
2012-06-27 14:00:00,390.43576
2012-06-27 15:00:00,373.67773
2012-06-27 16:00:00,370.03503
2012-06-27 17:00:00,384.39136
2012-06-27 18:00:00,371.77908
2012-06-27 19:00:00,377.7824
2012-06-27 20:00:00,368.52917
2012-06-27 21:00:00,385.4698
2012-06-27 22:00:00,325.04666
2012-06-27 23:00:00,267.67154
2012-06-28 00:00:00,235.89099
2012-06-28 01:00:00,186.76555
2012-06-28 02:00:00,231.19855
2012-06-28 03:00:00,231.19855
2012-06-28 04:00:00,202.6388
2012-06-28 05:00:00,207.91026
2012-06-28 06:00:00,207.91026
2012-06-28 07:00:00,202.6388
2012-06-28 08:00:00,246.40129
2012-06-28 09:00:00,257.45956
2012-06-28 10:00:00,326.8636
2012-06-28 11:00:00,358.19894
2012-06-28 12:00:00,347.387
2012-06-28 13:00:00,326.69064
2012-06-28 14:00:00,362.62756
2012-06-28 15:00:00,362.62756
2012-06-28 16:00:00,323.04953
2012-06-28 17:00:00,320.30893
2012-06-28 18:00:00,331.05786
2012-06-28 19:00:00,346.41702
2012-06-28 20:00:00,354.469
2012-06-28 21:00:00,297.22705
2012-06-28 22:00:00,290.68268
2012-06-28 23:00:00,281.5785
2012-06-29 00:00:00,281.5785
2012-06-29 01:00:00,282.46567
2012-06-29 02:00:00,264.71027
2012-06-29 03:00:00,264.71027
2012-06-29 04:00:00,228.2111
2012-06-29 05:00:00,218.66551
2012-06-29 06:00:00,235.69565
2012-06-29 07:00:00,218.66551
2012-06-29 08:00:00,243.62035
2012-06-29 09:00:00,284.06772
2012-06-29 10:00:00,307.81128
2012-06-29 11:00:00,392.17657
2012-06-29 12:00:00,411.42578
2012-06-29 13:00:00,333.23904
2012-06-29 14:00:00,324.78482
2012-06-29 15:00:00,375.28403
2012-06-29 16:00:00,375.28403
2012-06-29 17:00:00,325.97934
2012-06-29 18:00:00,380.9754
2012-06-29 19:00:00,304.60583
2012-06-29 20:00:00,306.4195
2012-06-29 21:00:00,346.32675
2012-06-29 22:00:00,300.10007
2012-06-29 23:00:00,300.10007
2012-06-30 00:00:00,141.14603
2012-06-30 01:00:00,129.53203
2012-06-30 02:00:00,110.87289
2012-06-30 03:00:00,110.87289
2012-06-30 04:00:00,92.31102
2012-06-30 05:00:00,59.685802
2012-06-30 06:00:00,59.685802
2012-06-30 07:00:00,59.685802
2012-06-30 08:00:00,59.685802
2012-06-30 09:00:00,59.685802
2012-06-30 10:00:00,380.07196
2012-06-30 11:00:00,380.07196
2012-06-30 12:00:00,380.07196
2012-06-30 13:00:00,380.07196
2012-06-30 14:00:00,380.07196
2012-06-30 15:00:00,380.07196
2012-06-30 16:00:00,333.47266
2012-06-30 17:00:00,352.0728
2012-06-30 18:00:00,449.4019
2012-06-30 19:00:00,431.68878
2012-06-30 20:00:00,365.3878
2012-06-30 21:00:00,365.3878
2012-06-30 22:00:00,301.93558
2012-06-30 23:00:00,290.66214
2012-07-20 00:00:00,145.96648
2012-07-20 01:00:00,108.405014
2012-07-20 02:00:00,146.18988
2012-07-20 03:00:00,145.83907
2012-07-20 04:00:00,155.39574
2012-07-20 05:00:00,147.24997
2012-07-20 06:00:00,155.39574
2012-07-20 07:00:00,163.85284
2012-07-20 08:00:00,175.07736
2012-07-20 09:00:00,205.08492
2012-07-20 10:00:00,211.35359
2012-07-20 11:00:00,240.68799
2012-07-20 12:00:00,175.81209
2012-07-20 13:00:00,169.01027
2012-07-20 14:00:00,192.09285
2012-07-20 15:00:00,201.89182
2012-07-20 16:00:00,185.27786
2012-07-20 17:00:00,176.59827
2012-07-20 18:00:00,172.96802
2012-07-20 19:00:00,159.01764
2012-07-20 20:00:00,155.75983
2012-07-20 21:00:00,142.2286
2012-07-20 22:00:00,153.48978
2012-07-20 23:00:00,154.74553
2012-07-21 00:00:00,127.74731
2012-07-21 01:00:00,143.44302
2012-07-21 02:00:00,115.11936
2012-07-21 03:00:00,111.89662
2012-07-21 04:00:00,112.99814
2012-07-21 05:00:00,111.46359
2012-07-21 06:00:00,111.46359
2012-07-21 07:00:00,126.83422
2012-07-21 08:00:00,132.59264
2012-07-21 09:00:00,118.53415
2012-07-21 10:00:00,111.46359
2012-07-21 11:00:00,137.89325
2012-07-21 12:00:00,115.49957
2012-07-21 13:00:00,124.32307
2012-07-21 14:00:00,122.61132
2012-07-21 15:00:00,111.89662
2012-07-21 16:00:00,115.40826
2012-07-21 17:00:00,124.0677
2012-07-21 18:00:00,107.31742
2012-07-21 19:00:00,105.09361
2012-07-21 20:00:00,124.0677
2012-07-21 21:00:00,105.0936
2012-07-21 22:00:00,112.71115
2012-07-21 23:00:00,104.60413
2012-07-22 00:00:00,112.71115
2012-07-22 01:00:00,105.0936
2012-07-22 02:00:00,112.71115
2012-07-22 03:00:00,112.71115
2012-07-22 04:00:00,47.875904
2012-07-22 05:00:00,47.875904
2012-07-22 06:00:00,125.42359
2012-07-22 07:00:00,118.06792
2012-07-22 08:00:00,130.34464
2012-07-22 09:00:00,210.9832
2012-07-22 10:00:00,163.57921
2012-07-22 11:00:00,163.57921
2012-07-22 12:00:00,194.50075
2012-07-22 13:00:00,220.79124
2012-07-22 14:00:00,212.95744
2012-07-22 15:00:00,212.95744
2012-07-22 16:00:00,230.48976
2012-07-22 17:00:00,263.90378
2012-07-22 18:00:00,242.11191
2012-07-22 19:00:00,186.2496
2012-07-22 20:00:00,130.2592
2012-07-22 21:00:00,104.14256
2012-07-22 22:00:00,147.43623
2012-07-22 23:00:00,97.82409
2012-07-23 00:00:00,105.47938
2012-07-23 01:00:00,133.116
2012-07-23 02:00:00,148.20297
2012-07-23 03:00:00,148.20297
2012-07-23 04:00:00,147.70482
2012-07-23 05:00:00,147.70482
2012-07-23 06:00:00,161.87662
2012-07-23 07:00:00,143.54768
2012-07-23 08:00:00,160.90848
2012-07-23 09:00:00,255.36725
2012-07-23 10:00:00,266.35315
2012-07-23 11:00:00,294.90405
2012-07-23 12:00:00,294.90405
2012-07-23 13:00:00,274.6563
2012-07-23 14:00:00,282.36414
2012-07-23 15:00:00,332.71698
2012-07-23 16:00:00,302.61407
2012-07-23 17:00:00,302.61407
2012-07-23 18:00:00,276.22937
2012-07-23 19:00:00,346.48004
2012-07-23 20:00:00,280.5667
2012-07-23 21:00:00,285.9082
2012-07-23 22:00:00,265.56952
2012-07-23 23:00:00,243.57613
2012-07-24 00:00:00,187.63556
2012-07-24 01:00:00,152.87631
2012-07-24 02:00:00,135.72179
2012-07-24 03:00:00,135.72179
2012-07-24 04:00:00,112.68406
2012-07-24 05:00:00,112.92937
2012-07-24 06:00:00,122.15504
2012-07-24 07:00:00,201.98248
2012-07-24 08:00:00,251.34195
2012-07-24 09:00:00,281.76416
2012-07-24 10:00:00,359.2324
2012-07-24 11:00:00,363.1827
2012-07-24 12:00:00,328.12292
2012-07-24 13:00:00,362.39404
2012-07-24 14:00:00,345.2067
2012-07-24 15:00:00,335.85202
2012-07-24 16:00:00,348.86282
2012-07-24 17:00:00,337.15594
2012-07-24 18:00:00,317.63202
2012-07-24 19:00:00,280.5667
2012-07-24 20:00:00,254.77942
2012-07-24 21:00:00,268.4686
2012-07-24 22:00:00,276.88324
2012-07-24 23:00:00,306.0648
2012-07-25 00:00:00,293.15112
2012-07-25 01:00:00,253.41107
2012-07-25 02:00:00,242.30176
2012-07-25 03:00:00,228.24599
2012-07-25 04:00:00,221.60696
2012-07-25 05:00:00,210.90105
2012-07-25 06:00:00,215.68022
2012-07-25 07:00:00,279.82938
2012-07-25 08:00:00,384.1284
2012-07-25 09:00:00,388.9834
2012-07-25 10:00:00,332.73904
2012-07-25 11:00:00,382.4765
2012-07-25 12:00:00,382.4765
2012-07-25 13:00:00,373.29138
2012-07-25 14:00:00,370.7732
2012-07-25 15:00:00,391.67633
2012-07-25 16:00:00,362.80908
2012-07-25 17:00:00,390.2646
2012-07-25 18:00:00,365.9203
2012-07-25 19:00:00,387.7618
2012-07-25 20:00:00,376.51016
2012-07-25 21:00:00,292.1843
2012-07-25 22:00:00,240.05759
2012-07-25 23:00:00,268.11194
2012-07-26 00:00:00,220.66121
2012-07-26 01:00:00,228.24599
2012-07-26 02:00:00,222.54782
2012-07-26 03:00:00,218.3545
2012-07-26 04:00:00,183.5047
2012-07-26 05:00:00,183.5047
2012-07-26 06:00:00,183.1841
2012-07-26 07:00:00,239.22903
2012-07-26 08:00:00,236.59448
2012-07-26 09:00:00,244.9307
2012-07-26 10:00:00,260.11728
2012-07-26 11:00:00,335.31345
2012-07-26 12:00:00,367.8968
2012-07-26 13:00:00,342.0837
2012-07-26 14:00:00,294.20975
2012-07-26 15:00:00,300.45447
2012-07-26 16:00:00,346.66568
2012-07-26 17:00:00,361.30676
2012-07-26 18:00:00,325.08255
2012-07-26 19:00:00,300.02792
2012-07-26 20:00:00,308.3567
2012-07-26 21:00:00,403.04785
2012-07-26 22:00:00,403.04785
2012-07-26 23:00:00,219.29854
2012-07-27 00:00:00,159.21944
2012-07-27 01:00:00,203.5662
2012-07-27 02:00:00,154.3332
2012-07-27 03:00:00,201.9825
2012-07-27 04:00:00,138.23323
2012-07-27 05:00:00,136.53395
2012-07-27 06:00:00,138.23323
2012-07-27 07:00:00,241.47581
2012-07-27 08:00:00,234.32924
2012-07-27 09:00:00,330.05124
2012-07-27 10:00:00,277.05038
2012-07-27 11:00:00,332.37302
2012-07-27 12:00:00,346.20016
2012-07-27 13:00:00,315.21796
2012-07-27 14:00:00,308.4829
2012-07-27 15:00:00,313.35928
2012-07-27 16:00:00,314.7223
2012-07-27 17:00:00,302.5535
2012-07-27 18:00:00,316.83316
2012-07-27 19:00:00,339.47647
2012-07-27 20:00:00,273.0508
2012-07-27 21:00:00,273.0508
2012-07-27 22:00:00,288.58743
2012-07-27 23:00:00,186.45827
2012-07-28 00:00:00,252.7287
2012-07-28 01:00:00,168.96384
2012-07-28 02:00:00,189.39445
2012-07-28 03:00:00,189.39445
2012-07-28 04:00:00,127.39978
2012-07-28 05:00:00,97.82409
2012-07-28 06:00:00,138.41867
2012-07-28 07:00:00,171.96457
2012-07-28 08:00:00,242.11191
2012-07-28 09:00:00,303.49268
2012-07-28 10:00:00,407.9502
2012-07-28 11:00:00,416.79727
2012-07-28 12:00:00,413.73016
2012-07-28 13:00:00,415.2081
2012-07-28 14:00:00,399.53345
2012-07-28 15:00:00,395.10983
2012-07-28 16:00:00,393.89502
2012-07-28 17:00:00,430.67307
2012-07-28 18:00:00,459.5404
2012-07-28 19:00:00,86.912315
2012-07-28 20:00:00,108.34331
2012-07-28 21:00:00,85.46331
2012-07-28 22:00:00,85.46331
2012-07-28 23:00:00,82.52922
2012-07-29 00:00:00,65.21953
2012-07-29 01:00:00,81.59265
2012-07-29 02:00:00,92.652435
2012-07-29 03:00:00,162.052
2012-07-29 04:00:00,131.5208
2012-07-29 05:00:00,102.2336
2012-07-29 06:00:00,99.77593
2012-07-29 07:00:00,179.67932
2012-07-29 08:00:00,232.58482
2012-07-29 09:00:00,283.2554
2012-07-29 10:00:00,242.89697
2012-07-29 11:00:00,326.05347
2012-07-29 12:00:00,360.60843
2012-07-29 13:00:00,429.0307
2012-07-29 14:00:00,442.22336
2012-07-29 15:00:00,407.99557
2012-07-29 16:00:00,407.99557
2012-07-29 17:00:00,413.2033
2012-07-29 18:00:00,487.317
2012-07-29 19:00:00,314.74478
2012-07-29 20:00:00,230.48976
2012-07-29 21:00:00,171.96457
2012-07-29 22:00:00,138.41867
2012-07-29 23:00:00,166.36441
2012-07-30 00:00:00,160.68434
2012-07-30 01:00:00,144.856
2012-07-30 02:00:00,129.61673
2012-07-30 03:00:00,111.79191
2012-07-30 04:00:00,111.79191
2012-07-30 05:00:00,112.92937
2012-07-30 06:00:00,135.72179
2012-07-30 07:00:00,133.85617
2012-07-30 08:00:00,242.44597
2012-07-30 09:00:00,233.65974
2012-07-30 10:00:00,257.57828
2012-07-30 11:00:00,271.91376
2012-07-30 12:00:00,257.91238
2012-07-30 13:00:00,314.52884
2012-07-30 14:00:00,334.92856
2012-07-30 15:00:00,333.44766
2012-07-30 16:00:00,339.74545
2012-07-30 17:00:00,317.8408
2012-07-30 18:00:00,308.03244
2012-07-30 19:00:00,322.53485
2012-07-30 20:00:00,250.9269
2012-07-30 21:00:00,241.47581
2012-07-30 22:00:00,238.32799
2012-07-30 23:00:00,216.56006
2012-07-31 00:00:00,137.69502
2012-07-31 01:00:00,122.15504
2012-07-31 02:00:00,122.15503
2012-07-31 03:00:00,112.68404
2012-07-31 04:00:00,112.68406
2012-07-31 05:00:00,135.72179
2012-07-31 06:00:00,114.00742
2012-07-31 07:00:00,177.56633
2012-07-31 08:00:00,154.3332
2012-07-31 09:00:00,203.5662
2012-07-31 10:00:00,166.8992
2012-07-31 11:00:00,201.45937
2012-07-31 12:00:00,267.00226
2012-07-31 13:00:00,350.27054
2012-07-31 14:00:00,350.27054
2012-07-31 15:00:00,266.5326
2012-07-31 16:00:00,304.74197
2012-07-31 17:00:00,330.90137
2012-07-31 18:00:00,327.96677
2012-07-31 19:00:00,245.08034
2012-07-31 20:00:00,226.44176
2012-07-31 21:00:00,167.69334
2012-07-31 22:00:00,217.94316
2012-07-31 23:00:00,160.9696
2012-08-20 00:00:00,132.30824
2012-08-20 01:00:00,126.978874
2012-08-20 02:00:00,126.978874
2012-08-20 03:00:00,92.793495
2012-08-20 04:00:00,133.06442
2012-08-20 05:00:00,131.75978
2012-08-20 06:00:00,145.55719
2012-08-20 07:00:00,154.2402
2012-08-20 08:00:00,168.36014
2012-08-20 09:00:00,184.55565
2012-08-20 10:00:00,194.67267
2012-08-20 11:00:00,196.60965
2012-08-20 12:00:00,218.69193
2012-08-20 13:00:00,240.05759
2012-08-20 14:00:00,265.27362
2012-08-20 15:00:00,301.36362
2012-08-20 16:00:00,301.36362
2012-08-20 17:00:00,276.45972
2012-08-20 18:00:00,157.2503
2012-08-20 19:00:00,161.33122
2012-08-20 20:00:00,154.74553
2012-08-20 21:00:00,104.118805
2012-08-20 22:00:00,131.75978
2012-08-20 23:00:00,131.75978
2012-08-21 00:00:00,133.06442
2012-08-21 01:00:00,135.31218
2012-08-21 02:00:00,140.15428
2012-08-21 03:00:00,94.96934
2012-08-21 04:00:00,94.96934
2012-08-21 05:00:00,102.02345
2012-08-21 06:00:00,101.808044
2012-08-21 07:00:00,116.62995
2012-08-21 08:00:00,129.07487
2012-08-21 09:00:00,135.68878
2012-08-21 10:00:00,208.82104
2012-08-21 11:00:00,190.18768
2012-08-21 12:00:00,248.10248
2012-08-21 13:00:00,299.21738
2012-08-21 14:00:00,351.34097
2012-08-21 15:00:00,338.9987
2012-08-21 16:00:00,338.9987
2012-08-21 17:00:00,323.5362
2012-08-21 18:00:00,289.21915
2012-08-21 19:00:00,173.25862
2012-08-21 20:00:00,124.18421
2012-08-21 21:00:00,124.18421
2012-08-21 22:00:00,109.97538
2012-08-21 23:00:00,106.2155
2012-08-22 00:00:00,109.81006
2012-08-22 01:00:00,113.457794
2012-08-22 02:00:00,113.457794
2012-08-22 03:00:00,113.457794
2012-08-22 04:00:00,104.07521
2012-08-22 05:00:00,111.24386
2012-08-22 06:00:00,121.17663
2012-08-22 07:00:00,113.457794
2012-08-22 08:00:00,125.99361
2012-08-22 09:00:00,154.48409
2012-08-22 10:00:00,207.79585
2012-08-22 11:00:00,224.23228
2012-08-22 12:00:00,208.30885
2012-08-22 13:00:00,264.30396
2012-08-22 14:00:00,277.50974
2012-08-22 15:00:00,284.64044
2012-08-22 16:00:00,254.50426
2012-08-22 17:00:00,254.50426
2012-08-22 18:00:00,224.23276
2012-08-22 19:00:00,176.81706
2012-08-22 20:00:00,179.5963
2012-08-22 21:00:00,124.18421
2012-08-22 22:00:00,124.18421
2012-08-22 23:00:00,102.468956
2012-08-23 00:00:00,109.97538
2012-08-23 01:00:00,106.2155
2012-08-23 02:00:00,106.2155
2012-08-23 03:00:00,109.22075
2012-08-23 04:00:00,106.2155
2012-08-23 05:00:00,106.2155
2012-08-23 06:00:00,130.66338
2012-08-23 07:00:00,137.63116
2012-08-23 08:00:00,181.01038
2012-08-23 09:00:00,208.70432
2012-08-23 10:00:00,230.30501
2012-08-23 11:00:00,255.3404
2012-08-23 12:00:00,331.84683
2012-08-23 13:00:00,344.553
2012-08-23 14:00:00,344.2036
2012-08-23 15:00:00,296.0601
2012-08-23 16:00:00,306.89185
2012-08-23 17:00:00,355.57175
2012-08-23 18:00:00,339.88467
2012-08-23 19:00:00,244.70412
2012-08-23 20:00:00,218.66551
2012-08-23 21:00:00,233.40257
2012-08-23 22:00:00,224.18674
2012-08-23 23:00:00,194.0013
2012-08-24 00:00:00,194.0013
2012-08-24 01:00:00,170.01706
2012-08-24 02:00:00,138.8974
2012-08-24 03:00:00,124.18421
2012-08-24 04:00:00,170.01706
2012-08-24 05:00:00,109.97538
2012-08-24 06:00:00,138.26245
2012-08-24 07:00:00,149.80807
2012-08-24 08:00:00,176.81706
2012-08-24 09:00:00,230.83041
2012-08-24 10:00:00,268.41916
2012-08-24 11:00:00,262.70197
2012-08-24 12:00:00,273.9886
2012-08-24 13:00:00,362.45413
2012-08-24 14:00:00,299.947
2012-08-24 15:00:00,273.85132
2012-08-24 16:00:00,273.85132
2012-08-24 17:00:00,286.2366
2012-08-24 18:00:00,249.56696
2012-08-24 19:00:00,245.67427
2012-08-24 20:00:00,236.48953
2012-08-24 21:00:00,235.69565
2012-08-24 22:00:00,220.90726
2012-08-24 23:00:00,215.27443
2012-08-25 00:00:00,258.45844
2012-08-25 01:00:00,225.32663
2012-08-25 02:00:00,155.41505
2012-08-25 03:00:00,121.31071
2012-08-25 04:00:00,179.85995
2012-08-25 05:00:00,153.29247
2012-08-25 06:00:00,124.08566
2012-08-25 07:00:00,133.72456
2012-08-25 08:00:00,188.26265
2012-08-25 09:00:00,228.45688
2012-08-25 10:00:00,261.01727
2012-08-25 11:00:00,287.3878
2012-08-25 12:00:00,344.30338
2012-08-25 13:00:00,377.78732
2012-08-25 14:00:00,209.21248
2012-08-25 15:00:00,187.07762
2012-08-25 16:00:00,193.52208
2012-08-25 17:00:00,199.98143
2012-08-25 18:00:00,236.30534
2012-08-25 19:00:00,167.26704
2012-08-25 20:00:00,121.58375
2012-08-25 21:00:00,158.19225
2012-08-25 22:00:00,158.19225
2012-08-25 23:00:00,143.44302
2012-08-26 00:00:00,92.988335
2012-08-26 01:00:00,67.61982
2012-08-26 02:00:00,125.46409
2012-08-26 03:00:00,133.44774
2012-08-26 04:00:00,117.45184
2012-08-26 05:00:00,67.61982
2012-08-26 06:00:00,109.23735
2012-08-26 07:00:00,67.61982
2012-08-26 08:00:00,160.5877
2012-08-26 09:00:00,145.49132
2012-08-26 10:00:00,336.02448
2012-08-26 11:00:00,323.7056
2012-08-26 12:00:00,232.60782
2012-08-26 13:00:00,183.24736
2012-08-26 14:00:00,63.181606
2012-08-26 15:00:00,127.576904
2012-08-26 16:00:00,127.576904
2012-08-26 17:00:00,79.67441
2012-08-26 18:00:00,119.718796
2012-08-26 19:00:00,114.40827
2012-08-26 20:00:00,59.685802
2012-08-26 21:00:00,70.33296
2012-08-26 22:00:00,62.414055
2012-08-26 23:00:00,76.871056
2012-08-27 00:00:00,106.2155
2012-08-27 01:00:00,98.397675
2012-08-27 02:00:00,101.314545
2012-08-27 03:00:00,98.39768
2012-08-27 04:00:00,106.2155
2012-08-27 05:00:00,96.6473
2012-08-27 06:00:00,96.6473
2012-08-27 07:00:00,111.79191
2012-08-27 08:00:00,112.68406
2012-08-27 09:00:00,112.92937
2012-08-27 10:00:00,213.23172
2012-08-27 11:00:00,260.86142
2012-08-27 12:00:00,188.2964
2012-08-27 13:00:00,287.10062
2012-08-27 14:00:00,264.59073
2012-08-27 15:00:00,348.86282
2012-08-27 16:00:00,347.92102
2012-08-27 17:00:00,330.03247
2012-08-27 18:00:00,339.4423
2012-08-27 19:00:00,260.11728
2012-08-27 20:00:00,251.34195
2012-08-27 21:00:00,239.25395
2012-08-27 22:00:00,175.82681
2012-08-27 23:00:00,159.40204
2012-08-28 00:00:00,205.58778
2012-08-28 01:00:00,154.57663
2012-08-28 02:00:00,191.6445
2012-08-28 03:00:00,108.405014
2012-08-28 04:00:00,122.15504
2012-08-28 05:00:00,147.02094
2012-08-28 06:00:00,145.83907
2012-08-28 07:00:00,146.09846
2012-08-28 08:00:00,152.97983
2012-08-28 09:00:00,211.3536
2012-08-28 10:00:00,282.8801
2012-08-28 11:00:00,334.50058
2012-08-28 12:00:00,339.74545
2012-08-28 13:00:00,321.01086
2012-08-28 14:00:00,336.69543
2012-08-28 15:00:00,341.67398
2012-08-28 16:00:00,365.59576
2012-08-28 17:00:00,410.1842
2012-08-28 18:00:00,331.42468
2012-08-28 19:00:00,330.76276
2012-08-28 20:00:00,260.3021
2012-08-28 21:00:00,253.72601
2012-08-28 22:00:00,190.18768
2012-08-28 23:00:00,173.32658
2012-08-29 00:00:00,138.8974
2012-08-29 01:00:00,181.30132
2012-08-29 02:00:00,146.99585
2012-08-29 03:00:00,129.50291
2012-08-29 04:00:00,172.50168
2012-08-29 05:00:00,166.45969
2012-08-29 06:00:00,166.45969
2012-08-29 07:00:00,184.59154
2012-08-29 08:00:00,221.09079
2012-08-29 09:00:00,284.20193
2012-08-29 10:00:00,293.6198
2012-08-29 11:00:00,248.10248
2012-08-29 12:00:00,305.338
2012-08-29 13:00:00,278.2221
2012-08-29 14:00:00,317.97867
2012-08-29 15:00:00,350.4863
2012-08-29 16:00:00,372.58368
2012-08-29 17:00:00,351.36646
2012-08-29 18:00:00,364.0938
2012-08-29 19:00:00,267.5191
2012-08-29 20:00:00,173.32658
2012-08-29 21:00:00,224.67456
2012-08-29 22:00:00,186.76555
2012-08-29 23:00:00,173.15973
2012-08-30 00:00:00,135.68878
2012-08-30 01:00:00,150.86111
2012-08-30 02:00:00,121.17663
2012-08-30 03:00:00,121.17663
2012-08-30 04:00:00,121.17663
2012-08-30 05:00:00,121.17663
2012-08-30 06:00:00,126.978874
2012-08-30 07:00:00,124.18421
2012-08-30 08:00:00,152.32225
2012-08-30 09:00:00,172.79997
2012-08-30 10:00:00,194.15755
2012-08-30 11:00:00,317.97867
2012-08-30 12:00:00,303.86688
2012-08-30 13:00:00,264.30396
2012-08-30 14:00:00,284.64044
2012-08-30 15:00:00,321.61383
2012-08-30 16:00:00,330.7677
2012-08-30 17:00:00,343.9606
2012-08-30 18:00:00,356.10178
2012-08-30 19:00:00,284.64044
2012-08-30 20:00:00,269.18185
2012-08-30 21:00:00,234.63127
2012-08-30 22:00:00,143.85564
2012-08-30 23:00:00,168.2538
2012-08-31 00:00:00,147.83577
2012-08-31 01:00:00,147.83577
2012-08-31 02:00:00,108.405014
2012-08-31 03:00:00,104.28557
2012-08-31 04:00:00,104.23674
2012-08-31 05:00:00,114.00742
2012-08-31 06:00:00,150.05498
2012-08-31 07:00:00,141.86108
2012-08-31 08:00:00,207.12975
2012-08-31 09:00:00,164.54749
2012-08-31 10:00:00,236.67871
2012-08-31 11:00:00,341.87482
2012-08-31 12:00:00,329.93222
2012-08-31 13:00:00,350.07803
2012-08-31 14:00:00,318.0081
2012-08-31 15:00:00,326.91525
2012-08-31 16:00:00,318.02554
2012-08-31 17:00:00,345.8666
2012-08-31 18:00:00,324.10913
2012-08-31 19:00:00,292.6427
2012-08-31 20:00:00,292.6427
2012-08-31 21:00:00,296.25314
2012-08-31 22:00:00,296.25314
2012-08-31 23:00:00,228.5042
2012-09-20 00:00:00,129.15541
2012-09-20 01:00:00,122.29818
2012-09-20 02:00:00,120.23558
2012-09-20 03:00:00,98.05867
2012-09-20 04:00:00,107.27843
2012-09-20 05:00:00,107.27843
2012-09-20 06:00:00,98.05867
2012-09-20 07:00:00,102.27318
2012-09-20 08:00:00,142.13455
2012-09-20 09:00:00,226.1447
2012-09-20 10:00:00,241.00372
2012-09-20 11:00:00,238.27808
2012-09-20 12:00:00,276.8165
2012-09-20 13:00:00,274.8229
2012-09-20 14:00:00,295.55008
2012-09-20 15:00:00,305.95605
2012-09-20 16:00:00,273.25125
2012-09-20 17:00:00,279.10532
2012-09-20 18:00:00,236.88794
2012-09-20 19:00:00,221.19446
2012-09-20 20:00:00,206.75763
2012-09-20 21:00:00,200.67966
2012-09-20 22:00:00,127.37688
2012-09-20 23:00:00,152.93028
2012-09-21 00:00:00,119.49078
2012-09-21 01:00:00,109.6225
2012-09-21 02:00:00,109.6225
2012-09-21 03:00:00,114.303
2012-09-21 04:00:00,106.10812
2012-09-21 05:00:00,102.93765
2012-09-21 06:00:00,114.303
2012-09-21 07:00:00,107.580666
2012-09-21 08:00:00,136.96092
2012-09-21 09:00:00,173.38925
2012-09-21 10:00:00,222.19237
2012-09-21 11:00:00,244.6752
2012-09-21 12:00:00,240.2512
2012-09-21 13:00:00,257.45956
2012-09-21 14:00:00,297.25967
2012-09-21 15:00:00,277.0503
2012-09-21 16:00:00,267.5191
2012-09-21 17:00:00,266.78784
2012-09-21 18:00:00,237.73395
2012-09-21 19:00:00,222.26514
2012-09-21 20:00:00,195.7569
2012-09-21 21:00:00,174.38127
2012-09-21 22:00:00,166.45969
2012-09-21 23:00:00,180.72426
2012-09-22 00:00:00,152.42505
2012-09-22 01:00:00,116.79128
2012-09-22 02:00:00,77.21849
2012-09-22 03:00:00,104.45919
2012-09-22 04:00:00,104.45919
2012-09-22 05:00:00,121.71487
2012-09-22 06:00:00,109.93739
2012-09-22 07:00:00,109.72859
2012-09-22 08:00:00,158.4851
2012-09-22 09:00:00,165.06192
2012-09-22 10:00:00,254.02182
2012-09-22 11:00:00,298.59363
2012-09-22 12:00:00,341.5255
2012-09-22 13:00:00,364.02072
2012-09-22 14:00:00,410.6987
2012-09-22 15:00:00,410.52222
2012-09-22 16:00:00,366.4034
2012-09-22 17:00:00,366.4034
2012-09-22 18:00:00,335.89487
2012-09-22 19:00:00,264.9653
2012-09-22 20:00:00,306.99194
2012-09-22 21:00:00,264.4105
2012-09-22 22:00:00,241.6071
2012-09-22 23:00:00,306.12213
2012-09-23 00:00:00,533.3352
2012-09-23 01:00:00,311.43497
2012-09-23 02:00:00,296.97668
2012-09-23 03:00:00,237.33073
2012-09-23 04:00:00,241.73167
2012-09-23 05:00:00,223.60684
2012-09-23 06:00:00,197.4935
2012-09-23 07:00:00,230.53342
2012-09-23 08:00:00,237.25667
2012-09-23 09:00:00,286.81046
2012-09-23 10:00:00,345.27814
2012-09-23 11:00:00,351.41733
2012-09-23 12:00:00,412.39462
2012-09-23 13:00:00,509.91702
2012-09-23 14:00:00,532.23846
2012-09-23 15:00:00,511.42758
2012-09-23 16:00:00,410.37772
2012-09-23 17:00:00,382.2648
2012-09-23 18:00:00,500.32953
2012-09-23 19:00:00,426.40005
2012-09-23 20:00:00,426.40005
2012-09-23 21:00:00,321.7903
2012-09-23 22:00:00,434.1892
2012-09-23 23:00:00,345.79355
2012-09-24 00:00:00,274.45126
2012-09-24 01:00:00,280.2559
2012-09-24 02:00:00,292.87207
2012-09-24 03:00:00,293.85107
2012-09-24 04:00:00,263.0443
2012-09-24 05:00:00,263.96658
2012-09-24 06:00:00,292.79034
2012-09-24 07:00:00,280.2559
2012-09-24 08:00:00,300.35977
2012-09-24 09:00:00,305.34628
2012-09-24 10:00:00,283.46152
2012-09-24 11:00:00,451.38992
2012-09-24 12:00:00,376.47293
2012-09-24 13:00:00,373.5517
2012-09-24 14:00:00,296.29626
2012-09-24 15:00:00,306.2166
2012-09-24 16:00:00,408.11636
2012-09-24 17:00:00,311.12036
2012-09-24 18:00:00,407.44937
2012-09-24 19:00:00,340.3146
2012-09-24 20:00:00,364.4493
2012-09-24 21:00:00,355.63058
2012-09-24 22:00:00,276.3539
2012-09-24 23:00:00,311.01404
2012-09-25 00:00:00,266.9918
2012-09-25 01:00:00,225.16714
2012-09-25 02:00:00,167.99979
2012-09-25 03:00:00,235.00304
2012-09-25 04:00:00,219.27948
2012-09-25 05:00:00,181.5784
2012-09-25 06:00:00,180.9889
2012-09-25 07:00:00,177.21884
2012-09-25 08:00:00,258.2975
2012-09-25 09:00:00,290.17224
2012-09-25 10:00:00,271.20114
2012-09-25 11:00:00,367.18784
2012-09-25 12:00:00,406.14035
2012-09-25 13:00:00,434.67026
2012-09-25 14:00:00,433.09036
2012-09-25 15:00:00,430.07812
2012-09-25 16:00:00,454.90738
2012-09-25 17:00:00,475.10843
2012-09-25 18:00:00,472.39255
2012-09-25 19:00:00,353.6627
2012-09-25 20:00:00,284.29126
2012-09-25 21:00:00,284.29126
2012-09-25 22:00:00,292.29208
2012-09-25 23:00:00,276.38806
2012-09-26 00:00:00,249.32895
2012-09-26 01:00:00,238.62038
2012-09-26 02:00:00,256.91406
2012-09-26 03:00:00,256.91406
2012-09-26 04:00:00,213.68475
2012-09-26 05:00:00,232.00505
2012-09-26 06:00:00,245.67204
2012-09-26 07:00:00,238.74786
2012-09-26 08:00:00,198.63742
2012-09-26 09:00:00,343.76
2012-09-26 10:00:00,223.4642
2012-09-26 11:00:00,308.2145
2012-09-26 12:00:00,334.24283
2012-09-26 13:00:00,362.17346
2012-09-26 14:00:00,481.12964
2012-09-26 15:00:00,468.27252
2012-09-26 16:00:00,493.56882
2012-09-26 17:00:00,468.27252
2012-09-26 18:00:00,491.93555
2012-09-26 19:00:00,370.5835
2012-09-26 20:00:00,335.775
2012-09-26 21:00:00,348.16745
2012-09-26 22:00:00,311.03226
2012-09-26 23:00:00,210.76596
2012-09-27 00:00:00,229.21776
2012-09-27 01:00:00,229.21776
2012-09-27 02:00:00,229.21777
2012-09-27 03:00:00,171.12776
2012-09-27 04:00:00,125.67219
2012-09-27 05:00:00,148.05276
2012-09-27 06:00:00,164.17998
2012-09-27 07:00:00,171.12776
2012-09-27 08:00:00,333.68048
2012-09-27 09:00:00,342.8112
2012-09-27 10:00:00,375.78082
2012-09-27 11:00:00,307.13315
2012-09-27 12:00:00,316.49643
2012-09-27 13:00:00,272.8735
2012-09-27 14:00:00,308.3472
2012-09-27 15:00:00,306.55716
2012-09-27 16:00:00,303.3705
2012-09-27 17:00:00,254.36868
2012-09-27 18:00:00,310.53207
2012-09-27 19:00:00,376.44824
2012-09-27 20:00:00,305.25815
2012-09-27 21:00:00,178.85638
2012-09-27 22:00:00,178.85638
2012-09-27 23:00:00,218.34807
2012-09-28 00:00:00,155.57286
2012-09-28 01:00:00,161.97063
2012-09-28 02:00:00,159.20992
2012-09-28 03:00:00,212.02261
2012-09-28 04:00:00,169.65327
2012-09-28 05:00:00,128.16293
2012-09-28 06:00:00,146.58751
2012-09-28 07:00:00,124.462074
2012-09-28 08:00:00,193.44078
2012-09-28 09:00:00,208.12943
2012-09-28 10:00:00,283.17108
2012-09-28 11:00:00,300.50632
2012-09-28 12:00:00,342.0659
2012-09-28 13:00:00,384.06766
2012-09-28 14:00:00,342.0659
2012-09-28 15:00:00,319.9426
2012-09-28 16:00:00,343.69095
2012-09-28 17:00:00,302.27917
2012-09-28 18:00:00,326.64102
2012-09-28 19:00:00,274.4249
2012-09-28 20:00:00,254.86627
2012-09-28 21:00:00,260.1652
2012-09-28 22:00:00,282.91006
2012-09-28 23:00:00,299.26102
2012-09-29 00:00:00,274.508
2012-09-29 01:00:00,274.508
2012-09-29 02:00:00,262.35522
2012-09-29 03:00:00,260.27887
2012-09-29 04:00:00,254.7096
2012-09-29 05:00:00,244.69472
2012-09-29 06:00:00,213.60783
2012-09-29 07:00:00,189.23264
2012-09-29 08:00:00,188.44092
2012-09-29 09:00:00,244.69472
2012-09-29 10:00:00,277.70966
2012-09-29 11:00:00,295.0212
2012-09-29 12:00:00,450.76935
2012-09-29 13:00:00,450.76935
2012-09-29 14:00:00,519.1622
2012-09-29 15:00:00,503.36392
2012-09-29 16:00:00,528.7286
2012-09-29 17:00:00,423.62958
2012-09-29 18:00:00,424.7663
2012-09-29 19:00:00,348.03052
2012-09-29 20:00:00,291.3827
2012-09-29 21:00:00,363.16745
2012-09-29 22:00:00,344.63846
2012-09-29 23:00:00,370.90924
2012-09-30 00:00:00,400.1851
2012-09-30 01:00:00,400.1851
2012-09-30 02:00:00,345.8169
2012-09-30 03:00:00,314.3689
2012-09-30 04:00:00,314.3689
2012-09-30 05:00:00,210.29056
2012-09-30 06:00:00,253.13696
2012-09-30 07:00:00,172.24449
2012-09-30 08:00:00,313.14822
2012-09-30 09:00:00,356.76935
2012-09-30 10:00:00,438.3453
2012-09-30 11:00:00,514.53735
2012-09-30 12:00:00,450.76935
2012-09-30 13:00:00,528.7286
2012-09-30 14:00:00,528.7286
2012-09-30 15:00:00,540.2068
2012-09-30 16:00:00,548.75134
2012-09-30 17:00:00,490.9238
2012-09-30 18:00:00,243.05217
2012-09-30 19:00:00,240.75221
2012-09-30 20:00:00,240.75221
2012-09-30 21:00:00,290.72638
2012-09-30 22:00:00,230.64014
2012-09-30 23:00:00,280.3293
2012-10-20 00:00:00,149.68665
2012-10-20 01:00:00,221.63724
2012-10-20 02:00:00,203.4681
2012-10-20 03:00:00,169.38052
2012-10-20 04:00:00,210.29056
2012-10-20 05:00:00,120.29889
2012-10-20 06:00:00,211.52219
2012-10-20 07:00:00,120.29889
2012-10-20 08:00:00,249.19907
2012-10-20 09:00:00,336.48535
2012-10-20 10:00:00,365.6198
2012-10-20 11:00:00,291.73956
2012-10-20 12:00:00,403.45905
2012-10-20 13:00:00,456.5333
2012-10-20 14:00:00,465.7499
2012-10-20 15:00:00,448.55276
2012-10-20 16:00:00,378.9899
2012-10-20 17:00:00,475.6099
2012-10-20 18:00:00,416.77963
2012-10-20 19:00:00,371.31274
2012-10-20 20:00:00,377.24594
2012-10-20 21:00:00,250.02092
2012-10-20 22:00:00,336.5242
2012-10-20 23:00:00,336.82706
2012-10-21 00:00:00,248.83226
2012-10-21 01:00:00,211.05634
2012-10-21 02:00:00,198.3907
2012-10-21 03:00:00,229.70862
2012-10-21 04:00:00,134.52614
2012-10-21 05:00:00,229.70862
2012-10-21 06:00:00,290.3127
2012-10-21 07:00:00,290.3127
2012-10-21 08:00:00,257.3719
2012-10-21 09:00:00,263.11514
2012-10-21 10:00:00,297.68915
2012-10-21 11:00:00,356.49988
2012-10-21 12:00:00,377.26175
2012-10-21 13:00:00,439.5084
2012-10-21 14:00:00,525.0255
2012-10-21 15:00:00,381.55597
2012-10-21 16:00:00,475.6099
2012-10-21 17:00:00,372.145
2012-10-21 18:00:00,461.04837
2012-10-21 19:00:00,404.99942
2012-10-21 20:00:00,312.37607
2012-10-21 21:00:00,235.37497
2012-10-21 22:00:00,355.96063
2012-10-21 23:00:00,373.8261
2012-10-22 00:00:00,230.45149
2012-10-22 01:00:00,188.66748
2012-10-22 02:00:00,178.10825
2012-10-22 03:00:00,230.45149
2012-10-22 04:00:00,204.37027
2012-10-22 05:00:00,151.90047
2012-10-22 06:00:00,132.24791
2012-10-22 07:00:00,222.47191
2012-10-22 08:00:00,223.22269
2012-10-22 09:00:00,318.80276
2012-10-22 10:00:00,327.46597
2012-10-22 11:00:00,418.4313
2012-10-22 12:00:00,297.3771
2012-10-22 13:00:00,321.47922
2012-10-22 14:00:00,312.31146
2012-10-22 15:00:00,322.98682
2012-10-22 16:00:00,371.40518
2012-10-22 17:00:00,322.3296
2012-10-22 18:00:00,388.5943
2012-10-22 19:00:00,364.4493
2012-10-22 20:00:00,381.47958
2012-10-22 21:00:00,299.93338
2012-10-22 22:00:00,153.78622
2012-10-22 23:00:00,167.8122
2012-10-23 00:00:00,124.79927
2012-10-23 01:00:00,186.40326
2012-10-23 02:00:00,123.08835
2012-10-23 03:00:00,183.90178
2012-10-23 04:00:00,181.97083
2012-10-23 05:00:00,198.0924
2012-10-23 06:00:00,124.34011
2012-10-23 07:00:00,188.42656
2012-10-23 08:00:00,245.88957
2012-10-23 09:00:00,267.5337
2012-10-23 10:00:00,344.79526
2012-10-23 11:00:00,290.82257
2012-10-23 12:00:00,228.6907
2012-10-23 13:00:00,236.9042
2012-10-23 14:00:00,448.588
2012-10-23 15:00:00,486.31766
2012-10-23 16:00:00,323.36786
2012-10-23 17:00:00,306.2355
2012-10-23 18:00:00,298.02695
2012-10-23 19:00:00,331.44067
2012-10-23 20:00:00,391.30515
2012-10-23 21:00:00,260.998
2012-10-23 22:00:00,358.12073
2012-10-23 23:00:00,268.3139
2012-10-24 00:00:00,261.71198
2012-10-24 01:00:00,249.0953
2012-10-24 02:00:00,249.09534
2012-10-24 03:00:00,214.45508
2012-10-24 04:00:00,214.45506
2012-10-24 05:00:00,145.11015
2012-10-24 06:00:00,179.93939
2012-10-24 07:00:00,145.13068
2012-10-24 08:00:00,188.81534
2012-10-24 09:00:00,230.52545
2012-10-24 10:00:00,215.99728
2012-10-24 11:00:00,332.0678
2012-10-24 12:00:00,378.9511
2012-10-24 13:00:00,320.53867
2012-10-24 14:00:00,348.9214
2012-10-24 15:00:00,386.79868
2012-10-24 16:00:00,373.70905
2012-10-24 17:00:00,275.90112
2012-10-24 18:00:00,274.81815
2012-10-24 19:00:00,252.8968
2012-10-24 20:00:00,328.74802
2012-10-24 21:00:00,335.09943
2012-10-24 22:00:00,346.69363
2012-10-24 23:00:00,350.26382
2012-10-25 00:00:00,344.53586
2012-10-25 01:00:00,274.67468
2012-10-25 02:00:00,173.1138
2012-10-25 03:00:00,143.27327
2012-10-25 04:00:00,158.91353
2012-10-25 05:00:00,138.82607
2012-10-25 06:00:00,141.16173
2012-10-25 07:00:00,141.16173
2012-10-25 08:00:00,164.49248
2012-10-25 09:00:00,167.5497
2012-10-25 10:00:00,185.43097
2012-10-25 11:00:00,195.67572
2012-10-25 12:00:00,232.4996
2012-10-25 13:00:00,188.06169
2012-10-25 14:00:00,315.89963
2012-10-25 15:00:00,380.31567
2012-10-25 16:00:00,342.79993
2012-10-25 17:00:00,342.79993
2012-10-25 18:00:00,188.73897
2012-10-25 19:00:00,176.63286
2012-10-25 20:00:00,143.27327
2012-10-25 21:00:00,143.27327
2012-10-25 22:00:00,199.59251
2012-10-25 23:00:00,185.43097
2012-10-26 00:00:00,191.50768
2012-10-26 01:00:00,163.35443
2012-10-26 02:00:00,158.91353
2012-10-26 03:00:00,138.82607
2012-10-26 04:00:00,138.82607
2012-10-26 05:00:00,158.91353
2012-10-26 06:00:00,163.35443
2012-10-26 07:00:00,158.91353
2012-10-26 08:00:00,151.63515
2012-10-26 09:00:00,151.63515
2012-10-26 10:00:00,166.91292
2012-10-26 11:00:00,235.23836
2012-10-26 12:00:00,276.33514
2012-10-26 13:00:00,354.15518
2012-10-26 14:00:00,346.69363
2012-10-26 15:00:00,335.09943
2012-10-26 16:00:00,303.9603
2012-10-26 17:00:00,235.35803
2012-10-26 18:00:00,240.55449
2012-10-26 19:00:00,175.91512
2012-10-26 20:00:00,175.91512
2012-10-26 21:00:00,238.19708
2012-10-26 22:00:00,174.12343
2012-10-26 23:00:00,171.02881
2012-10-27 00:00:00,120.143936
2012-10-27 01:00:00,146.87112
2012-10-27 02:00:00,140.79504
2012-10-27 03:00:00,107.59138
2012-10-27 04:00:00,139.52106
2012-10-27 05:00:00,159.12689
2012-10-27 06:00:00,159.12689
2012-10-27 07:00:00,136.7258
2012-10-27 08:00:00,167.57904
2012-10-27 09:00:00,167.57904
2012-10-27 10:00:00,179.71696
2012-10-27 11:00:00,224.82924
2012-10-27 12:00:00,341.95316
2012-10-27 13:00:00,503.36392
2012-10-27 14:00:00,457.8215
2012-10-27 15:00:00,248.14738
2012-10-27 16:00:00,233.71025
2012-10-27 17:00:00,233.71025
2012-10-27 18:00:00,233.71025
2012-10-27 19:00:00,186.25252
2012-10-27 20:00:00,186.25252
2012-10-27 21:00:00,186.25252
2012-10-27 22:00:00,183.17361
2012-10-27 23:00:00,186.01656
2012-10-28 00:00:00,200.0666
2012-10-28 01:00:00,181.20905
2012-10-28 02:00:00,190.6878
2012-10-28 03:00:00,206.99669
2012-10-28 04:00:00,198.71794
2012-10-28 05:00:00,215.39369
2012-10-28 06:00:00,226.60204
2012-10-28 07:00:00,233.28734
2012-10-28 08:00:00,288.80457
2012-10-28 09:00:00,285.39227
2012-10-28 10:00:00,324.4183
2012-10-28 11:00:00,323.28445
2012-10-28 12:00:00,259.02005
2012-10-28 13:00:00,223.64404
2012-10-28 14:00:00,248.35347
2012-10-28 15:00:00,231.45212
2012-10-28 16:00:00,166.2306
2012-10-28 17:00:00,138.33696
2012-10-28 18:00:00,57.039448
2012-10-28 19:00:00,71.166855
2012-10-28 20:00:00,56.085945
2012-10-28 21:00:00,73.274734
2012-10-28 22:00:00,92.21469
2012-10-28 23:00:00,71.166855
2012-10-29 00:00:00,131.52625
2012-10-30 13:00:00,63.277897
2012-10-30 14:00:00,63.277897
2012-10-30 15:00:00,121.06194
2012-10-30 16:00:00,121.06194
2012-10-30 17:00:00,129.50203
2012-10-30 18:00:00,124.29303
2012-10-30 19:00:00,268.28442
2012-10-30 20:00:00,149.15338
2012-10-30 21:00:00,127.76743
2012-10-30 22:00:00,141.83342
2012-10-30 23:00:00,141.83342
2012-10-31 00:00:00,128.14769
2012-10-31 01:00:00,125.614174
2012-10-31 02:00:00,138.60301
2012-10-31 03:00:00,128.14769
2012-10-31 04:00:00,151.41606
2012-10-31 05:00:00,138.60301
2012-10-31 06:00:00,151.87015
2012-10-31 07:00:00,135.31639
2012-10-31 08:00:00,139.51271
2012-10-31 09:00:00,142.50844
2012-10-31 10:00:00,177.91731
2012-10-31 11:00:00,186.57544
2012-10-31 12:00:00,263.3644
2012-10-31 13:00:00,254.00832
2012-10-31 14:00:00,237.83574
2012-10-31 15:00:00,286.97736
2012-10-31 16:00:00,249.03918
2012-10-31 17:00:00,262.58292
2012-10-31 18:00:00,262.58292
2012-10-31 19:00:00,247.1619
2012-10-31 20:00:00,247.1619
2012-10-31 21:00:00,247.1619
2012-10-31 22:00:00,240.526
2012-10-31 23:00:00,245.28296
2012-11-20 00:00:00,151.11343
2012-11-20 01:00:00,177.17154
2012-11-20 02:00:00,130.45264
2012-11-20 03:00:00,150.5346
2012-11-20 04:00:00,175.52538
2012-11-20 05:00:00,164.83739
2012-11-20 06:00:00,152.47519
2012-11-20 07:00:00,129.16618
2012-11-20 08:00:00,149.38492
2012-11-20 09:00:00,177.08205
2012-11-20 10:00:00,231.68034
2012-11-20 11:00:00,243.38678
2012-11-20 12:00:00,234.28938
2012-11-20 13:00:00,282.5552
2012-11-20 14:00:00,301.7651
2012-11-20 15:00:00,336.1217
2012-11-20 16:00:00,267.6111
2012-11-20 17:00:00,192.70747
2012-11-20 18:00:00,231.68034
2012-11-20 19:00:00,208.83307
2012-11-20 20:00:00,151.02914
2012-11-20 21:00:00,163.36218
2012-11-20 22:00:00,163.36218
2012-11-20 23:00:00,128.05939
2012-11-21 00:00:00,110.98255
2012-11-21 01:00:00,128.05939
2012-11-21 02:00:00,133.79437
2012-11-21 03:00:00,133.79437
2012-11-21 04:00:00,133.79437
2012-11-21 05:00:00,133.79437
2012-11-21 06:00:00,128.81892
2012-11-21 07:00:00,128.45952
2012-11-21 08:00:00,127.735275
2012-11-21 09:00:00,129.16618
2012-11-21 10:00:00,206.81635
2012-11-21 11:00:00,262.91568
2012-11-21 12:00:00,262.84583
2012-11-21 13:00:00,323.33942
2012-11-21 14:00:00,373.5507
2012-11-21 15:00:00,286.21707
2012-11-21 16:00:00,343.0018
2012-11-21 17:00:00,255.91978
2012-11-21 18:00:00,304.5071
2012-11-21 19:00:00,240.41772
2012-11-21 20:00:00,209.01682
2012-11-21 21:00:00,256.5015
2012-11-21 22:00:00,240.01042
2012-11-21 23:00:00,172.60016
2012-11-22 00:00:00,22.792212
2012-11-22 01:00:00,0.18984883
2012-11-22 02:00:00,0.18984883
2012-11-22 03:00:00,0.18984883
2012-11-22 04:00:00,0.18984883
2012-11-22 05:00:00,0.18984883
2012-11-22 06:00:00,0.18984883
2012-11-22 07:00:00,0.18984883
2012-11-22 08:00:00,0.18984883
2012-11-22 09:00:00,0.18984883
2012-11-22 10:00:00,162.44783
2012-11-22 11:00:00,315.12848
2012-11-22 12:00:00,132.0196
2012-11-22 13:00:00,140.98955
2012-11-22 14:00:00,181.68741
2012-11-22 15:00:00,181.68741
2012-11-22 16:00:00,139.24629
2012-11-22 17:00:00,132.0196
2012-11-22 18:00:00,133.06783
2012-11-22 19:00:00,16.097466
2012-11-22 20:00:00,6.3282056
2012-11-22 21:00:00,84.7247
2012-11-22 22:00:00,9.881794
2012-11-22 23:00:00,0.18984883
2012-11-23 00:00:00,85.12967
2012-11-23 01:00:00,128.03137
2012-11-23 02:00:00,122.916626
2012-11-23 03:00:00,51.29735
2012-11-23 04:00:00,133.91145
2012-11-23 05:00:00,63.396435
2012-11-23 06:00:00,63.396435
2012-11-23 07:00:00,63.396435
2012-11-23 08:00:00,122.06973
2012-11-23 09:00:00,137.3785
2012-11-23 10:00:00,205.22397
2012-11-23 11:00:00,262.91568
2012-11-23 12:00:00,296.78464
2012-11-23 13:00:00,312.22162
2012-11-23 14:00:00,354.13226
2012-11-23 15:00:00,298.8066
2012-11-23 16:00:00,269.0643
2012-11-23 17:00:00,255.70193
2012-11-23 18:00:00,273.8196
2012-11-23 19:00:00,257.71832
2012-11-23 20:00:00,291.25143
2012-11-23 21:00:00,242.88953
2012-11-23 22:00:00,321.23434
2012-11-23 23:00:00,333.98523
2012-11-24 00:00:00,357.08344
2012-11-24 01:00:00,278.90732
2012-11-24 02:00:00,172.31812
2012-11-24 03:00:00,232.42262
2012-11-24 04:00:00,218.54277
2012-11-24 05:00:00,185.45752
2012-11-24 06:00:00,107.63669
2012-11-24 07:00:00,181.84369
2012-11-24 08:00:00,185.85245
2012-11-24 09:00:00,202.13551
2012-11-24 10:00:00,132.47345
2012-11-24 11:00:00,186.54153
2012-11-24 12:00:00,101.49116
2012-11-24 13:00:00,276.8041
2012-11-24 14:00:00,273.8195
2012-11-24 15:00:00,266.85013
2012-11-24 16:00:00,256.72757
2012-11-24 17:00:00,236.2136
2012-11-24 18:00:00,246.57999
2012-11-24 19:00:00,128.98843
2012-11-24 20:00:00,107.636696
2012-11-24 21:00:00,51.25251
2012-11-24 22:00:00,91.78564
2012-11-24 23:00:00,51.25251
2012-11-25 00:00:00,67.60689
2012-11-25 01:00:00,42.366623
2012-11-25 02:00:00,153.40773
2012-11-25 03:00:00,118.71329
2012-11-25 04:00:00,118.71329
2012-11-25 05:00:00,32.23938
2012-11-25 06:00:00,44.52175
2012-11-25 07:00:00,28.98636
2012-11-25 08:00:00,41.05877
2012-11-25 09:00:00,63.986588
2012-11-25 10:00:00,85.85769
2012-11-25 11:00:00,124.181114
2012-11-25 12:00:00,124.181114
2012-11-25 13:00:00,109.66498
2012-11-25 14:00:00,173.82399
2012-11-25 15:00:00,169.71873
2012-11-25 16:00:00,168.72906
2012-11-25 17:00:00,129.34695
2012-11-25 18:00:00,88.43447
2012-11-25 19:00:00,207.35681
2012-11-25 20:00:00,25.141823
2012-11-25 21:00:00,173.3399
2012-11-25 22:00:00,25.141823
2012-11-25 23:00:00,24.736492
2012-11-26 00:00:00,17.735365
2012-11-26 01:00:00,10.0160265
2012-11-26 02:00:00,10.0160265
2012-11-26 03:00:00,10.0160265
2012-11-26 04:00:00,17.735365
2012-11-26 05:00:00,160.528
2012-11-26 06:00:00,17.735365
2012-11-26 07:00:00,28.825962
2012-11-26 08:00:00,28.825962
2012-11-26 09:00:00,170.31615
2012-11-26 10:00:00,218.66039
2012-11-26 11:00:00,286.85504
2012-11-26 12:00:00,298.35434
2012-11-26 13:00:00,298.35434
2012-11-26 14:00:00,250.79924
2012-11-26 15:00:00,282.86423
2012-11-26 16:00:00,240.0492
2012-11-26 17:00:00,242.83357
2012-11-26 18:00:00,258.24933
2012-11-26 19:00:00,221.36673
2012-11-26 20:00:00,240.01042
2012-11-26 21:00:00,240.01042
2012-11-26 22:00:00,172.60014
2012-11-26 23:00:00,151.82098
2012-11-27 00:00:00,147.42996
2012-11-27 01:00:00,152.01942
2012-11-27 02:00:00,151.53958
2012-11-27 03:00:00,145.06746
2012-11-27 04:00:00,129.83846
2012-11-27 05:00:00,150.05849
2012-11-27 06:00:00,144.3674
2012-11-27 07:00:00,128.07407
2012-11-27 08:00:00,128.3758
2012-11-27 09:00:00,137.04306
2012-11-27 10:00:00,128.49069
2012-11-27 11:00:00,90.66136
2012-11-27 12:00:00,42.65317
2012-11-27 13:00:00,117.593
2012-11-27 14:00:00,54.214035
2012-11-27 15:00:00,123.980194
2012-11-27 16:00:00,123.980194
2012-11-27 17:00:00,92.39302
2012-11-27 18:00:00,104.51817
2012-11-27 19:00:00,141.22379
2012-11-27 20:00:00,119.865555
2012-11-27 21:00:00,132.82732
2012-11-27 22:00:00,165.35463
2012-11-27 23:00:00,134.56447
2012-11-28 00:00:00,127.973114
2012-11-28 01:00:00,143.29729
2012-11-28 02:00:00,143.29729
2012-11-28 03:00:00,139.73839
2012-11-28 04:00:00,145.4527
2012-11-28 05:00:00,149.67354
2012-11-28 06:00:00,141.60876
2012-11-28 07:00:00,156.76418
2012-11-28 08:00:00,135.2344
2012-11-28 09:00:00,185.43489
2012-11-28 10:00:00,244.57217
2012-11-28 11:00:00,245.61736
2012-11-28 12:00:00,274.67007
2012-11-28 13:00:00,230.85458
2012-11-28 14:00:00,251.62979
2012-11-28 15:00:00,292.94217
2012-11-28 16:00:00,264.84827
2012-11-28 17:00:00,259.4202
2012-11-28 18:00:00,264.12213
2012-11-28 19:00:00,229.0384
2012-11-28 20:00:00,233.36055
2012-11-28 21:00:00,225.9111
2012-11-28 22:00:00,224.89183
2012-11-28 23:00:00,200.59412
2012-11-29 00:00:00,84.861984
2012-11-29 01:00:00,79.74866
2012-11-29 02:00:00,14.9974375
2012-11-29 04:00:00,106.80662
2012-11-29 05:00:00,10.0160265
2012-11-29 06:00:00,17.735365
2012-11-29 07:00:00,5.7802706
2012-11-29 08:00:00,110.9057
2012-11-29 09:00:00,39.51047
2012-11-29 10:00:00,115.96009
2012-11-29 11:00:00,243.82182
2012-11-29 12:00:00,241.58885
2012-11-29 13:00:00,303.8944
2012-11-29 14:00:00,222.44156
2012-11-29 15:00:00,223.12836
2012-11-29 16:00:00,226.88493
2012-11-29 17:00:00,228.8014
2012-11-29 18:00:00,242.74115
2012-11-29 19:00:00,208.93611
2012-11-29 20:00:00,220.1827
2012-11-29 21:00:00,139.68768
2012-11-29 22:00:00,110.475784
2012-11-29 23:00:00,106.67483
2012-11-30 00:00:00,154.58838
2012-11-30 01:00:00,97.26991
2012-11-30 02:00:00,44.16373
2012-11-30 03:00:00,44.16373
2012-11-30 04:00:00,28.054567
2012-11-30 05:00:00,31.51413
2012-11-30 06:00:00,53.99034
2012-11-30 07:00:00,43.003033
2012-11-30 08:00:00,136.71008
2012-11-30 09:00:00,114.43343
2012-11-30 10:00:00,147.71481
2012-11-30 11:00:00,244.31552
2012-11-30 12:00:00,263.172
2012-11-30 13:00:00,240.21185
2012-11-30 14:00:00,269.13498
2012-11-30 15:00:00,275.209
2012-11-30 16:00:00,294.55435
2012-11-30 17:00:00,250.24196
2012-11-30 18:00:00,215.26909
2012-11-30 19:00:00,145.1459
2012-11-30 20:00:00,145.1459
2012-11-30 21:00:00,130.87848
2012-11-30 22:00:00,94.97222
2012-11-30 23:00:00,130.32384
2012-12-20 00:00:00,187.43433
2012-12-20 01:00:00,145.1459
2012-12-20 02:00:00,145.1459
2012-12-20 03:00:00,130.97467
2012-12-20 04:00:00,130.97467
2012-12-20 05:00:00,138.88419
2012-12-20 06:00:00,147.71481
2012-12-20 07:00:00,112.13723
2012-12-20 08:00:00,112.13723
2012-12-20 09:00:00,112.13723
2012-12-20 10:00:00,159.76643
2012-12-20 11:00:00,215.13457
2012-12-20 12:00:00,246.98639
2012-12-20 13:00:00,235.80544
2012-12-20 14:00:00,239.73601
2012-12-20 15:00:00,224.51105
2012-12-20 16:00:00,173.79964
2012-12-20 17:00:00,175.52538
2012-12-20 18:00:00,159.20122
2012-12-20 19:00:00,139.2728
2012-12-20 20:00:00,136.16855
2012-12-20 21:00:00,136.16855
2012-12-20 22:00:00,125.41377
2012-12-20 23:00:00,138.58127
2012-12-21 00:00:00,80.83812
2012-12-21 01:00:00,88.19436
2012-12-21 02:00:00,88.13363
2012-12-21 03:00:00,88.13363
2012-12-21 04:00:00,131.47891
2012-12-21 05:00:00,97.63292
2012-12-21 06:00:00,98.54324
2012-12-21 07:00:00,88.697044
2012-12-21 08:00:00,101.701614
2012-12-21 09:00:00,96.35546
2012-12-21 10:00:00,104.65192
2012-12-21 11:00:00,98.67031
2012-12-21 12:00:00,113.55295
2012-12-21 13:00:00,106.96424
2012-12-21 14:00:00,108.650345
2012-12-21 15:00:00,102.49042
2012-12-21 16:00:00,112.859566
2012-12-21 17:00:00,84.219215
2012-12-21 18:00:00,75.96561
2012-12-21 19:00:00,130.29926
2012-12-21 20:00:00,119.04635
2012-12-21 21:00:00,88.406944
2012-12-21 22:00:00,127.433044
2012-12-21 23:00:00,123.41117
2012-12-22 00:00:00,98.45666
2012-12-22 01:00:00,83.221756
2012-12-22 02:00:00,99.23295
2012-12-22 03:00:00,90.856415
2012-12-22 04:00:00,88.405334
2012-12-22 05:00:00,91.949646
2012-12-22 06:00:00,83.003624
2012-12-22 07:00:00,83.003624
2012-12-22 08:00:00,97.28021
2012-12-22 09:00:00,95.83534
2012-12-22 10:00:00,106.1003
2012-12-22 11:00:00,115.86161
2012-12-22 12:00:00,59.203407
2012-12-22 13:00:00,147.13281
2012-12-22 14:00:00,147.59854
2012-12-22 15:00:00,63.38766
2012-12-22 16:00:00,122.369446
2012-12-22 17:00:00,127.83951
2012-12-22 18:00:00,86.1203
2012-12-22 19:00:00,91.46408
2012-12-22 20:00:00,69.52895
2012-12-22 21:00:00,70.433716
2012-12-22 22:00:00,70.433716
2012-12-22 23:00:00,57.15655
2012-12-23 00:00:00,80.68849
2012-12-23 01:00:00,66.3802
2012-12-23 02:00:00,49.986923
2012-12-23 03:00:00,53.797222
2012-12-23 04:00:00,55.655106
2012-12-23 05:00:00,64.521805
2012-12-23 06:00:00,60.525837
2012-12-23 07:00:00,60.525837
2012-12-23 08:00:00,57.983685
2012-12-23 09:00:00,55.958008
2012-12-23 10:00:00,48.939713
2012-12-23 11:00:00,60.908627
2012-12-23 12:00:00,109.9937
2012-12-23 13:00:00,130.39162
2012-12-23 14:00:00,195.6777
2012-12-23 15:00:00,173.48207
2012-12-23 16:00:00,183.81093
2012-12-23 17:00:00,121.07515
2012-12-23 18:00:00,112.38605
2012-12-23 19:00:00,113.38353
2012-12-23 20:00:00,68.34656
2012-12-23 21:00:00,65.8143
2012-12-23 22:00:00,61.281776
2012-12-23 23:00:00,67.158905
2012-12-24 00:00:00,77.71475
2012-12-24 01:00:00,77.71476
2012-12-24 02:00:00,78.04133
2012-12-24 03:00:00,78.04133
2012-12-24 05:00:00,92.04084
2012-12-24 06:00:00,78.04133
2012-12-24 07:00:00,75.17448
2012-12-24 08:00:00,77.71476
2012-12-24 09:00:00,68.32263
2012-12-24 10:00:00,88.49017
2012-12-24 11:00:00,68.09272
2012-12-24 12:00:00,79.18666
2012-12-24 13:00:00,70.88184
2012-12-24 14:00:00,74.94783
2012-12-24 15:00:00,56.829475
2012-12-24 16:00:00,56.829475
2012-12-24 17:00:00,74.60918
2012-12-24 18:00:00,79.08948
2012-12-24 19:00:00,85.08092
2012-12-24 20:00:00,76.656265
2012-12-24 21:00:00,80.15829
2012-12-24 22:00:00,90.69086
2012-12-24 23:00:00,92.00994
2012-12-25 00:00:00,36.815933
2012-12-25 01:00:00,46.2159
2012-12-25 02:00:00,46.2159
2012-12-25 04:00:00,39.919884
2012-12-25 05:00:00,38.206367
2012-12-25 06:00:00,38.206367
2012-12-25 07:00:00,40.895065
2012-12-25 08:00:00,48.508675
2012-12-25 09:00:00,42.831177
2012-12-25 10:00:00,26.680855
2012-12-25 11:00:00,41.433056
2012-12-25 12:00:00,41.170612
2012-12-25 13:00:00,147.69528
2012-12-25 14:00:00,145.38272
2012-12-25 15:00:00,123.83295
2012-12-25 16:00:00,101.80061
2012-12-25 17:00:00,81.43727
2012-12-25 18:00:00,70.37776
2012-12-25 19:00:00,69.637634
2012-12-25 20:00:00,74.90649
2012-12-25 21:00:00,64.19532
2012-12-25 22:00:00,65.3146
2012-12-25 23:00:00,66.77434
2012-12-26 00:00:00,67.43156
2012-12-26 01:00:00,65.69065
2012-12-26 02:00:00,65.69065
2012-12-26 03:00:00,64.942406
2012-12-26 04:00:00,78.28895
2012-12-26 05:00:00,57.461693
2012-12-26 06:00:00,65.04577
2012-12-26 07:00:00,35.57595
2012-12-26 08:00:00,35.57595
2012-12-26 09:00:00,35.57595
2012-12-26 10:00:00,37.167377
2012-12-26 11:00:00,35.673145
2012-12-26 12:00:00,39.70475
2012-12-26 13:00:00,39.70475
2012-12-26 14:00:00,50.812984
2012-12-26 15:00:00,48.549347
2012-12-26 16:00:00,48.549347
2012-12-26 17:00:00,46.873287
2012-12-26 18:00:00,49.64377
2012-12-26 19:00:00,68.04144
2012-12-26 20:00:00,65.35068
2012-12-26 21:00:00,73.14404
2012-12-26 22:00:00,38.816135
2012-12-26 23:00:00,45.425198
2012-12-27 00:00:00,45.425198
2012-12-27 01:00:00,38.816135
2012-12-27 02:00:00,54.011204
2012-12-27 03:00:00,75.04106
2012-12-27 04:00:00,56.656456
2012-12-27 05:00:00,84.775215
2012-12-27 06:00:00,88.45478
2012-12-27 07:00:00,87.48605
2012-12-27 08:00:00,99.78317
2012-12-27 09:00:00,102.533775
2012-12-27 10:00:00,104.377205
2012-12-27 11:00:00,89.95852
2012-12-27 12:00:00,106.65083
2012-12-27 13:00:00,106.65083
2012-12-27 14:00:00,93.28387
2012-12-27 15:00:00,81.49443
2012-12-27 16:00:00,87.61268
2012-12-27 17:00:00,87.61268
2012-12-27 18:00:00,62.356297
2012-12-27 19:00:00,85.12783
2012-12-27 20:00:00,81.58133
2012-12-27 21:00:00,62.356297
2012-12-27 22:00:00,62.21511
2012-12-27 23:00:00,62.356297
2012-12-28 00:00:00,66.99014
2012-12-28 01:00:00,83.48625
2012-12-28 02:00:00,83.96714
2012-12-28 03:00:00,66.99014
2012-12-28 04:00:00,66.74073
2012-12-28 05:00:00,68.26678
2012-12-28 06:00:00,81.78254
2012-12-28 07:00:00,82.130226
2012-12-28 08:00:00,64.74454
2012-12-28 09:00:00,62.21511
2012-12-28 10:00:00,66.06592
2012-12-28 11:00:00,82.354126
2012-12-28 12:00:00,81.451706
2012-12-28 13:00:00,81.451706
2012-12-28 14:00:00,81.451706
2012-12-28 15:00:00,108.65422
2012-12-28 16:00:00,105.84776
2012-12-28 17:00:00,75.779205
2012-12-28 18:00:00,75.779205
2012-12-28 19:00:00,67.70399
2012-12-28 20:00:00,68.32263
2012-12-28 21:00:00,69.42099
2012-12-28 22:00:00,71.38733
2012-12-28 23:00:00,70.37316
2012-12-29 00:00:00,65.55797
2012-12-29 01:00:00,57.59905
2012-12-29 02:00:00,65.55797
2012-12-29 03:00:00,64.86546
2012-12-29 04:00:00,57.59905
2012-12-29 05:00:00,57.59905
2012-12-29 06:00:00,54.52671
2012-12-29 07:00:00,46.95076
2012-12-29 08:00:00,65.84132
2012-12-29 09:00:00,65.84132
2012-12-29 10:00:00,45.326546
2012-12-29 11:00:00,60.9763
2012-12-29 12:00:00,61.70205
2012-12-29 13:00:00,61.70205
2012-12-29 14:00:00,65.12129
2012-12-29 15:00:00,64.78536
2012-12-29 16:00:00,36.82309
2012-12-29 17:00:00,46.833374
2012-12-29 18:00:00,46.23122
2012-12-29 19:00:00,56.56154
2012-12-29 20:00:00,114.666824
2012-12-29 21:00:00,99.232796
2012-12-29 22:00:00,87.27439
2012-12-29 23:00:00,67.44933
2012-12-30 00:00:00,49.365597
2012-12-30 01:00:00,77.41069
2012-12-30 02:00:00,56.898243
2012-12-30 03:00:00,77.41069
2012-12-30 04:00:00,50.50499
2012-12-30 05:00:00,71.245285
2012-12-30 06:00:00,76.581215
2012-12-30 07:00:00,80.23767
2012-12-30 08:00:00,94.447815
2012-12-30 09:00:00,88.30211
2012-12-30 10:00:00,85.88109
2012-12-30 11:00:00,87.86885
2012-12-30 12:00:00,61.493256
2012-12-30 13:00:00,59.203407
2012-12-30 14:00:00,137.20479
2012-12-30 15:00:00,123.5115
2012-12-30 16:00:00,112.00836
2012-12-30 17:00:00,113.44366
2012-12-30 18:00:00,71.957726
2012-12-30 19:00:00,127.28155
2012-12-30 20:00:00,81.91632
2012-12-30 21:00:00,49.986923
2012-12-30 22:00:00,47.57006
2012-12-30 23:00:00,55.344315
2012-12-31 00:00:00,78.1795
2012-12-31 01:00:00,78.1795
2012-12-31 02:00:00,78.90288
2012-12-31 03:00:00,75.03711
2012-12-31 04:00:00,84.924965
2012-12-31 05:00:00,76.139435
2012-12-31 06:00:00,80.14294
2012-12-31 07:00:00,80.28677
2012-12-31 08:00:00,86.18462
2012-12-31 09:00:00,67.41075
2012-12-31 10:00:00,69.21796
2012-12-31 11:00:00,64.80414
2012-12-31 12:00:00,60.588398
2012-12-31 13:00:00,77.6203
2012-12-31 14:00:00,94.14289
2012-12-31 15:00:00,79.90595
2012-12-31 16:00:00,76.63478
2012-12-31 17:00:00,75.34276
2012-12-31 18:00:00,71.479416
2012-12-31 19:00:00,68.09272
2012-12-31 20:00:00,68.09272
2012-12-31 21:00:00,81.71237
2012-12-31 22:00:00,82.27756
2012-12-31 23:00:00,78.89491
