datetime,count
2011-01-20 00:00:00,81.3603
2011-01-20 01:00:00,60.7376
2011-01-20 02:00:00,60.7376
2011-01-20 03:00:00,70.28819
2011-01-20 04:00:00,70.28819
2011-01-20 05:00:00,64.059845
2011-01-20 06:00:00,60.876694
2011-01-20 07:00:00,62.40964
2011-01-20 08:00:00,65.86237
2011-01-20 09:00:00,65.0004
2011-01-20 10:00:00,83.39754
2011-01-20 11:00:00,83.23827
2011-01-20 12:00:00,95.94055
2011-01-20 13:00:00,83.27393
2011-01-20 14:00:00,90.48997
2011-01-20 15:00:00,103.15473
2011-01-20 16:00:00,84.69169
2011-01-20 17:00:00,84.809586
2011-01-20 18:00:00,67.38247
2011-01-20 19:00:00,75.5713
2011-01-20 20:00:00,66.0663
2011-01-20 21:00:00,61.079914
2011-01-20 22:00:00,58.416534
2011-01-20 23:00:00,59.754326
2011-01-21 00:00:00,59.001102
2011-01-21 01:00:00,59.001102
2011-01-21 02:00:00,57.703247
2011-01-21 03:00:00,52.176064
2011-01-21 04:00:00,61.31961
2011-01-21 05:00:00,70.35007
2011-01-21 06:00:00,63.622704
2011-01-21 07:00:00,62.70553
2011-01-21 08:00:00,70.72416
2011-01-21 09:00:00,67.86621
2011-01-21 10:00:00,72.51638
2011-01-21 11:00:00,87.81262
2011-01-21 12:00:00,124.80647
2011-01-21 13:00:00,112.608604
2011-01-21 14:00:00,101.278885
2011-01-21 15:00:00,44.751354
2011-01-21 16:00:00,76.00191
2011-01-21 17:00:00,68.770195
2011-01-21 18:00:00,65.585144
2011-01-21 19:00:00,62.015274
2011-01-21 20:00:00,44.9969
2011-01-21 21:00:00,42.129185
2011-01-21 22:00:00,27.744482
2011-01-21 23:00:00,33.270786
2011-01-22 00:00:00,21.645468
2011-01-22 01:00:00,6.780921
2011-01-22 02:00:00,18.286701
2011-01-22 03:00:00,16.924023
2011-01-22 04:00:00,13.985514
2011-01-22 06:00:00,18.20963
2011-01-22 07:00:00,17.264404
2011-01-22 08:00:00,12.958917
2011-01-22 09:00:00,21.233845
2011-01-22 10:00:00,22.00338
2011-01-22 11:00:00,25.8859
2011-01-22 12:00:00,28.898773
2011-01-22 13:00:00,41.919167
2011-01-22 14:00:00,40.278633
2011-01-22 15:00:00,48.85677
2011-01-22 16:00:00,55.835495
2011-01-22 17:00:00,70.1078
2011-01-22 18:00:00,33.568832
2011-01-22 19:00:00,33.688293
2011-01-22 20:00:00,26.888191
2011-01-22 21:00:00,30.679684
2011-01-22 22:00:00,37.873577
2011-01-22 23:00:00,23.232513
2011-01-23 00:00:00,23.232513
2011-01-23 01:00:00,23.232513
2011-01-23 02:00:00,20.54812
2011-01-23 03:00:00,20.54812
2011-01-23 05:00:00,20.849163
2011-01-23 06:00:00,20.849163
2011-01-23 07:00:00,27.76656
2011-01-23 08:00:00,23.774973
2011-01-23 09:00:00,27.828157
2011-01-23 10:00:00,38.835777
2011-01-23 11:00:00,40.428043
2011-01-23 12:00:00,57.41567
2011-01-23 13:00:00,53.8004
2011-01-23 14:00:00,70.231834
2011-01-23 15:00:00,70.231834
2011-01-23 16:00:00,73.345764
2011-01-23 17:00:00,52.62678
2011-01-23 18:00:00,52.651325
2011-01-23 19:00:00,53.820263
2011-01-23 20:00:00,38.977913
2011-01-23 21:00:00,36.26532
2011-01-23 22:00:00,32.038788
2011-01-23 23:00:00,27.146784
2011-01-24 00:00:00,39.969044
2011-01-24 01:00:00,36.18716
2011-01-24 03:00:00,33.32778
2011-01-24 04:00:00,35.182156
2011-01-24 05:00:00,35.182156
2011-01-24 06:00:00,36.755005
2011-01-24 07:00:00,44.879253
2011-01-24 08:00:00,46.564907
2011-01-24 09:00:00,48.54057
2011-01-24 10:00:00,47.184917
2011-01-24 11:00:00,46.76036
2011-01-24 12:00:00,47.906662
2011-01-24 13:00:00,50.370808
2011-01-24 14:00:00,48.384598
2011-01-24 15:00:00,59.556244
2011-01-24 16:00:00,56.00613
2011-01-24 17:00:00,49.36501
2011-01-24 18:00:00,49.038868
2011-01-24 19:00:00,51.134624
2011-01-24 20:00:00,49.038868
2011-01-24 21:00:00,49.242317
2011-01-24 22:00:00,45.48625
2011-01-24 23:00:00,47.59871
2011-01-25 00:00:00,45.78067
2011-01-25 01:00:00,48.712414
2011-01-25 02:00:00,50.44193
2011-01-25 04:00:00,50.219807
2011-01-25 05:00:00,47.22051
2011-01-25 06:00:00,52.857094
2011-01-25 07:00:00,49.868343
2011-01-25 08:00:00,49.489487
2011-01-25 09:00:00,59.216805
2011-01-25 10:00:00,63.70202
2011-01-25 11:00:00,63.542515
2011-01-25 12:00:00,73.57644
2011-01-25 13:00:00,70.61185
2011-01-25 14:00:00,86.32087
2011-01-25 15:00:00,98.98926
2011-01-25 16:00:00,98.98926
2011-01-25 17:00:00,72.906425
2011-01-25 18:00:00,82.95265
2011-01-25 19:00:00,64.58389
2011-01-25 20:00:00,63.24717
2011-01-25 21:00:00,63.24717
2011-01-25 22:00:00,62.406124
2011-01-25 23:00:00,59.127865
2011-01-26 00:00:00,58.46355
2011-01-26 01:00:00,62.645607
2011-01-26 02:00:00,55.28294
2011-01-26 05:00:00,48.094166
2011-01-26 06:00:00,48.094166
2011-01-26 07:00:00,51.744427
2011-01-26 08:00:00,51.744427
2011-01-26 09:00:00,51.744427
2011-01-26 10:00:00,51.3761
2011-01-26 11:00:00,49.42505
2011-01-26 12:00:00,49.42505
2011-01-26 13:00:00,49.42505
2011-01-26 14:00:00,48.687553
2011-01-26 15:00:00,47.016277
2011-01-26 16:00:00,46.083515
2011-01-26 17:00:00,46.073452
2011-01-27 16:00:00,63.75235
2011-01-27 17:00:00,67.38323
2011-01-27 18:00:00,60.857113
2011-01-27 19:00:00,60.857113
2011-01-27 20:00:00,57.675022
2011-01-27 21:00:00,57.675022
2011-01-27 22:00:00,57.675022
2011-01-27 23:00:00,54.34819
2011-01-28 00:00:00,54.79529
2011-01-28 01:00:00,54.79529
2011-01-28 02:00:00,54.8044
2011-01-28 03:00:00,57.045155
2011-01-28 05:00:00,53.99304
2011-01-28 06:00:00,51.74521
2011-01-28 07:00:00,51.532433
2011-01-28 08:00:00,51.532433
2011-01-28 09:00:00,51.309864
2011-01-28 10:00:00,50.856915
2011-01-28 11:00:00,50.28581
2011-01-28 12:00:00,50.28581
2011-01-28 13:00:00,50.28581
2011-01-28 14:00:00,64.210884
2011-01-28 15:00:00,62.688473
2011-01-28 16:00:00,61.453568
2011-01-28 17:00:00,63.42047
2011-01-28 18:00:00,61.944546
2011-01-28 19:00:00,60.427513
2011-01-28 20:00:00,59.58609
2011-01-28 21:00:00,57.571747
2011-01-28 22:00:00,65.45048
2011-01-28 23:00:00,64.059845
2011-01-29 00:00:00,51.487957
2011-01-29 01:00:00,50.961765
2011-01-29 02:00:00,50.75426
2011-01-29 03:00:00,46.97515
2011-01-29 04:00:00,40.857006
2011-01-29 06:00:00,40.86619
2011-01-29 07:00:00,41.564163
2011-01-29 08:00:00,46.14062
2011-01-29 09:00:00,46.617104
2011-01-29 10:00:00,43.001217
2011-01-29 11:00:00,41.03244
2011-01-29 12:00:00,43.073345
2011-01-29 13:00:00,48.543446
2011-01-29 14:00:00,47.682297
2011-01-29 15:00:00,49.01566
2011-01-29 16:00:00,54.6863
2011-01-29 17:00:00,53.433643
2011-01-29 18:00:00,49.332268
2011-01-29 19:00:00,45.171974
2011-01-29 20:00:00,45.507866
2011-01-29 21:00:00,45.507866
2011-01-29 22:00:00,42.015747
2011-01-29 23:00:00,42.015747
2011-01-30 00:00:00,39.552887
2011-01-30 01:00:00,46.14723
2011-01-30 02:00:00,48.257053
2011-01-30 03:00:00,45.91803
2011-01-30 04:00:00,45.91803
2011-01-30 05:00:00,46.233387
2011-01-30 07:00:00,46.233387
2011-01-30 08:00:00,43.561577
2011-01-30 09:00:00,46.66745
2011-01-30 10:00:00,49.31342
2011-01-30 11:00:00,52.766537
2011-01-30 12:00:00,72.85121
2011-01-30 13:00:00,64.21624
2011-01-30 14:00:00,66.011765
2011-01-30 15:00:00,60.19825
2011-01-30 16:00:00,60.19825
2011-01-30 17:00:00,67.135735
2011-01-30 18:00:00,57.2136
2011-01-30 19:00:00,56.689373
2011-01-30 20:00:00,56.055946
2011-01-30 21:00:00,49.27189
2011-01-30 22:00:00,47.879215
2011-01-30 23:00:00,47.669296
2011-01-31 00:00:00,59.926662
2011-01-31 01:00:00,60.434494
2011-01-31 02:00:00,62.03822
2011-01-31 03:00:00,62.03822
2011-01-31 04:00:00,58.11729
2011-01-31 05:00:00,53.05389
2011-01-31 06:00:00,48.74119
2011-01-31 07:00:00,46.190796
2011-01-31 08:00:00,47.00074
2011-01-31 09:00:00,47.160187
2011-01-31 10:00:00,48.70878
2011-01-31 11:00:00,48.70878
2011-01-31 12:00:00,58.229443
2011-01-31 13:00:00,58.256382
2011-01-31 14:00:00,55.22615
2011-01-31 15:00:00,51.161457
2011-01-31 16:00:00,51.503906
2011-01-31 17:00:00,48.70878
2011-01-31 18:00:00,48.79336
2011-01-31 19:00:00,77.18759
2011-01-31 20:00:00,47.15081
2011-01-31 21:00:00,51.32461
2011-01-31 22:00:00,51.507793
2011-01-31 23:00:00,52.937206
2011-02-20 00:00:00,103.41376
2011-02-20 01:00:00,86.11155
2011-02-20 02:00:00,85.55933
2011-02-20 03:00:00,76.16833
2011-02-20 04:00:00,76.16833
2011-02-20 06:00:00,56.621532
2011-02-20 07:00:00,45.008854
2011-02-20 08:00:00,53.178318
2011-02-20 09:00:00,62.475124
2011-02-20 10:00:00,72.67145
2011-02-20 11:00:00,116.21722
2011-02-20 12:00:00,117.60017
2011-02-20 13:00:00,155.76772
2011-02-20 14:00:00,198.55186
2011-02-20 15:00:00,198.70526
2011-02-20 16:00:00,182.9107
2011-02-20 17:00:00,149.50879
2011-02-20 18:00:00,124.482765
2011-02-20 19:00:00,124.482765
2011-02-20 20:00:00,93.97092
2011-02-20 21:00:00,66.72607
2011-02-20 22:00:00,68.2798
2011-02-20 23:00:00,63.920044
2011-02-21 00:00:00,119.63295
2011-02-21 01:00:00,119.63295
2011-02-21 02:00:00,119.63295
2011-02-21 03:00:00,114.22871
2011-02-21 04:00:00,87.857155
2011-02-21 05:00:00,136.46461
2011-02-21 06:00:00,251.42256
2011-02-21 07:00:00,252.98143
2011-02-21 08:00:00,76.505325
2011-02-21 09:00:00,74.819405
2011-02-21 10:00:00,71.61459
2011-02-21 11:00:00,69.52943
2011-02-21 12:00:00,63.252644
2011-02-21 13:00:00,51.875706
2011-02-21 14:00:00,59.488544
2011-02-21 15:00:00,68.853584
2011-02-21 16:00:00,51.448963
2011-02-21 17:00:00,56.202995
2011-02-21 18:00:00,44.096355
2011-02-21 19:00:00,44.096355
2011-02-21 20:00:00,41.284626
2011-02-21 21:00:00,42.092567
2011-02-21 22:00:00,36.4735
2011-02-21 23:00:00,36.4735
2011-02-22 06:00:00,40.043564
2011-02-22 07:00:00,40.043564
2011-02-22 08:00:00,39.874783
2011-02-22 09:00:00,42.888714
2011-02-22 10:00:00,52.952732
2011-02-22 11:00:00,55.4559
2011-02-22 12:00:00,63.017277
2011-02-22 13:00:00,63.687695
2011-02-22 14:00:00,63.75235
2011-02-22 15:00:00,70.740204
2011-02-22 16:00:00,65.310555
2011-02-22 17:00:00,65.0398
2011-02-22 18:00:00,68.18613
2011-02-22 19:00:00,67.08025
2011-02-22 20:00:00,64.32065
2011-02-22 21:00:00,66.84952
2011-02-22 22:00:00,59.84929
2011-02-22 23:00:00,59.84929
2011-02-23 00:00:00,50.17464
2011-02-23 01:00:00,52.425858
2011-02-23 02:00:00,50.205124
2011-02-23 03:00:00,48.93337
2011-02-23 05:00:00,50.338955
2011-02-23 06:00:00,50.338955
2011-02-23 07:00:00,49.1585
2011-02-23 08:00:00,51.134624
2011-02-23 09:00:00,62.10517
2011-02-23 10:00:00,66.819084
2011-02-23 11:00:00,78.23864
2011-02-23 12:00:00,97.77827
2011-02-23 13:00:00,134.266
2011-02-23 14:00:00,140.56844
2011-02-23 15:00:00,155.68431
2011-02-23 16:00:00,130.78917
2011-02-23 17:00:00,155.68431
2011-02-23 18:00:00,149.88184
2011-02-23 19:00:00,105.17242
2011-02-23 20:00:00,65.728874
2011-02-23 21:00:00,63.574726
2011-02-23 22:00:00,63.574726
2011-02-23 23:00:00,68.30023
2011-02-24 00:00:00,68.30023
2011-02-24 01:00:00,67.55015
2011-02-24 02:00:00,61.71905
2011-02-24 03:00:00,59.437386
2011-02-24 05:00:00,58.34177
2011-02-24 06:00:00,57.189686
2011-02-24 07:00:00,56.53724
2011-02-24 08:00:00,62.662907
2011-02-24 09:00:00,56.8535
2011-02-24 10:00:00,62.272655
2011-02-24 11:00:00,96.95399
2011-02-24 12:00:00,118.56189
2011-02-24 13:00:00,123.19491
2011-02-24 14:00:00,139.47702
2011-02-24 15:00:00,141.75659
2011-02-24 16:00:00,101.79136
2011-02-24 17:00:00,81.4552
2011-02-24 18:00:00,71.99249
2011-02-24 19:00:00,67.62403
2011-02-24 20:00:00,71.35281
2011-02-24 21:00:00,71.99249
2011-02-24 22:00:00,69.69787
2011-02-24 23:00:00,70.236755
2011-02-25 00:00:00,75.14682
2011-02-25 01:00:00,73.749626
2011-02-25 02:00:00,73.749626
2011-02-25 03:00:00,74.53135
2011-02-25 05:00:00,74.53135
2011-02-25 06:00:00,75.34017
2011-02-25 07:00:00,71.37898
2011-02-25 08:00:00,75.038414
2011-02-25 09:00:00,67.934326
2011-02-25 10:00:00,86.943825
2011-02-25 11:00:00,145.20084
2011-02-25 12:00:00,187.21468
2011-02-25 13:00:00,187.21468
2011-02-25 14:00:00,219.77126
2011-02-25 15:00:00,137.2603
2011-02-25 16:00:00,122.912125
2011-02-25 17:00:00,103.9482
2011-02-25 18:00:00,123.69181
2011-02-25 19:00:00,109.01414
2011-02-25 20:00:00,113.2653
2011-02-25 21:00:00,105.53353
2011-02-25 22:00:00,92.2365
2011-02-25 23:00:00,88.104034
2011-02-26 00:00:00,54.648094
2011-02-26 01:00:00,60.149204
2011-02-26 02:00:00,53.85101
2011-02-26 03:00:00,52.727375
2011-02-26 04:00:00,53.1381
2011-02-26 05:00:00,49.045315
2011-02-26 06:00:00,51.641285
2011-02-26 07:00:00,56.259235
2011-02-26 08:00:00,55.994328
2011-02-26 09:00:00,55.287796
2011-02-26 10:00:00,71.89899
2011-02-26 11:00:00,63.915268
2011-02-26 12:00:00,86.2759
2011-02-26 13:00:00,108.50264
2011-02-26 14:00:00,135.2937
2011-02-26 15:00:00,126.84436
2011-02-26 16:00:00,114.03596
2011-02-26 17:00:00,117.00763
2011-02-26 18:00:00,97.9144
2011-02-26 19:00:00,87.13832
2011-02-26 20:00:00,69.874374
2011-02-26 21:00:00,60.48533
2011-02-26 22:00:00,58.42798
2011-02-26 23:00:00,56.908806
2011-02-27 00:00:00,53.534214
2011-02-27 01:00:00,53.81277
2011-02-27 02:00:00,55.97351
2011-02-27 03:00:00,58.565243
2011-02-27 04:00:00,50.867657
2011-02-27 06:00:00,56.01753
2011-02-27 07:00:00,50.867657
2011-02-27 08:00:00,57.635498
2011-02-27 09:00:00,61.52132
2011-02-27 10:00:00,62.559006
2011-02-27 11:00:00,77.59619
2011-02-27 12:00:00,85.007034
2011-02-27 13:00:00,89.086296
2011-02-27 14:00:00,111.457054
2011-02-27 15:00:00,153.24722
2011-02-27 16:00:00,173.64812
2011-02-27 17:00:00,113.53337
2011-02-27 18:00:00,107.77374
2011-02-27 19:00:00,94.17732
2011-02-27 20:00:00,85.007034
2011-02-27 21:00:00,89.38006
2011-02-27 22:00:00,83.81115
2011-02-27 23:00:00,75.47354
2011-02-28 00:00:00,85.03914
2011-02-28 01:00:00,68.79841
2011-02-28 03:00:00,68.503456
2011-02-28 05:00:00,74.24821
2011-02-28 06:00:00,77.0569
2011-02-28 07:00:00,80.40577
2011-02-28 08:00:00,71.28506
2011-02-28 09:00:00,98.75849
2011-02-28 10:00:00,160.42502
2011-02-28 11:00:00,161.97041
2011-02-28 12:00:00,161.97038
2011-02-28 13:00:00,94.36464
2011-02-28 14:00:00,85.27406
2011-02-28 15:00:00,85.27406
2011-02-28 16:00:00,88.671585
2011-02-28 17:00:00,82.292046
2011-02-28 18:00:00,95.34169
2011-02-28 19:00:00,116.46957
2011-02-28 20:00:00,116.46957
2011-02-28 21:00:00,87.75045
2011-02-28 22:00:00,68.49718
2011-02-28 23:00:00,71.435814
2011-03-20 00:00:00,117.71346
2011-03-20 01:00:00,92.49261
2011-03-20 02:00:00,79.60892
2011-03-20 03:00:00,65.93838
2011-03-20 04:00:00,59.848587
2011-03-20 05:00:00,57.533604
2011-03-20 06:00:00,57.974316
2011-03-20 07:00:00,52.70021
2011-03-20 08:00:00,62.754642
2011-03-20 09:00:00,72.17839
2011-03-20 10:00:00,74.26447
2011-03-20 11:00:00,104.48836
2011-03-20 12:00:00,108.53262
2011-03-20 13:00:00,152.95464
2011-03-20 14:00:00,193.55412
2011-03-20 15:00:00,192.59071
2011-03-20 16:00:00,189.26846
2011-03-20 17:00:00,193.82317
2011-03-20 18:00:00,164.47968
2011-03-20 19:00:00,121.531006
2011-03-20 20:00:00,114.03596
2011-03-20 21:00:00,85.86137
2011-03-20 22:00:00,90.01054
2011-03-20 23:00:00,79.810394
2011-03-21 00:00:00,95.0001
2011-03-21 01:00:00,91.32998
2011-03-21 02:00:00,87.10896
2011-03-21 03:00:00,87.10896
2011-03-21 05:00:00,81.65731
2011-03-21 06:00:00,77.05649
2011-03-21 07:00:00,70.89917
2011-03-21 08:00:00,73.96507
2011-03-21 09:00:00,80.57451
2011-03-21 10:00:00,106.44579
2011-03-21 11:00:00,117.42999
2011-03-21 12:00:00,112.91597
2011-03-21 13:00:00,147.42206
2011-03-21 14:00:00,156.30838
2011-03-21 15:00:00,178.96796
2011-03-21 16:00:00,169.36826
2011-03-21 17:00:00,162.8597
2011-03-21 18:00:00,134.21507
2011-03-21 19:00:00,215.06154
2011-03-21 20:00:00,148.4093
2011-03-21 21:00:00,106.33636
2011-03-21 22:00:00,109.61813
2011-03-21 23:00:00,95.5907
2011-03-22 00:00:00,107.37515
2011-03-22 01:00:00,95.02365
2011-03-22 02:00:00,92.6267
2011-03-22 03:00:00,109.417816
2011-03-22 04:00:00,102.62614
2011-03-22 05:00:00,97.6525
2011-03-22 06:00:00,99.9699
2011-03-22 07:00:00,96.69125
2011-03-22 08:00:00,138.12071
2011-03-22 09:00:00,163.44981
2011-03-22 10:00:00,161.63184
2011-03-22 11:00:00,175.74384
2011-03-22 12:00:00,186.11322
2011-03-22 13:00:00,207.12791
2011-03-22 14:00:00,241.13554
2011-03-22 15:00:00,220.60626
2011-03-22 16:00:00,195.64748
2011-03-22 17:00:00,195.64748
2011-03-22 18:00:00,174.47235
2011-03-22 19:00:00,156.34763
2011-03-22 20:00:00,169.21783
2011-03-22 21:00:00,152.75958
2011-03-22 22:00:00,133.30045
2011-03-22 23:00:00,133.30045
2011-03-23 00:00:00,89.74803
2011-03-23 01:00:00,80.23933
2011-03-23 02:00:00,80.23933
2011-03-23 03:00:00,83.10237
2011-03-23 05:00:00,77.27157
2011-03-23 06:00:00,80.57833
2011-03-23 07:00:00,76.719025
2011-03-23 08:00:00,80.289734
2011-03-23 09:00:00,78.65684
2011-03-23 10:00:00,81.648026
2011-03-23 11:00:00,83.66639
2011-03-23 12:00:00,81.05524
2011-03-23 13:00:00,81.76649
2011-03-23 14:00:00,88.41495
2011-03-23 15:00:00,95.07046
2011-03-23 16:00:00,103.114845
2011-03-23 17:00:00,103.114845
2011-03-23 18:00:00,91.63547
2011-03-23 19:00:00,91.63547
2011-03-23 20:00:00,92.73023
2011-03-23 21:00:00,71.17956
2011-03-23 22:00:00,78.67956
2011-03-23 23:00:00,79.36242
2011-03-24 00:00:00,76.719025
2011-03-24 01:00:00,72.58395
2011-03-24 02:00:00,72.825905
2011-03-24 03:00:00,70.06569
2011-03-24 04:00:00,70.06569
2011-03-24 05:00:00,70.77016
2011-03-24 06:00:00,70.77016
2011-03-24 07:00:00,64.79076
2011-03-24 08:00:00,63.006184
2011-03-24 09:00:00,68.05906
2011-03-24 10:00:00,66.45403
2011-03-24 11:00:00,74.50082
2011-03-24 12:00:00,79.6341
2011-03-24 13:00:00,82.265884
2011-03-24 14:00:00,83.26911
2011-03-24 15:00:00,79.01225
2011-03-24 16:00:00,81.695335
2011-03-24 17:00:00,78.6569
2011-03-24 18:00:00,87.01904
2011-03-24 19:00:00,110.02876
2011-03-24 20:00:00,85.01666
2011-03-24 21:00:00,77.36161
2011-03-24 22:00:00,78.30662
2011-03-24 23:00:00,72.84739
2011-03-25 00:00:00,74.68387
2011-03-25 01:00:00,67.425125
2011-03-25 02:00:00,66.27068
2011-03-25 03:00:00,69.47347
2011-03-25 04:00:00,65.31734
2011-03-25 05:00:00,62.76426
2011-03-25 06:00:00,61.796513
2011-03-25 07:00:00,73.543526
2011-03-25 08:00:00,84.18345
2011-03-25 09:00:00,95.013695
2011-03-25 10:00:00,87.48179
2011-03-25 11:00:00,125.034515
2011-03-25 12:00:00,134.88712
2011-03-25 13:00:00,145.88144
2011-03-25 14:00:00,193.45004
2011-03-25 15:00:00,161.21237
2011-03-25 16:00:00,166.61826
2011-03-25 17:00:00,155.84497
2011-03-25 18:00:00,136.58043
2011-03-25 19:00:00,145.63222
2011-03-25 20:00:00,153.46196
2011-03-25 21:00:00,146.78232
2011-03-25 22:00:00,136.48967
2011-03-25 23:00:00,125.030014
2011-03-26 00:00:00,108.757935
2011-03-26 01:00:00,110.950035
2011-03-26 02:00:00,74.1982
2011-03-26 03:00:00,62.97508
2011-03-26 04:00:00,74.1982
2011-03-26 05:00:00,59.27444
2011-03-26 06:00:00,54.08643
2011-03-26 07:00:00,59.27445
2011-03-26 08:00:00,74.43075
2011-03-26 09:00:00,87.29304
2011-03-26 10:00:00,94.659065
2011-03-26 11:00:00,112.52105
2011-03-26 12:00:00,129.04118
2011-03-26 13:00:00,155.63583
2011-03-26 14:00:00,196.66466
2011-03-26 15:00:00,203.76962
2011-03-26 16:00:00,256.94452
2011-03-26 17:00:00,221.67134
2011-03-26 18:00:00,275.82657
2011-03-26 19:00:00,94.70146
2011-03-26 20:00:00,94.70146
2011-03-26 21:00:00,86.447266
2011-03-26 22:00:00,103.56213
2011-03-26 23:00:00,92.27209
2011-03-27 00:00:00,93.00725
2011-03-27 01:00:00,63.102055
2011-03-27 02:00:00,56.4452
2011-03-27 03:00:00,47.633755
2011-03-27 04:00:00,44.940872
2011-03-27 06:00:00,40.092007
2011-03-27 07:00:00,37.727734
2011-03-27 08:00:00,52.90099
2011-03-27 09:00:00,62.658054
2011-03-27 10:00:00,57.49411
2011-03-27 11:00:00,70.63994
2011-03-27 12:00:00,88.13898
2011-03-27 13:00:00,118.81484
2011-03-27 14:00:00,143.60793
2011-03-27 15:00:00,143.54276
2011-03-27 16:00:00,177.61583
2011-03-27 17:00:00,168.55663
2011-03-27 18:00:00,144.60675
2011-03-27 19:00:00,155.64479
2011-03-27 20:00:00,122.296524
2011-03-27 21:00:00,94.659065
2011-03-27 22:00:00,94.659065
2011-03-27 23:00:00,88.551384
2011-03-28 00:00:00,76.788475
2011-03-28 01:00:00,93.54031
2011-03-28 02:00:00,93.51863
2011-03-28 03:00:00,93.51863
2011-03-28 05:00:00,80.53557
2011-03-28 06:00:00,106.108574
2011-03-28 07:00:00,117.595505
2011-03-28 08:00:00,110.839
2011-03-28 09:00:00,122.430534
2011-03-28 10:00:00,143.47205
2011-03-28 11:00:00,144.7987
2011-03-28 12:00:00,195.54193
2011-03-28 13:00:00,198.1436
2011-03-28 14:00:00,213.93483
2011-03-28 15:00:00,202.8614
2011-03-28 16:00:00,217.63544
2011-03-28 17:00:00,209.1166
2011-03-28 18:00:00,209.39322
2011-03-28 19:00:00,214.42812
2011-03-28 20:00:00,213.7357
2011-03-28 21:00:00,223.51636
2011-03-28 22:00:00,205.66481
2011-03-28 23:00:00,173.45413
2011-03-29 00:00:00,147.84666
2011-03-29 01:00:00,133.82483
2011-03-29 02:00:00,133.82483
2011-03-29 03:00:00,133.82483
2011-03-29 04:00:00,87.42146
2011-03-29 05:00:00,112.76572
2011-03-29 06:00:00,108.12699
2011-03-29 07:00:00,108.45065
2011-03-29 08:00:00,127.97685
2011-03-29 09:00:00,155.1027
2011-03-29 10:00:00,185.84302
2011-03-29 11:00:00,169.66142
2011-03-29 12:00:00,211.20306
2011-03-29 13:00:00,205.01443
2011-03-29 14:00:00,219.94203
2011-03-29 15:00:00,241.24858
2011-03-29 16:00:00,238.52962
2011-03-29 17:00:00,233.0515
2011-03-29 18:00:00,212.95798
2011-03-29 19:00:00,219.559
2011-03-29 20:00:00,212.95798
2011-03-29 21:00:00,148.37576
2011-03-29 22:00:00,119.30703
2011-03-29 23:00:00,98.08717
2011-03-30 00:00:00,95.911934
2011-03-30 01:00:00,155.56735
2011-03-30 02:00:00,95.911934
2011-03-30 03:00:00,134.09943
2011-03-30 04:00:00,95.911934
2011-03-30 05:00:00,91.450905
2011-03-30 06:00:00,110.26979
2011-03-30 07:00:00,141.03032
2011-03-30 08:00:00,115.49433
2011-03-30 09:00:00,123.16214
2011-03-30 10:00:00,126.89941
2011-03-30 11:00:00,129.94373
2011-03-30 12:00:00,133.71611
2011-03-30 13:00:00,138.07103
2011-03-30 14:00:00,142.27887
2011-03-30 15:00:00,68.806274
2011-03-30 16:00:00,69.394325
2011-03-30 17:00:00,68.78909
2011-03-30 18:00:00,68.05906
2011-03-30 19:00:00,68.05906
2011-03-30 20:00:00,61.15649
2011-03-30 21:00:00,64.51084
2011-03-30 22:00:00,61.724686
2011-03-30 23:00:00,61.045174
2011-03-31 00:00:00,61.724686
2011-03-31 01:00:00,61.48723
2011-03-31 02:00:00,61.48723
2011-03-31 03:00:00,61.724686
2011-03-31 04:00:00,61.921078
2011-03-31 05:00:00,61.724686
2011-03-31 06:00:00,61.15649
2011-03-31 07:00:00,61.921078
2011-03-31 08:00:00,63.65647
2011-03-31 09:00:00,64.58608
2011-03-31 10:00:00,64.58608
2011-03-31 11:00:00,68.04761
2011-03-31 12:00:00,68.04761
2011-03-31 13:00:00,74.77742
2011-03-31 14:00:00,74.77741
2011-03-31 15:00:00,70.604324
2011-03-31 16:00:00,75.17305
2011-03-31 17:00:00,75.17305
2011-03-31 18:00:00,77.357
2011-03-31 19:00:00,77.357
2011-03-31 20:00:00,67.48307
2011-03-31 21:00:00,71.02393
2011-03-31 22:00:00,68.515785
2011-03-31 23:00:00,64.9182
2011-04-20 00:00:00,98.92121
2011-04-20 01:00:00,99.391235
2011-04-20 02:00:00,99.391235
2011-04-20 03:00:00,82.47956
2011-04-20 04:00:00,90.01357
2011-04-20 05:00:00,98.60219
2011-04-20 06:00:00,99.391235
2011-04-20 07:00:00,84.1938
2011-04-20 08:00:00,222.67303
2011-04-20 09:00:00,227.71085
2011-04-20 10:00:00,131.51295
2011-04-20 11:00:00,131.51295
2011-04-20 12:00:00,327.7145
2011-04-20 13:00:00,327.7145
2011-04-20 14:00:00,379.88565
2011-04-20 15:00:00,379.82996
2011-04-20 16:00:00,379.82996
2011-04-20 17:00:00,388.4325
2011-04-20 18:00:00,356.93466
2011-04-20 19:00:00,317.29453
2011-04-20 20:00:00,263.52814
2011-04-20 21:00:00,334.13733
2011-04-20 22:00:00,305.58878
2011-04-20 23:00:00,322.4453
2011-04-21 00:00:00,271.8473
2011-04-21 01:00:00,216.82889
2011-04-21 02:00:00,247.05122
2011-04-21 03:00:00,200.30629
2011-04-21 04:00:00,184.83136
2011-04-21 05:00:00,187.18538
2011-04-21 06:00:00,171.91727
2011-04-21 07:00:00,194.35535
2011-04-21 08:00:00,183.66455
2011-04-21 09:00:00,170.76945
2011-04-21 10:00:00,190.11023
2011-04-21 11:00:00,205.66273
2011-04-21 12:00:00,207.98177
2011-04-21 13:00:00,270.24167
2011-04-21 14:00:00,279.2881
2011-04-21 15:00:00,302.82294
2011-04-21 16:00:00,312.154
2011-04-21 17:00:00,249.71364
2011-04-21 18:00:00,300.23752
2011-04-21 19:00:00,275.51978
2011-04-21 20:00:00,223.90294
2011-04-21 21:00:00,162.40604
2011-04-21 22:00:00,182.27356
2011-04-21 23:00:00,159.20123
2011-04-22 00:00:00,102.8981
2011-04-22 01:00:00,121.387405
2011-04-22 02:00:00,127.32951
2011-04-22 03:00:00,127.32951
2011-04-22 04:00:00,118.0847
2011-04-22 05:00:00,112.47984
2011-04-22 06:00:00,118.084724
2011-04-22 07:00:00,115.33556
2011-04-22 08:00:00,112.74224
2011-04-22 09:00:00,94.18901
2011-04-22 10:00:00,101.383766
2011-04-22 11:00:00,89.79954
2011-04-22 12:00:00,85.40407
2011-04-22 13:00:00,80.44533
2011-04-22 14:00:00,77.59855
2011-04-22 15:00:00,80.44533
2011-04-22 16:00:00,81.766495
2011-04-22 17:00:00,73.912605
2011-04-22 18:00:00,73.912605
2011-04-22 19:00:00,73.912605
2011-04-22 20:00:00,74.954834
2011-04-22 21:00:00,72.84374
2011-04-22 22:00:00,72.52001
2011-04-22 23:00:00,79.21745
2011-04-23 00:00:00,65.04631
2011-04-23 01:00:00,65.04631
2011-04-23 02:00:00,64.89211
2011-04-23 03:00:00,66.58909
2011-04-23 04:00:00,73.41988
2011-04-23 05:00:00,73.41988
2011-04-23 06:00:00,68.058876
2011-04-23 07:00:00,65.33443
2011-04-23 08:00:00,69.03588
2011-04-23 09:00:00,79.54823
2011-04-23 10:00:00,88.97576
2011-04-23 11:00:00,96.777626
2011-04-23 12:00:00,130.00102
2011-04-23 13:00:00,127.06124
2011-04-23 14:00:00,151.96254
2011-04-23 15:00:00,185.26706
2011-04-23 16:00:00,164.61516
2011-04-23 17:00:00,175.73323
2011-04-23 18:00:00,120.444145
2011-04-23 19:00:00,127.70764
2011-04-23 20:00:00,112.98147
2011-04-23 21:00:00,125.05296
2011-04-23 22:00:00,133.913
2011-04-23 23:00:00,108.79904
2011-04-24 00:00:00,113.03933
2011-04-24 01:00:00,105.2837
2011-04-24 02:00:00,105.2837
2011-04-24 03:00:00,90.91128
2011-04-24 04:00:00,90.91128
2011-04-24 05:00:00,90.91128
2011-04-24 06:00:00,83.85861
2011-04-24 07:00:00,83.85861
2011-04-24 08:00:00,107.718025
2011-04-24 09:00:00,119.39257
2011-04-24 10:00:00,120.42082
2011-04-24 11:00:00,164.99419
2011-04-24 12:00:00,212.60973
2011-04-24 13:00:00,272.5987
2011-04-24 14:00:00,307.16238
2011-04-24 15:00:00,225.2667
2011-04-24 16:00:00,372.34802
2011-04-24 17:00:00,212.31966
2011-04-24 18:00:00,145.72585
2011-04-24 19:00:00,132.80482
2011-04-24 20:00:00,132.80482
2011-04-24 21:00:00,106.46884
2011-04-24 22:00:00,104.57521
2011-04-24 23:00:00,99.50814
2011-04-25 00:00:00,97.50913
2011-04-25 01:00:00,101.9942
2011-04-25 02:00:00,101.9942
2011-04-25 03:00:00,102.52982
2011-04-25 04:00:00,94.04657
2011-04-25 05:00:00,88.8604
2011-04-25 06:00:00,92.30999
2011-04-25 07:00:00,102.83436
2011-04-25 08:00:00,107.76316
2011-04-25 09:00:00,116.314865
2011-04-25 10:00:00,159.55585
2011-04-25 11:00:00,159.55585
2011-04-25 12:00:00,171.9887
2011-04-25 13:00:00,215.28748
2011-04-25 14:00:00,270.91138
2011-04-25 15:00:00,287.09424
2011-04-25 16:00:00,293.85345
2011-04-25 17:00:00,280.40988
2011-04-25 18:00:00,270.99075
2011-04-25 19:00:00,255.90338
2011-04-25 20:00:00,227.71085
2011-04-25 21:00:00,179.54315
2011-04-25 22:00:00,175.25063
2011-04-25 23:00:00,148.37955
2011-04-26 00:00:00,187.29329
2011-04-26 01:00:00,172.71265
2011-04-26 02:00:00,144.16805
2011-04-26 03:00:00,129.54114
2011-04-26 04:00:00,132.6191
2011-04-26 05:00:00,125.67598
2011-04-26 06:00:00,123.74734
2011-04-26 07:00:00,144.62146
2011-04-26 08:00:00,144.62144
2011-04-26 09:00:00,196.8749
2011-04-26 10:00:00,212.28685
2011-04-26 11:00:00,238.58176
2011-04-26 12:00:00,271.46304
2011-04-26 13:00:00,341.34055
2011-04-26 14:00:00,279.64395
2011-04-26 15:00:00,261.4107
2011-04-26 16:00:00,282.37598
2011-04-26 17:00:00,250.66246
2011-04-26 18:00:00,247.65678
2011-04-26 19:00:00,207.49603
2011-04-26 20:00:00,196.8749
2011-04-26 21:00:00,161.18544
2011-04-26 22:00:00,129.9682
2011-04-26 23:00:00,135.84175
2011-04-27 00:00:00,132.54385
2011-04-27 01:00:00,139.09619
2011-04-27 02:00:00,131.80164
2011-04-27 03:00:00,136.05684
2011-04-27 04:00:00,121.18821
2011-04-27 05:00:00,124.24505
2011-04-27 06:00:00,124.78365
2011-04-27 07:00:00,136.05684
2011-04-27 08:00:00,139.96442
2011-04-27 09:00:00,150.07495
2011-04-27 10:00:00,151.72122
2011-04-27 11:00:00,165.73836
2011-04-27 12:00:00,179.54672
2011-04-27 13:00:00,166.4646
2011-04-27 14:00:00,186.8025
2011-04-27 15:00:00,262.60388
2011-04-27 16:00:00,229.46428
2011-04-27 17:00:00,176.27072
2011-04-27 18:00:00,176.27072
2011-04-27 19:00:00,161.18544
2011-04-27 20:00:00,160.22166
2011-04-27 21:00:00,140.51857
2011-04-27 22:00:00,146.21712
2011-04-27 23:00:00,149.4125
2011-04-28 00:00:00,181.71391
2011-04-28 01:00:00,165.73892
2011-04-28 02:00:00,174.57565
2011-04-28 03:00:00,183.96812
2011-04-28 04:00:00,170.09769
2011-04-28 05:00:00,165.73892
2011-04-28 06:00:00,195.17438
2011-04-28 07:00:00,192.70114
2011-04-28 08:00:00,199.24745
2011-04-28 09:00:00,143.6008
2011-04-28 10:00:00,141.52832
2011-04-28 11:00:00,151.72122
2011-04-28 12:00:00,157.28027
2011-04-28 13:00:00,154.4629
2011-04-28 14:00:00,152.68694
2011-04-28 15:00:00,206.1855
2011-04-28 16:00:00,152.9525
2011-04-28 17:00:00,303.59378
2011-04-28 18:00:00,303.59378
2011-04-28 19:00:00,305.98776
2011-04-28 20:00:00,251.0697
2011-04-28 21:00:00,208.76134
2011-04-28 22:00:00,211.32355
2011-04-28 23:00:00,205.88557
2011-04-29 00:00:00,255.18298
2011-04-29 01:00:00,177.75371
2011-04-29 02:00:00,104.78773
2011-04-29 03:00:00,107.55623
2011-04-29 04:00:00,149.87007
2011-04-29 05:00:00,166.40723
2011-04-29 06:00:00,216.73378
2011-04-29 07:00:00,222.39423
2011-04-29 08:00:00,267.40625
2011-04-29 09:00:00,273.2488
2011-04-29 10:00:00,269.80594
2011-04-29 11:00:00,302.69998
2011-04-29 12:00:00,283.60464
2011-04-29 13:00:00,286.18173
2011-04-29 14:00:00,346.98004
2011-04-29 15:00:00,274.73105
2011-04-29 16:00:00,261.74304
2011-04-29 17:00:00,237.75465
2011-04-29 18:00:00,223.82738
2011-04-29 19:00:00,172.39885
2011-04-29 20:00:00,185.99355
2011-04-29 21:00:00,162.73439
2011-04-29 22:00:00,119.56192
2011-04-29 23:00:00,137.3033
2011-04-30 00:00:00,145.27734
2011-04-30 01:00:00,130.96614
2011-04-30 02:00:00,141.20741
2011-04-30 03:00:00,128.89316
2011-04-30 04:00:00,133.47452
2011-04-30 05:00:00,159.06693
2011-04-30 06:00:00,127.23186
2011-04-30 07:00:00,151.8583
2011-04-30 08:00:00,139.16658
2011-04-30 09:00:00,170.43027
2011-04-30 10:00:00,225.27528
2011-04-30 11:00:00,250.30957
2011-04-30 12:00:00,265.7984
2011-04-30 13:00:00,294.16418
2011-04-30 14:00:00,285.43073
2011-04-30 15:00:00,295.2565
2011-04-30 16:00:00,319.44702
2011-04-30 17:00:00,253.768
2011-04-30 18:00:00,240.84056
2011-04-30 19:00:00,240.84056
2011-04-30 20:00:00,100.8503
2011-04-30 21:00:00,100.8503
2011-04-30 22:00:00,92.95104
2011-04-30 23:00:00,92.95104
2011-05-20 00:00:00,94.57638
2011-05-20 01:00:00,86.041565
2011-05-20 02:00:00,92.06633
2011-05-20 03:00:00,84.40825
2011-05-20 04:00:00,92.6267
2011-05-20 05:00:00,94.30615
2011-05-20 06:00:00,97.48669
2011-05-20 07:00:00,112.18974
2011-05-20 08:00:00,98.8755
2011-05-20 09:00:00,142.97537
2011-05-20 10:00:00,148.4093
2011-05-20 11:00:00,180.59166
2011-05-20 12:00:00,241.66739
2011-05-20 13:00:00,249.12079
2011-05-20 14:00:00,246.10309
2011-05-20 15:00:00,229.3887
2011-05-20 16:00:00,235.62254
2011-05-20 17:00:00,162.34831
2011-05-20 18:00:00,215.08052
2011-05-20 19:00:00,124.56393
2011-05-20 20:00:00,128.5703
2011-05-20 21:00:00,122.02609
2011-05-20 22:00:00,96.664345
2011-05-20 23:00:00,118.02284
2011-05-21 00:00:00,98.93655
2011-05-21 01:00:00,87.10865
2011-05-21 02:00:00,100.093094
2011-05-21 03:00:00,93.855194
2011-05-21 04:00:00,93.64298
2011-05-21 05:00:00,89.37295
2011-05-21 06:00:00,99.84226
2011-05-21 07:00:00,107.12437
2011-05-21 08:00:00,156.51161
2011-05-21 09:00:00,184.17232
2011-05-21 10:00:00,167.30238
2011-05-21 11:00:00,243.62224
2011-05-21 12:00:00,236.90764
2011-05-21 13:00:00,284.0047
2011-05-21 14:00:00,313.0773
2011-05-21 15:00:00,356.45618
2011-05-21 16:00:00,402.4308
2011-05-21 17:00:00,354.39166
2011-05-21 18:00:00,333.1182
2011-05-21 19:00:00,307.85083
2011-05-21 20:00:00,153.19502
2011-05-21 21:00:00,167.30238
2011-05-21 22:00:00,128.53023
2011-05-21 23:00:00,102.89538
2011-05-22 00:00:00,106.568016
2011-05-22 01:00:00,99.44305
2011-05-22 02:00:00,95.43217
2011-05-22 03:00:00,91.72167
2011-05-22 04:00:00,81.093994
2011-05-22 05:00:00,91.72167
2011-05-22 06:00:00,95.43217
2011-05-22 07:00:00,99.39179
2011-05-22 08:00:00,112.50011
2011-05-22 09:00:00,126.97115
2011-05-22 10:00:00,155.43996
2011-05-22 11:00:00,279.57782
2011-05-22 12:00:00,318.81293
2011-05-22 13:00:00,270.96927
2011-05-22 14:00:00,169.34665
2011-05-22 15:00:00,210.19481
2011-05-22 16:00:00,202.90465
2011-05-22 17:00:00,267.05075
2011-05-22 18:00:00,217.58542
2011-05-22 19:00:00,208.37575
2011-05-22 20:00:00,165.11821
2011-05-22 21:00:00,138.23529
2011-05-22 22:00:00,109.9798
2011-05-22 23:00:00,110.49629
2011-05-23 00:00:00,113.91767
2011-05-23 01:00:00,107.76316
2011-05-23 02:00:00,120.295906
2011-05-23 03:00:00,115.870445
2011-05-23 04:00:00,96.43377
2011-05-23 05:00:00,96.43377
2011-05-23 06:00:00,95.86507
2011-05-23 07:00:00,109.91113
2011-05-23 08:00:00,121.526215
2011-05-23 09:00:00,126.4169
2011-05-23 10:00:00,185.34026
2011-05-23 11:00:00,225.51804
2011-05-23 12:00:00,225.51804
2011-05-23 13:00:00,309.31537
2011-05-23 14:00:00,291.8432
2011-05-23 15:00:00,286.4192
2011-05-23 16:00:00,266.7929
2011-05-23 17:00:00,241.54605
2011-05-23 18:00:00,198.8979
2011-05-23 19:00:00,181.78905
2011-05-23 20:00:00,135.8831
2011-05-23 21:00:00,131.18044
2011-05-23 22:00:00,123.64857
2011-05-23 23:00:00,126.868355
2011-05-24 00:00:00,117.76483
2011-05-24 01:00:00,114.479004
2011-05-24 02:00:00,117.76483
2011-05-24 03:00:00,111.9406
2011-05-24 04:00:00,109.51031
2011-05-24 05:00:00,128.29935
2011-05-24 06:00:00,122.088554
2011-05-24 07:00:00,146.32405
2011-05-24 08:00:00,141.27734
2011-05-24 09:00:00,156.65117
2011-05-24 10:00:00,256.7186
2011-05-24 11:00:00,287.09424
2011-05-24 12:00:00,365.64413
2011-05-24 13:00:00,325.28537
2011-05-24 14:00:00,340.93674
2011-05-24 15:00:00,318.55875
2011-05-24 16:00:00,171.52042
2011-05-24 17:00:00,195.27594
2011-05-24 18:00:00,183.40196
2011-05-24 19:00:00,152.74004
2011-05-24 20:00:00,124.11926
2011-05-24 21:00:00,115.21211
2011-05-24 22:00:00,134.05403
2011-05-24 23:00:00,160.48906
2011-05-25 00:00:00,137.78912
2011-05-25 01:00:00,129.68999
2011-05-25 02:00:00,98.39227
2011-05-25 03:00:00,107.83554
2011-05-25 04:00:00,104.021286
2011-05-25 05:00:00,106.0987
2011-05-25 06:00:00,105.45308
2011-05-25 07:00:00,128.04564
2011-05-25 08:00:00,173.11586
2011-05-25 09:00:00,164.37878
2011-05-25 10:00:00,190.5841
2011-05-25 11:00:00,223.2924
2011-05-25 12:00:00,242.41272
2011-05-25 13:00:00,242.41272
2011-05-25 14:00:00,257.46988
2011-05-25 15:00:00,306.06683
2011-05-25 16:00:00,302.40628
2011-05-25 17:00:00,287.09424
2011-05-25 18:00:00,254.0458
2011-05-25 19:00:00,204.33093
2011-05-25 20:00:00,214.4667
2011-05-25 21:00:00,152.71317
2011-05-25 22:00:00,189.69984
2011-05-25 23:00:00,131.99277
2011-05-26 00:00:00,131.99278
2011-05-26 01:00:00,131.99278
2011-05-26 02:00:00,113.823555
2011-05-26 03:00:00,107.816444
2011-05-26 04:00:00,98.42736
2011-05-26 05:00:00,110.55794
2011-05-26 06:00:00,104.48995
2011-05-26 07:00:00,129.7585
2011-05-26 08:00:00,132.34094
2011-05-26 09:00:00,188.49417
2011-05-26 10:00:00,198.8979
2011-05-26 11:00:00,233.65714
2011-05-26 12:00:00,314.19418
2011-05-26 13:00:00,351.67383
2011-05-26 14:00:00,351.67383
2011-05-26 15:00:00,364.35706
2011-05-26 16:00:00,377.34348
2011-05-26 17:00:00,349.40988
2011-05-26 18:00:00,370.59927
2011-05-26 19:00:00,356.67065
2011-05-26 20:00:00,237.38664
2011-05-26 21:00:00,200.28894
2011-05-26 22:00:00,185.45569
2011-05-26 23:00:00,205.75496
2011-05-27 00:00:00,197.84288
2011-05-27 01:00:00,264.2592
2011-05-27 02:00:00,223.5185
2011-05-27 03:00:00,157.50906
2011-05-27 04:00:00,144.844
2011-05-27 05:00:00,203.79869
2011-05-27 06:00:00,132.34807
2011-05-27 07:00:00,140.72685
2011-05-27 08:00:00,181.06404
2011-05-27 09:00:00,228.86818
2011-05-27 10:00:00,310.6351
2011-05-27 11:00:00,304.1932
2011-05-27 12:00:00,307.29904
2011-05-27 13:00:00,254.33025
2011-05-27 14:00:00,291.53366
2011-05-27 15:00:00,336.05435
2011-05-27 16:00:00,326.10864
2011-05-27 17:00:00,301.62033
2011-05-27 18:00:00,266.7929
2011-05-27 19:00:00,154.97241
2011-05-27 20:00:00,159.51202
2011-05-27 21:00:00,111.91119
2011-05-27 22:00:00,120.99227
2011-05-27 23:00:00,113.242584
2011-05-28 00:00:00,107.15415
2011-05-28 01:00:00,114.50937
2011-05-28 02:00:00,111.019615
2011-05-28 03:00:00,116.498474
2011-05-28 04:00:00,119.39257
2011-05-28 05:00:00,116.498474
2011-05-28 06:00:00,127.70338
2011-05-28 07:00:00,131.44739
2011-05-28 08:00:00,130.41945
2011-05-28 09:00:00,161.9481
2011-05-28 10:00:00,214.74344
2011-05-28 11:00:00,214.74344
2011-05-28 12:00:00,278.5863
2011-05-28 13:00:00,254.0426
2011-05-28 14:00:00,284.12418
2011-05-28 15:00:00,302.9393
2011-05-28 16:00:00,327.83804
2011-05-28 17:00:00,320.0131
2011-05-28 18:00:00,262.21445
2011-05-28 19:00:00,204.74695
2011-05-28 20:00:00,214.74344
2011-05-28 21:00:00,178.9589
2011-05-28 22:00:00,142.67958
2011-05-28 23:00:00,122.3326
2011-05-29 00:00:00,128.64577
2011-05-29 01:00:00,112.75464
2011-05-29 02:00:00,105.18981
2011-05-29 03:00:00,105.18981
2011-05-29 04:00:00,101.5177
2011-05-29 05:00:00,105.52354
2011-05-29 06:00:00,119.773544
2011-05-29 07:00:00,126.87083
2011-05-29 08:00:00,123.93961
2011-05-29 09:00:00,118.6787
2011-05-29 10:00:00,138.68567
2011-05-29 11:00:00,151.15001
2011-05-29 12:00:00,181.62822
2011-05-29 13:00:00,220.88802
2011-05-29 14:00:00,231.51265
2011-05-29 15:00:00,235.13588
2011-05-29 16:00:00,231.51265
2011-05-29 17:00:00,231.51265
2011-05-29 18:00:00,206.76253
2011-05-29 19:00:00,198.47227
2011-05-29 20:00:00,148.499
2011-05-29 21:00:00,127.96846
2011-05-29 22:00:00,112.865005
2011-05-29 23:00:00,116.77705
2011-05-30 00:00:00,111.283554
2011-05-30 01:00:00,103.231895
2011-05-30 02:00:00,111.283554
2011-05-30 03:00:00,111.283554
2011-05-30 04:00:00,105.07841
2011-05-30 05:00:00,100.282265
2011-05-30 06:00:00,100.79337
2011-05-30 07:00:00,90.65005
2011-05-30 08:00:00,107.309296
2011-05-30 09:00:00,148.90393
2011-05-30 10:00:00,352.76892
2011-05-30 11:00:00,317.1447
2011-05-30 12:00:00,361.30923
2011-05-30 13:00:00,369.7562
2011-05-30 14:00:00,400.6032
2011-05-30 15:00:00,420.31693
2011-05-30 16:00:00,427.26025
2011-05-30 17:00:00,403.21756
2011-05-30 18:00:00,384.93015
2011-05-30 19:00:00,204.26434
2011-05-30 20:00:00,241.93982
2011-05-30 21:00:00,187.94815
2011-05-30 22:00:00,171.44122
2011-05-30 23:00:00,117.92647
2011-05-31 00:00:00,128.33719
2011-05-31 01:00:00,119.10638
2011-05-31 02:00:00,120.95064
2011-05-31 03:00:00,103.58104
2011-05-31 04:00:00,115.77953
2011-05-31 05:00:00,115.77953
2011-05-31 06:00:00,122.1408
2011-05-31 07:00:00,194.45776
2011-05-31 08:00:00,252.93167
2011-05-31 09:00:00,266.54343
2011-05-31 10:00:00,274.67297
2011-05-31 11:00:00,280.57782
2011-05-31 12:00:00,293.0147
2011-05-31 13:00:00,329.43378
2011-05-31 14:00:00,328.232
2011-05-31 15:00:00,330.03745
2011-05-31 16:00:00,328.09714
2011-05-31 17:00:00,327.99396
2011-05-31 18:00:00,312.2125
2011-05-31 19:00:00,229.06306
2011-05-31 20:00:00,229.06306
2011-05-31 21:00:00,210.24303
2011-05-31 22:00:00,195.85028
2011-05-31 23:00:00,137.50348
2011-06-20 00:00:00,128.70557
2011-06-20 01:00:00,111.51147
2011-06-20 02:00:00,111.51147
2011-06-20 03:00:00,109.85301
2011-06-20 04:00:00,125.19963
2011-06-20 05:00:00,125.41454
2011-06-20 06:00:00,128.3552
2011-06-20 07:00:00,123.57211
2011-06-20 08:00:00,126.55433
2011-06-20 09:00:00,152.3739
2011-06-20 10:00:00,152.3739
2011-06-20 11:00:00,119.066986
2011-06-20 12:00:00,144.91708
2011-06-20 13:00:00,154.51517
2011-06-20 14:00:00,177.85887
2011-06-20 15:00:00,187.18327
2011-06-20 16:00:00,229.11987
2011-06-20 17:00:00,171.14919
2011-06-20 18:00:00,239.9163
2011-06-20 19:00:00,198.44427
2011-06-20 20:00:00,181.16454
2011-06-20 21:00:00,140.72684
2011-06-20 22:00:00,164.91183
2011-06-20 23:00:00,152.9525
2011-06-21 00:00:00,140.92912
2011-06-21 01:00:00,162.04068
2011-06-21 02:00:00,144.00731
2011-06-21 03:00:00,144.00731
2011-06-21 04:00:00,121.619736
2011-06-21 05:00:00,125.58565
2011-06-21 06:00:00,125.58565
2011-06-21 07:00:00,105.75738
2011-06-21 08:00:00,123.547714
2011-06-21 09:00:00,146.76616
2011-06-21 10:00:00,144.24971
2011-06-21 11:00:00,138.02815
2011-06-21 12:00:00,186.67804
2011-06-21 13:00:00,240.39507
2011-06-21 14:00:00,286.1235
2011-06-21 15:00:00,322.0748
2011-06-21 16:00:00,331.195
2011-06-21 17:00:00,289.9584
2011-06-21 18:00:00,269.7562
2011-06-21 19:00:00,237.65112
2011-06-21 20:00:00,257.7344
2011-06-21 21:00:00,211.79323
2011-06-21 22:00:00,148.35022
2011-06-21 23:00:00,172.47699
2011-06-22 00:00:00,154.96875
2011-06-22 01:00:00,138.7536
2011-06-22 02:00:00,129.0992
2011-06-22 03:00:00,138.7536
2011-06-22 04:00:00,112.86039
2011-06-22 05:00:00,110.20814
2011-06-22 06:00:00,117.91636
2011-06-22 07:00:00,142.83276
2011-06-22 08:00:00,188.33778
2011-06-22 09:00:00,178.12517
2011-06-22 10:00:00,248.73882
2011-06-22 11:00:00,221.61612
2011-06-22 12:00:00,338.9507
2011-06-22 13:00:00,366.76566
2011-06-22 14:00:00,385.08524
2011-06-22 15:00:00,375.36005
2011-06-22 16:00:00,377.4904
2011-06-22 17:00:00,386.2191
2011-06-22 18:00:00,343.93292
2011-06-22 19:00:00,361.52054
2011-06-22 20:00:00,202.49214
2011-06-22 21:00:00,186.09422
2011-06-22 22:00:00,197.87444
2011-06-22 23:00:00,205.84805
2011-06-23 00:00:00,196.30367
2011-06-23 01:00:00,221.08551
2011-06-23 02:00:00,221.08551
2011-06-23 03:00:00,212.91833
2011-06-23 04:00:00,168.61017
2011-06-23 05:00:00,202.72304
2011-06-23 06:00:00,202.72307
2011-06-23 07:00:00,206.38763
2011-06-23 08:00:00,240.59732
2011-06-23 09:00:00,223.65419
2011-06-23 10:00:00,258.72586
2011-06-23 11:00:00,295.04517
2011-06-23 12:00:00,294.81924
2011-06-23 13:00:00,305.3557
2011-06-23 14:00:00,297.81186
2011-06-23 15:00:00,362.79044
2011-06-23 16:00:00,293.32492
2011-06-23 17:00:00,262.21854
2011-06-23 18:00:00,269.03943
2011-06-23 19:00:00,259.94208
2011-06-23 20:00:00,205.03918
2011-06-23 21:00:00,195.7372
2011-06-23 22:00:00,214.76256
2011-06-23 23:00:00,220.66249
2011-06-24 00:00:00,161.99278
2011-06-24 01:00:00,182.65988
2011-06-24 02:00:00,182.65988
2011-06-24 03:00:00,138.02815
2011-06-24 04:00:00,124.948715
2011-06-24 05:00:00,118.9563
2011-06-24 06:00:00,132.10889
2011-06-24 07:00:00,158.30582
2011-06-24 08:00:00,205.03918
2011-06-24 09:00:00,247.06317
2011-06-24 10:00:00,377.68872
2011-06-24 11:00:00,395.01196
2011-06-24 12:00:00,375.31015
2011-06-24 13:00:00,355.7741
2011-06-24 14:00:00,370.88657
2011-06-24 15:00:00,413.38815
2011-06-24 16:00:00,417.60452
2011-06-24 17:00:00,353.58603
2011-06-24 18:00:00,372.8914
2011-06-24 19:00:00,333.80948
2011-06-24 20:00:00,297.81955
2011-06-24 21:00:00,279.22382
2011-06-24 22:00:00,246.43019
2011-06-24 23:00:00,266.41068
2011-06-25 00:00:00,350.73264
2011-06-25 01:00:00,317.21262
2011-06-25 02:00:00,333.8952
2011-06-25 03:00:00,261.6148
2011-06-25 04:00:00,261.6148
2011-06-25 05:00:00,206.78831
2011-06-25 06:00:00,267.29022
2011-06-25 07:00:00,277.2233
2011-06-25 08:00:00,366.68143
2011-06-25 09:00:00,394.48047
2011-06-25 10:00:00,380.5646
2011-06-25 11:00:00,371.8089
2011-06-25 12:00:00,435.1794
2011-06-25 13:00:00,435.1794
2011-06-25 14:00:00,412.29013
2011-06-25 15:00:00,352.98596
2011-06-25 16:00:00,436.73154
2011-06-25 17:00:00,410.2117
2011-06-25 18:00:00,394.48047
2011-06-25 19:00:00,383.56268
2011-06-25 20:00:00,360.1943
2011-06-25 21:00:00,321.7605
2011-06-25 22:00:00,356.08133
2011-06-25 23:00:00,340.0951
2011-06-26 00:00:00,260.0718
2011-06-26 01:00:00,280.6886
2011-06-26 02:00:00,243.53325
2011-06-26 03:00:00,179.827
2011-06-26 04:00:00,177.35379
2011-06-26 05:00:00,174.48615
2011-06-26 06:00:00,174.48615
2011-06-26 07:00:00,198.12001
2011-06-26 08:00:00,233.25928
2011-06-26 09:00:00,274.7251
2011-06-26 10:00:00,338.02484
2011-06-26 11:00:00,358.28928
2011-06-26 12:00:00,388.852
2011-06-26 13:00:00,379.03
2011-06-26 14:00:00,377.96533
2011-06-26 15:00:00,379.03
2011-06-26 16:00:00,398.1937
2011-06-26 17:00:00,398.87692
2011-06-26 18:00:00,406.55664
2011-06-26 19:00:00,364.78934
2011-06-26 20:00:00,347.67902
2011-06-26 21:00:00,316.33423
2011-06-26 22:00:00,298.9527
2011-06-26 23:00:00,294.282
2011-06-27 00:00:00,206.56097
2011-06-27 01:00:00,144.3525
2011-06-27 02:00:00,159.0608
2011-06-27 03:00:00,159.0608
2011-06-27 04:00:00,135.19096
2011-06-27 05:00:00,137.83304
2011-06-27 06:00:00,149.21785
2011-06-27 07:00:00,188.68063
2011-06-27 08:00:00,174.66562
2011-06-27 09:00:00,240.0191
2011-06-27 10:00:00,277.3472
2011-06-27 11:00:00,211.22078
2011-06-27 12:00:00,240.0191
2011-06-27 13:00:00,285.90536
2011-06-27 14:00:00,247.62215
2011-06-27 15:00:00,241.30682
2011-06-27 16:00:00,255.4774
2011-06-27 17:00:00,270.15225
2011-06-27 18:00:00,238.44664
2011-06-27 19:00:00,260.54437
2011-06-27 20:00:00,205.11937
2011-06-27 21:00:00,177.08081
2011-06-27 22:00:00,170.31224
2011-06-27 23:00:00,170.31224
2011-06-28 00:00:00,151.23805
2011-06-28 01:00:00,147.2405
2011-06-28 02:00:00,165.05428
2011-06-28 03:00:00,165.05428
2011-06-28 04:00:00,147.2405
2011-06-28 05:00:00,129.0992
2011-06-28 06:00:00,138.02815
2011-06-28 07:00:00,152.55908
2011-06-28 08:00:00,165.03003
2011-06-28 09:00:00,175.85399
2011-06-28 10:00:00,314.56003
2011-06-28 11:00:00,302.3378
2011-06-28 12:00:00,354.05527
2011-06-28 13:00:00,314.95386
2011-06-28 14:00:00,364.7348
2011-06-28 15:00:00,342.48242
2011-06-28 16:00:00,390.9012
2011-06-28 17:00:00,383.395
2011-06-28 18:00:00,375.2044
2011-06-28 19:00:00,341.77332
2011-06-28 20:00:00,188.67918
2011-06-28 21:00:00,272.52734
2011-06-28 22:00:00,234.04744
2011-06-28 23:00:00,231.08197
2011-06-29 00:00:00,194.21654
2011-06-29 01:00:00,192.99362
2011-06-29 02:00:00,153.56618
2011-06-29 03:00:00,133.47055
2011-06-29 04:00:00,127.15748
2011-06-29 05:00:00,139.31575
2011-06-29 06:00:00,222.4229
2011-06-29 07:00:00,288.5028
2011-06-29 08:00:00,332.01282
2011-06-29 09:00:00,373.19717
2011-06-29 10:00:00,365.09186
2011-06-29 11:00:00,344.92355
2011-06-29 12:00:00,354.89423
2011-06-29 13:00:00,374.681
2011-06-29 14:00:00,341.12677
2011-06-29 15:00:00,336.25357
2011-06-29 16:00:00,400.39343
2011-06-29 17:00:00,377.0153
2011-06-29 18:00:00,355.3978
2011-06-29 19:00:00,410.70325
2011-06-29 20:00:00,371.0723
2011-06-29 21:00:00,335.70682
2011-06-29 22:00:00,314.00095
2011-06-29 23:00:00,304.0803
2011-06-30 00:00:00,278.16406
2011-06-30 01:00:00,256.5264
2011-06-30 02:00:00,233.49927
2011-06-30 03:00:00,220.17647
2011-06-30 04:00:00,174.39082
2011-06-30 05:00:00,196.3485
2011-06-30 06:00:00,221.39789
2011-06-30 07:00:00,229.91847
2011-06-30 08:00:00,315.42206
2011-06-30 09:00:00,328.56482
2011-06-30 10:00:00,317.3196
2011-06-30 11:00:00,307.63992
2011-06-30 12:00:00,325.61737
2011-06-30 13:00:00,337.88092
2011-06-30 14:00:00,340.2463
2011-06-30 15:00:00,323.07797
2011-06-30 16:00:00,322.85892
2011-06-30 17:00:00,364.34293
2011-06-30 18:00:00,344.28067
2011-06-30 19:00:00,333.84946
2011-06-30 20:00:00,333.84946
2011-06-30 21:00:00,299.07858
2011-06-30 22:00:00,299.44714
2011-06-30 23:00:00,218.26582
2011-07-20 00:00:00,136.27817
2011-07-20 01:00:00,128.36772
2011-07-20 02:00:00,128.36772
2011-07-20 03:00:00,136.27817
2011-07-20 04:00:00,123.57078
2011-07-20 05:00:00,131.68977
2011-07-20 06:00:00,132.73056
2011-07-20 07:00:00,144.77525
2011-07-20 08:00:00,173.25452
2011-07-20 09:00:00,200.99583
2011-07-20 10:00:00,181.76416
2011-07-20 11:00:00,262.2435
2011-07-20 12:00:00,254.67946
2011-07-20 13:00:00,338.61362
2011-07-20 14:00:00,362.18494
2011-07-20 15:00:00,335.652
2011-07-20 16:00:00,279.32846
2011-07-20 17:00:00,338.1025
2011-07-20 18:00:00,352.56476
2011-07-20 19:00:00,312.49265
2011-07-20 20:00:00,282.5551
2011-07-20 21:00:00,297.03336
2011-07-20 22:00:00,277.17166
2011-07-20 23:00:00,248.20932
2011-07-21 00:00:00,239.33705
2011-07-21 01:00:00,198.24947
2011-07-21 02:00:00,198.24947
2011-07-21 03:00:00,190.3742
2011-07-21 04:00:00,159.01846
2011-07-21 05:00:00,159.01846
2011-07-21 06:00:00,159.01846
2011-07-21 07:00:00,172.14635
2011-07-21 08:00:00,218.9951
2011-07-21 09:00:00,291.2801
2011-07-21 10:00:00,325.99506
2011-07-21 11:00:00,398.06152
2011-07-21 12:00:00,429.4606
2011-07-21 13:00:00,414.79654
2011-07-21 14:00:00,451.07697
2011-07-21 15:00:00,403.52185
2011-07-21 16:00:00,423.72516
2011-07-21 17:00:00,426.36307
2011-07-21 18:00:00,412.16214
2011-07-21 19:00:00,383.61935
2011-07-21 20:00:00,334.92752
2011-07-21 21:00:00,312.71115
2011-07-21 22:00:00,302.16452
2011-07-21 23:00:00,277.68912
2011-07-22 00:00:00,302.12717
2011-07-22 01:00:00,225.48419
2011-07-22 02:00:00,222.44644
2011-07-22 03:00:00,224.13272
2011-07-22 04:00:00,204.18936
2011-07-22 05:00:00,170.61394
2011-07-22 06:00:00,200.55113
2011-07-22 07:00:00,278.82272
2011-07-22 08:00:00,330.97833
2011-07-22 09:00:00,305.86588
2011-07-22 10:00:00,343.7238
2011-07-22 11:00:00,345.87805
2011-07-22 12:00:00,386.8361
2011-07-22 13:00:00,390.55252
2011-07-22 14:00:00,451.19202
2011-07-22 15:00:00,446.34357
2011-07-22 16:00:00,436.71634
2011-07-22 17:00:00,340.82074
2011-07-22 18:00:00,369.21017
2011-07-22 19:00:00,364.62323
2011-07-22 20:00:00,279.32846
2011-07-22 21:00:00,282.1521
2011-07-22 22:00:00,324.2132
2011-07-22 23:00:00,311.8959
2011-07-23 00:00:00,340.14514
2011-07-23 01:00:00,365.63556
2011-07-23 02:00:00,361.40195
2011-07-23 03:00:00,274.64142
2011-07-23 04:00:00,257.77948
2011-07-23 05:00:00,285.63638
2011-07-23 06:00:00,362.71405
2011-07-23 07:00:00,352.00577
2011-07-23 08:00:00,440.59903
2011-07-23 09:00:00,402.68805
2011-07-23 10:00:00,449.23065
2011-07-23 11:00:00,456.41428
2011-07-23 12:00:00,469.1433
2011-07-23 13:00:00,472.3494
2011-07-23 14:00:00,471.69415
2011-07-23 15:00:00,481.2553
2011-07-23 16:00:00,472.20364
2011-07-23 17:00:00,472.20364
2011-07-23 18:00:00,472.92905
2011-07-23 19:00:00,369.16748
2011-07-23 20:00:00,383.96152
2011-07-23 21:00:00,383.96152
2011-07-23 22:00:00,359.5056
2011-07-23 23:00:00,329.1002
2011-07-24 00:00:00,329.1002
2011-07-24 01:00:00,277.3531
2011-07-24 02:00:00,308.7669
2011-07-24 03:00:00,308.7669
2011-07-24 04:00:00,277.3531
2011-07-24 05:00:00,274.64142
2011-07-24 06:00:00,326.43045
2011-07-24 07:00:00,342.06592
2011-07-24 08:00:00,408.29703
2011-07-24 09:00:00,427.96344
2011-07-24 10:00:00,478.11478
2011-07-24 11:00:00,430.9492
2011-07-24 12:00:00,444.4607
2011-07-24 13:00:00,438.40247
2011-07-24 14:00:00,461.14188
2011-07-24 15:00:00,473.36752
2011-07-24 16:00:00,473.36752
2011-07-24 17:00:00,455.80154
2011-07-24 18:00:00,439.69458
2011-07-24 19:00:00,414.82126
2011-07-24 20:00:00,402.68805
2011-07-24 21:00:00,325.94147
2011-07-24 22:00:00,248.91255
2011-07-24 23:00:00,240.83081
2011-07-25 00:00:00,196.54073
2011-07-25 01:00:00,211.72762
2011-07-25 02:00:00,180.94803
2011-07-25 03:00:00,159.33412
2011-07-25 04:00:00,146.38425
2011-07-25 05:00:00,146.38425
2011-07-25 06:00:00,157.12648
2011-07-25 07:00:00,174.40408
2011-07-25 08:00:00,191.26477
2011-07-25 09:00:00,218.51518
2011-07-25 10:00:00,254.67946
2011-07-25 11:00:00,348.8066
2011-07-25 12:00:00,348.8066
2011-07-25 13:00:00,213.58109
2011-07-25 14:00:00,197.8744
2011-07-25 15:00:00,213.84383
2011-07-25 16:00:00,167.60255
2011-07-25 17:00:00,170.16016
2011-07-25 18:00:00,191.54987
2011-07-25 19:00:00,200.99583
2011-07-25 20:00:00,195.01306
2011-07-25 21:00:00,128.36772
2011-07-25 22:00:00,128.36772
2011-07-25 23:00:00,133.84976
2011-07-26 00:00:00,148.35019
2011-07-26 01:00:00,148.35019
2011-07-26 02:00:00,128.00414
2011-07-26 03:00:00,132.85773
2011-07-26 04:00:00,138.95699
2011-07-26 05:00:00,120.73415
2011-07-26 06:00:00,161.53633
2011-07-26 07:00:00,263.47177
2011-07-26 08:00:00,296.6078
2011-07-26 09:00:00,341.1083
2011-07-26 10:00:00,347.93936
2011-07-26 11:00:00,348.33633
2011-07-26 12:00:00,345.4674
2011-07-26 13:00:00,369.92093
2011-07-26 14:00:00,356.5205
2011-07-26 15:00:00,359.418
2011-07-26 16:00:00,384.74698
2011-07-26 17:00:00,408.29373
2011-07-26 18:00:00,429.09518
2011-07-26 19:00:00,388.87927
2011-07-26 20:00:00,359.10284
2011-07-26 21:00:00,335.747
2011-07-26 22:00:00,274.94537
2011-07-26 23:00:00,257.4006
2011-07-27 00:00:00,311.3427
2011-07-27 01:00:00,321.21243
2011-07-27 02:00:00,344.56274
2011-07-27 03:00:00,266.1133
2011-07-27 04:00:00,303.38544
2011-07-27 05:00:00,302.34616
2011-07-27 06:00:00,288.5028
2011-07-27 07:00:00,334.716
2011-07-27 08:00:00,349.759
2011-07-27 09:00:00,354.89423
2011-07-27 10:00:00,339.14407
2011-07-27 11:00:00,347.3339
2011-07-27 12:00:00,356.3261
2011-07-27 13:00:00,378.91415
2011-07-27 14:00:00,333.78668
2011-07-27 15:00:00,331.09372
2011-07-27 16:00:00,322.3417
2011-07-27 17:00:00,321.8347
2011-07-27 18:00:00,332.45532
2011-07-27 19:00:00,332.80496
2011-07-27 20:00:00,334.56784
2011-07-27 21:00:00,268.9777
2011-07-27 22:00:00,253.81013
2011-07-27 23:00:00,271.6112
2011-07-28 00:00:00,270.96475
2011-07-28 01:00:00,235.07472
2011-07-28 02:00:00,253.43109
2011-07-28 03:00:00,216.0157
2011-07-28 04:00:00,225.62166
2011-07-28 05:00:00,205.11937
2011-07-28 06:00:00,182.53116
2011-07-28 07:00:00,214.33313
2011-07-28 08:00:00,240.39507
2011-07-28 09:00:00,308.12476
2011-07-28 10:00:00,357.78363
2011-07-28 11:00:00,383.44678
2011-07-28 12:00:00,369.1985
2011-07-28 13:00:00,376.0832
2011-07-28 14:00:00,380.8713
2011-07-28 15:00:00,348.0076
2011-07-28 16:00:00,339.19568
2011-07-28 17:00:00,338.79474
2011-07-28 18:00:00,352.832
2011-07-28 19:00:00,329.16864
2011-07-28 20:00:00,311.8959
2011-07-28 21:00:00,304.70108
2011-07-28 22:00:00,263.53693
2011-07-28 23:00:00,230.76923
2011-07-29 00:00:00,186.09422
2011-07-29 01:00:00,177.75887
2011-07-29 02:00:00,159.33412
2011-07-29 03:00:00,159.33412
2011-07-29 04:00:00,155.35472
2011-07-29 05:00:00,139.98224
2011-07-29 06:00:00,153.05206
2011-07-29 07:00:00,180.94803
2011-07-29 08:00:00,197.00217
2011-07-29 09:00:00,376.0832
2011-07-29 10:00:00,404.42844
2011-07-29 11:00:00,417.73956
2011-07-29 12:00:00,370.30518
2011-07-29 13:00:00,368.98715
2011-07-29 14:00:00,358.42056
2011-07-29 15:00:00,359.03098
2011-07-29 16:00:00,393.26334
2011-07-29 17:00:00,368.9178
2011-07-29 18:00:00,413.88882
2011-07-29 19:00:00,384.0688
2011-07-29 20:00:00,409.78738
2011-07-29 21:00:00,326.5427
2011-07-29 22:00:00,344.15433
2011-07-29 23:00:00,274.34232
2011-07-30 00:00:00,342.89548
2011-07-30 01:00:00,310.02695
2011-07-30 02:00:00,316.42465
2011-07-30 03:00:00,272.61234
2011-07-30 04:00:00,237.5673
2011-07-30 05:00:00,244.2821
2011-07-30 06:00:00,247.62381
2011-07-30 07:00:00,278.6943
2011-07-30 08:00:00,345.113
2011-07-30 09:00:00,459.52438
2011-07-30 10:00:00,466.21844
2011-07-30 11:00:00,433.6217
2011-07-30 12:00:00,433.27383
2011-07-30 13:00:00,447.77
2011-07-30 14:00:00,452.80637
2011-07-30 15:00:00,444.5691
2011-07-30 16:00:00,422.72766
2011-07-30 17:00:00,438.83563
2011-07-30 18:00:00,422.61472
2011-07-30 19:00:00,423.8852
2011-07-30 20:00:00,401.5172
2011-07-30 21:00:00,387.37143
2011-07-30 22:00:00,338.33807
2011-07-30 23:00:00,310.027
2011-07-31 00:00:00,310.02695
2011-07-31 01:00:00,258.84756
2011-07-31 02:00:00,234.80511
2011-07-31 03:00:00,219.30838
2011-07-31 04:00:00,186.53867
2011-07-31 05:00:00,192.93842
2011-07-31 06:00:00,196.12646
2011-07-31 07:00:00,297.5241
2011-07-31 08:00:00,347.5103
2011-07-31 09:00:00,365.306
2011-07-31 10:00:00,432.46054
2011-07-31 11:00:00,422.26416
2011-07-31 12:00:00,415.26102
2011-07-31 13:00:00,416.02008
2011-07-31 14:00:00,413.84775
2011-07-31 15:00:00,387.47513
2011-07-31 16:00:00,384.60965
2011-07-31 17:00:00,387.67297
2011-07-31 18:00:00,470.8511
2011-07-31 19:00:00,405.3916
2011-07-31 20:00:00,405.3916
2011-07-31 21:00:00,359.4623
2011-07-31 22:00:00,258.7838
2011-07-31 23:00:00,267.00403
2011-08-20 00:00:00,97.70343
2011-08-20 01:00:00,103.40778
2011-08-20 02:00:00,108.96569
2011-08-20 03:00:00,108.96569
2011-08-20 04:00:00,101.953804
2011-08-20 05:00:00,101.17576
2011-08-20 06:00:00,121.00605
2011-08-20 07:00:00,103.40778
2011-08-20 08:00:00,156.95056
2011-08-20 09:00:00,201.0258
2011-08-20 10:00:00,256.37067
2011-08-20 11:00:00,256.49713
2011-08-20 12:00:00,297.5241
2011-08-20 13:00:00,329.5649
2011-08-20 14:00:00,399.41138
2011-08-20 15:00:00,414.20953
2011-08-20 16:00:00,404.83823
2011-08-20 17:00:00,399.41138
2011-08-20 18:00:00,339.09546
2011-08-20 19:00:00,279.72086
2011-08-20 20:00:00,286.9955
2011-08-20 21:00:00,228.6017
2011-08-20 22:00:00,197.23604
2011-08-20 23:00:00,168.89497
2011-08-21 00:00:00,186.79167
2011-08-21 01:00:00,161.77328
2011-08-21 02:00:00,152.5418
2011-08-21 03:00:00,144.75584
2011-08-21 04:00:00,152.78242
2011-08-21 05:00:00,151.2299
2011-08-21 06:00:00,148.08662
2011-08-21 07:00:00,175.46089
2011-08-21 08:00:00,173.51721
2011-08-21 09:00:00,212.63829
2011-08-21 10:00:00,231.4195
2011-08-21 11:00:00,356.20782
2011-08-21 12:00:00,395.35263
2011-08-21 13:00:00,401.62857
2011-08-21 14:00:00,216.64641
2011-08-21 15:00:00,177.79787
2011-08-21 16:00:00,168.85934
2011-08-21 17:00:00,160.20457
2011-08-21 18:00:00,196.88142
2011-08-21 19:00:00,237.06099
2011-08-21 20:00:00,182.63069
2011-08-21 21:00:00,182.63069
2011-08-21 22:00:00,173.05925
2011-08-21 23:00:00,177.62828
2011-08-22 00:00:00,153.17589
2011-08-22 01:00:00,137.08067
2011-08-22 02:00:00,219.50233
2011-08-22 03:00:00,240.17201
2011-08-22 04:00:00,223.7296
2011-08-22 05:00:00,247.43428
2011-08-22 06:00:00,254.02124
2011-08-22 07:00:00,258.9847
2011-08-22 08:00:00,258.9847
2011-08-22 09:00:00,286.6357
2011-08-22 10:00:00,332.01282
2011-08-22 11:00:00,383.11456
2011-08-22 12:00:00,408.30615
2011-08-22 13:00:00,408.6936
2011-08-22 14:00:00,392.73755
2011-08-22 15:00:00,360.96878
2011-08-22 16:00:00,392.73755
2011-08-22 17:00:00,355.01184
2011-08-22 18:00:00,353.63715
2011-08-22 19:00:00,356.99307
2011-08-22 20:00:00,325.5861
2011-08-22 21:00:00,318.9343
2011-08-22 22:00:00,363.945
2011-08-22 23:00:00,338.4825
2011-08-23 00:00:00,310.7043
2011-08-23 01:00:00,249.42738
2011-08-23 02:00:00,227.52245
2011-08-23 03:00:00,240.39076
2011-08-23 04:00:00,204.79417
2011-08-23 05:00:00,206.0015
2011-08-23 06:00:00,188.77867
2011-08-23 07:00:00,283.8481
2011-08-23 08:00:00,239.69032
2011-08-23 09:00:00,281.85794
2011-08-23 10:00:00,300.982
2011-08-23 11:00:00,305.94608
2011-08-23 12:00:00,282.3535
2011-08-23 13:00:00,323.10858
2011-08-23 14:00:00,323.51135
2011-08-23 15:00:00,342.31573
2011-08-23 16:00:00,318.08994
2011-08-23 17:00:00,342.31573
2011-08-23 18:00:00,332.98074
2011-08-23 19:00:00,289.78873
2011-08-23 20:00:00,280.46658
2011-08-23 21:00:00,192.08372
2011-08-23 22:00:00,233.49927
2011-08-23 23:00:00,208.38971
2011-08-24 00:00:00,233.49927
2011-08-24 01:00:00,205.5634
2011-08-24 02:00:00,154.5403
2011-08-24 03:00:00,154.5403
2011-08-24 04:00:00,127.42498
2011-08-24 05:00:00,127.42498
2011-08-24 06:00:00,125.38338
2011-08-24 07:00:00,187.67003
2011-08-24 08:00:00,172.02795
2011-08-24 09:00:00,204.88371
2011-08-24 10:00:00,285.20248
2011-08-24 11:00:00,315.24606
2011-08-24 12:00:00,327.047
2011-08-24 13:00:00,384.3075
2011-08-24 14:00:00,384.3075
2011-08-24 15:00:00,389.51367
2011-08-24 16:00:00,371.21866
2011-08-24 17:00:00,359.2554
2011-08-24 18:00:00,319.90372
2011-08-24 19:00:00,319.90372
2011-08-24 20:00:00,297.5207
2011-08-24 21:00:00,284.74033
2011-08-24 22:00:00,265.11694
2011-08-24 23:00:00,230.11096
2011-08-25 00:00:00,210.0897
2011-08-25 01:00:00,245.16966
2011-08-25 02:00:00,245.16966
2011-08-25 03:00:00,208.92784
2011-08-25 04:00:00,208.85483
2011-08-25 05:00:00,202.83417
2011-08-25 06:00:00,182.65988
2011-08-25 07:00:00,204.30492
2011-08-25 08:00:00,230.58183
2011-08-25 09:00:00,253.55167
2011-08-25 10:00:00,281.2625
2011-08-25 11:00:00,176.31017
2011-08-25 12:00:00,176.31017
2011-08-25 13:00:00,148.35019
2011-08-25 14:00:00,183.8074
2011-08-25 15:00:00,191.3818
2011-08-25 16:00:00,139.98224
2011-08-25 17:00:00,139.98224
2011-08-25 18:00:00,164.84096
2011-08-25 19:00:00,196.91893
2011-08-25 20:00:00,196.18819
2011-08-25 21:00:00,176.67918
2011-08-25 22:00:00,112.313156
2011-08-25 23:00:00,120.59878
2011-08-26 00:00:00,127.7125
2011-08-26 01:00:00,112.313156
2011-08-26 02:00:00,123.37037
2011-08-26 03:00:00,117.49145
2011-08-26 04:00:00,108.46391
2011-08-26 05:00:00,112.74431
2011-08-26 06:00:00,108.46391
2011-08-26 07:00:00,112.86039
2011-08-26 08:00:00,127.15748
2011-08-26 09:00:00,162.27829
2011-08-26 10:00:00,219.63841
2011-08-26 11:00:00,214.69406
2011-08-26 12:00:00,250.52184
2011-08-26 13:00:00,276.04395
2011-08-26 14:00:00,238.44469
2011-08-26 15:00:00,327.3392
2011-08-26 16:00:00,256.73245
2011-08-26 17:00:00,237.22821
2011-08-26 18:00:00,213.58109
2011-08-26 19:00:00,161.7174
2011-08-26 20:00:00,159.01237
2011-08-26 21:00:00,178.12517
2011-08-26 22:00:00,161.71742
2011-08-26 23:00:00,133.84976
2011-08-27 00:00:00,129.2369
2011-08-27 01:00:00,142.25784
2011-08-27 02:00:00,150.51517
2011-08-27 03:00:00,164.39604
2011-08-27 04:00:00,164.39604
2011-08-27 05:00:00,185.73328
2011-08-27 06:00:00,185.73328
2011-08-27 07:00:00,200.30507
2011-08-27 08:00:00,172.97559
2011-08-27 09:00:00,209.6371
2011-08-27 10:00:00,229.15436
2011-08-27 11:00:00,165.29169
2011-08-27 12:00:00,195.00288
2011-08-27 13:00:00,181.15598
2011-08-27 14:00:00,179.36829
2011-08-27 15:00:00,179.36829
2011-08-27 16:00:00,174.13069
2011-08-27 17:00:00,220.6513
2011-08-28 07:00:00,163.04712
2011-08-28 08:00:00,170.36613
2011-08-28 09:00:00,219.04747
2011-08-28 10:00:00,319.8837
2011-08-28 11:00:00,317.09213
2011-08-28 12:00:00,384.10672
2011-08-28 13:00:00,431.4407
2011-08-28 14:00:00,460.1398
2011-08-28 15:00:00,455.1672
2011-08-28 16:00:00,489.34512
2011-08-28 17:00:00,451.4198
2011-08-28 18:00:00,410.2117
2011-08-28 19:00:00,338.0249
2011-08-28 20:00:00,347.8612
2011-08-28 21:00:00,222.85121
2011-08-28 22:00:00,154.24884
2011-08-28 23:00:00,127.841385
2011-08-29 00:00:00,143.4061
2011-08-29 01:00:00,159.7455
2011-08-29 02:00:00,179.92395
2011-08-29 03:00:00,159.7455
2011-08-29 04:00:00,148.74576
2011-08-29 05:00:00,130.80753
2011-08-29 06:00:00,130.80753
2011-08-29 07:00:00,232.44846
2011-08-29 08:00:00,258.75882
2011-08-29 09:00:00,278.0718
2011-08-29 10:00:00,305.8787
2011-08-29 11:00:00,286.1705
2011-08-29 12:00:00,308.73727
2011-08-29 13:00:00,316.14096
2011-08-29 14:00:00,275.8565
2011-08-29 15:00:00,299.44714
2011-08-29 16:00:00,302.9578
2011-08-29 17:00:00,326.05753
2011-08-29 18:00:00,311.53345
2011-08-29 19:00:00,311.53345
2011-08-29 20:00:00,262.56232
2011-08-29 21:00:00,268.2389
2011-08-29 22:00:00,233.49927
2011-08-29 23:00:00,203.40851
2011-08-30 00:00:00,130.80753
2011-08-30 01:00:00,145.9205
2011-08-30 02:00:00,124.63666
2011-08-30 03:00:00,140.38208
2011-08-30 04:00:00,125.92835
2011-08-30 05:00:00,114.5238
2011-08-30 06:00:00,124.63666
2011-08-30 07:00:00,148.74576
2011-08-30 08:00:00,233.49927
2011-08-30 09:00:00,289.78873
2011-08-30 10:00:00,332.50076
2011-08-30 11:00:00,327.70422
2011-08-30 12:00:00,307.0427
2011-08-30 13:00:00,311.40036
2011-08-30 14:00:00,324.22903
2011-08-30 15:00:00,341.02612
2011-08-30 16:00:00,318.14725
2011-08-30 17:00:00,317.3196
2011-08-30 18:00:00,294.53943
2011-08-30 19:00:00,245.2813
2011-08-30 20:00:00,218.26582
2011-08-30 21:00:00,185.76701
2011-08-30 22:00:00,183.08626
2011-08-30 23:00:00,183.08626
2011-08-31 00:00:00,157.62395
2011-08-31 01:00:00,157.62395
2011-08-31 02:00:00,125.38338
2011-08-31 03:00:00,109.80666
2011-08-31 04:00:00,125.38338
2011-08-31 05:00:00,113.21521
2011-08-31 06:00:00,108.41443
2011-08-31 07:00:00,120.24208
2011-08-31 08:00:00,162.50761
2011-08-31 09:00:00,166.52324
2011-08-31 10:00:00,267.4747
2011-08-31 11:00:00,291.22116
2011-08-31 12:00:00,293.51627
2011-08-31 13:00:00,302.57727
2011-08-31 14:00:00,298.22522
2011-08-31 15:00:00,298.22522
2011-08-31 16:00:00,296.54257
2011-08-31 17:00:00,283.4197
2011-08-31 18:00:00,303.6052
2011-08-31 19:00:00,368.3975
2011-08-31 20:00:00,237.41502
2011-08-31 21:00:00,206.84984
2011-08-31 22:00:00,163.19923
2011-08-31 23:00:00,126.16463
2011-09-20 00:00:00,146.4584
2011-09-20 01:00:00,124.86113
2011-09-20 02:00:00,124.86113
2011-09-20 03:00:00,137.07506
2011-09-20 04:00:00,125.473564
2011-09-20 05:00:00,128.96227
2011-09-20 06:00:00,128.96227
2011-09-20 07:00:00,124.86113
2011-09-20 08:00:00,128.82088
2011-09-20 09:00:00,128.27638
2011-09-20 10:00:00,131.30173
2011-09-20 11:00:00,131.30173
2011-09-20 12:00:00,124.243004
2011-09-20 13:00:00,121.03755
2011-09-20 14:00:00,133.9499
2011-09-20 15:00:00,140.65245
2011-09-20 16:00:00,135.19096
2011-09-20 17:00:00,120.71464
2011-09-20 18:00:00,120.71464
2011-09-20 19:00:00,105.80823
2011-09-20 20:00:00,101.9464
2011-09-20 21:00:00,101.9464
2011-09-20 22:00:00,101.9464
2011-09-20 23:00:00,101.9464
2011-09-21 00:00:00,99.062294
2011-09-21 01:00:00,99.98994
2011-09-21 02:00:00,99.98994
2011-09-21 03:00:00,113.79395
2011-09-21 04:00:00,117.19213
2011-09-21 05:00:00,120.54116
2011-09-21 06:00:00,123.40016
2011-09-21 07:00:00,123.40016
2011-09-21 08:00:00,113.469864
2011-09-21 09:00:00,113.95619
2011-09-21 10:00:00,110.72006
2011-09-21 11:00:00,137.83304
2011-09-21 12:00:00,140.66867
2011-09-21 13:00:00,179.77016
2011-09-21 14:00:00,185.6328
2011-09-21 15:00:00,167.7972
2011-09-21 16:00:00,167.7972
2011-09-21 17:00:00,195.28517
2011-09-21 18:00:00,144.97548
2011-09-21 19:00:00,113.70892
2011-09-21 20:00:00,113.70892
2011-09-21 21:00:00,111.43131
2011-09-21 22:00:00,109.320755
2011-09-21 23:00:00,113.08429
2011-09-22 00:00:00,113.08429
2011-09-22 01:00:00,115.04039
2011-09-22 02:00:00,116.82931
2011-09-22 03:00:00,115.04039
2011-09-22 04:00:00,115.04039
2011-09-22 05:00:00,116.82931
2011-09-22 06:00:00,116.60607
2011-09-22 07:00:00,113.09547
2011-09-22 08:00:00,120.07114
2011-09-22 09:00:00,131.2614
2011-09-22 10:00:00,143.68097
2011-09-22 11:00:00,138.51372
2011-09-22 12:00:00,143.59546
2011-09-22 13:00:00,150.57405
2011-09-22 14:00:00,158.30582
2011-09-22 15:00:00,164.00365
2011-09-22 16:00:00,180.3512
2011-09-22 17:00:00,145.64433
2011-09-22 18:00:00,128.45982
2011-09-22 19:00:00,123.08338
2011-09-22 20:00:00,123.7107
2011-09-22 21:00:00,123.08338
2011-09-22 22:00:00,113.593025
2011-09-22 23:00:00,109.320755
2011-09-23 00:00:00,135.54086
2011-09-23 01:00:00,111.70749
2011-09-23 02:00:00,122.91175
2011-09-23 03:00:00,111.70749
2011-09-23 04:00:00,116.37379
2011-09-23 05:00:00,123.28318
2011-09-23 06:00:00,135.54086
2011-09-23 07:00:00,149.31789
2011-09-23 08:00:00,149.31789
2011-09-23 09:00:00,135.32344
2011-09-23 10:00:00,130.96542
2011-09-23 11:00:00,130.96542
2011-09-23 12:00:00,147.78209
2011-09-23 13:00:00,125.90295
2011-09-23 14:00:00,125.90295
2011-09-23 15:00:00,147.78206
2011-09-23 16:00:00,136.93082
2011-09-23 17:00:00,111.70749
2011-09-23 18:00:00,107.77135
2011-09-23 19:00:00,134.52786
2011-09-23 20:00:00,111.38801
2011-09-23 21:00:00,126.78547
2011-09-23 22:00:00,134.02866
2011-09-23 23:00:00,132.61081
2011-09-24 00:00:00,112.34066
2011-09-24 01:00:00,119.86065
2011-09-24 02:00:00,119.86065
2011-09-24 03:00:00,104.94183
2011-09-24 04:00:00,114.743034
2011-09-24 05:00:00,119.10382
2011-09-24 06:00:00,119.10382
2011-09-24 07:00:00,128.02507
2011-09-24 08:00:00,125.1485
2011-09-24 09:00:00,129.87572
2011-09-24 10:00:00,129.87572
2011-09-24 11:00:00,154.30838
2011-09-24 12:00:00,154.30838
2011-09-24 13:00:00,161.5563
2011-09-24 14:00:00,213.57437
2011-09-24 15:00:00,213.57437
2011-09-24 16:00:00,182.07985
2011-09-24 17:00:00,190.20699
2011-09-24 18:00:00,160.87686
2011-09-24 19:00:00,110.95974
2011-09-24 20:00:00,127.66639
2011-09-24 21:00:00,136.48729
2011-09-24 22:00:00,122.09165
2011-09-24 23:00:00,129.87572
2011-09-25 00:00:00,117.35786
2011-09-25 01:00:00,132.1348
2011-09-25 02:00:00,111.301094
2011-09-25 03:00:00,111.301094
2011-09-25 04:00:00,129.12204
2011-09-25 05:00:00,120.608116
2011-09-25 06:00:00,132.1348
2011-09-25 07:00:00,123.16525
2011-09-25 08:00:00,122.09165
2011-09-25 09:00:00,153.43796
2011-09-25 10:00:00,153.43796
2011-09-25 11:00:00,186.84181
2011-09-25 12:00:00,191.64885
2011-09-25 13:00:00,226.52853
2011-09-25 14:00:00,191.64885
2011-09-25 15:00:00,191.64885
2011-09-25 16:00:00,236.36722
2011-09-25 17:00:00,201.73436
2011-09-25 18:00:00,201.73436
2011-09-25 19:00:00,139.48273
2011-09-25 20:00:00,137.90085
2011-09-25 21:00:00,116.304245
2011-09-25 22:00:00,122.9869
2011-09-25 23:00:00,123.35957
2011-09-26 00:00:00,123.28318
2011-09-26 01:00:00,156.52505
2011-09-26 02:00:00,156.52505
2011-09-26 03:00:00,123.28319
2011-09-26 04:00:00,135.54086
2011-09-26 05:00:00,148.21933
2011-09-26 06:00:00,135.54086
2011-09-26 07:00:00,123.28318
2011-09-26 08:00:00,123.28318
2011-09-26 09:00:00,159.86522
2011-09-26 10:00:00,159.86522
2011-09-26 11:00:00,203.10185
2011-09-26 12:00:00,216.33742
2011-09-26 13:00:00,251.0606
2011-09-26 14:00:00,250.02403
2011-09-26 15:00:00,293.7824
2011-09-26 16:00:00,271.41376
2011-09-26 17:00:00,246.93102
2011-09-26 18:00:00,167.6214
2011-09-26 19:00:00,171.83699
2011-09-26 20:00:00,143.711
2011-09-26 21:00:00,143.711
2011-09-26 22:00:00,134.52786
2011-09-26 23:00:00,134.52786
2011-09-27 00:00:00,134.52786
2011-09-27 01:00:00,138.22513
2011-09-27 02:00:00,129.76392
2011-09-27 03:00:00,123.28318
2011-09-27 04:00:00,146.59023
2011-09-27 05:00:00,146.59023
2011-09-27 06:00:00,138.22417
2011-09-27 07:00:00,138.22417
2011-09-27 08:00:00,156.55917
2011-09-27 09:00:00,169.83685
2011-09-27 10:00:00,154.75574
2011-09-27 11:00:00,160.32161
2011-09-27 12:00:00,159.7419
2011-09-27 13:00:00,254.4284
2011-09-27 14:00:00,212.40636
2011-09-27 15:00:00,193.17368
2011-09-27 16:00:00,187.00816
2011-09-27 17:00:00,162.65656
2011-09-27 18:00:00,163.3327
2011-09-27 19:00:00,156.30225
2011-09-27 20:00:00,185.78291
2011-09-27 21:00:00,150.83513
2011-09-27 22:00:00,137.78305
2011-09-27 23:00:00,137.78305
2011-09-28 00:00:00,125.24598
2011-09-28 01:00:00,125.24598
2011-09-28 02:00:00,157.96884
2011-09-28 03:00:00,129.57281
2011-09-28 04:00:00,125.24598
2011-09-28 05:00:00,117.88508
2011-09-28 06:00:00,146.47112
2011-09-28 07:00:00,146.47112
2011-09-28 08:00:00,155.35428
2011-09-28 09:00:00,155.35428
2011-09-28 10:00:00,123.28318
2011-09-28 11:00:00,186.41145
2011-09-28 12:00:00,214.92491
2011-09-28 13:00:00,244.37361
2011-09-28 14:00:00,303.27704
2011-09-28 15:00:00,246.93102
2011-09-28 16:00:00,253.13066
2011-09-28 17:00:00,255.11378
2011-09-28 18:00:00,203.15549
2011-09-28 19:00:00,203.15547
2011-09-28 20:00:00,187.75766
2011-09-28 21:00:00,167.83978
2011-09-28 22:00:00,137.78305
2011-09-28 23:00:00,130.63467
2011-09-29 00:00:00,137.4701
2011-09-29 01:00:00,134.70937
2011-09-29 02:00:00,134.70937
2011-09-29 03:00:00,142.60083
2011-09-29 04:00:00,156.43858
2011-09-29 05:00:00,152.9887
2011-09-29 06:00:00,153.30766
2011-09-29 07:00:00,141.40424
2011-09-29 08:00:00,150.83513
2011-09-29 09:00:00,193.02354
2011-09-29 10:00:00,260.65482
2011-09-29 11:00:00,275.14838
2011-09-29 12:00:00,280.98068
2011-09-29 13:00:00,279.75153
2011-09-29 14:00:00,344.72476
2011-09-29 15:00:00,389.1324
2011-09-29 16:00:00,404.99066
2011-09-29 17:00:00,357.69147
2011-09-29 18:00:00,375.6431
2011-09-29 19:00:00,311.24307
2011-09-29 20:00:00,301.72723
2011-09-29 21:00:00,260.32462
2011-09-29 22:00:00,219.24672
2011-09-29 23:00:00,166.72777
2011-09-30 00:00:00,143.98878
2011-09-30 01:00:00,167.54597
2011-09-30 02:00:00,143.98878
2011-09-30 03:00:00,143.9888
2011-09-30 04:00:00,148.9318
2011-09-30 05:00:00,148.93181
2011-09-30 06:00:00,152.60512
2011-09-30 07:00:00,152.60512
2011-09-30 08:00:00,168.69812
2011-09-30 09:00:00,189.24393
2011-09-30 10:00:00,247.91765
2011-09-30 11:00:00,289.12296
2011-09-30 12:00:00,313.84586
2011-09-30 13:00:00,368.70328
2011-09-30 14:00:00,363.7064
2011-09-30 15:00:00,336.23816
2011-09-30 16:00:00,314.25714
2011-09-30 17:00:00,315.97577
2011-09-30 18:00:00,313.51947
2011-09-30 19:00:00,279.23474
2011-09-30 20:00:00,279.23474
2011-09-30 21:00:00,271.3262
2011-09-30 22:00:00,258.30585
2011-09-30 23:00:00,258.30585
2011-10-20 00:00:00,152.45985
2011-10-20 01:00:00,169.74976
2011-10-20 02:00:00,178.40251
2011-10-20 03:00:00,173.81174
2011-10-20 04:00:00,173.81174
2011-10-20 05:00:00,159.21756
2011-10-20 06:00:00,150.63715
2011-10-20 07:00:00,158.49748
2011-10-20 08:00:00,199.71872
2011-10-20 09:00:00,208.95929
2011-10-20 10:00:00,219.4246
2011-10-20 11:00:00,248.45494
2011-10-20 12:00:00,268.85132
2011-10-20 13:00:00,282.32285
2011-10-20 14:00:00,261.264
2011-10-20 15:00:00,256.72107
2011-10-20 16:00:00,256.72107
2011-10-20 17:00:00,275.80936
2011-10-20 18:00:00,262.61807
2011-10-20 19:00:00,254.06136
2011-10-20 20:00:00,255.91159
2011-10-20 21:00:00,248.4281
2011-10-20 22:00:00,246.84035
2011-10-20 23:00:00,213.03577
2011-10-21 00:00:00,187.96461
2011-10-21 01:00:00,190.2316
2011-10-21 02:00:00,170.35515
2011-10-21 03:00:00,134.93324
2011-10-21 04:00:00,137.21599
2011-10-21 05:00:00,123.299164
2011-10-21 06:00:00,137.21599
2011-10-21 07:00:00,137.21599
2011-10-21 08:00:00,194.61322
2011-10-21 09:00:00,247.13573
2011-10-21 10:00:00,276.80566
2011-10-21 11:00:00,305.37543
2011-10-21 12:00:00,296.1002
2011-10-21 13:00:00,274.39124
2011-10-21 14:00:00,323.41193
2011-10-21 15:00:00,297.57602
2011-10-21 16:00:00,301.66812
2011-10-21 17:00:00,270.3759
2011-10-21 18:00:00,250.71655
2011-10-21 19:00:00,228.02896
2011-10-21 20:00:00,257.0412
2011-10-21 21:00:00,225.4225
2011-10-21 22:00:00,247.72314
2011-10-21 23:00:00,190.2316
2011-10-22 00:00:00,166.03488
2011-10-22 01:00:00,166.03488
2011-10-22 02:00:00,164.68335
2011-10-22 03:00:00,173.56554
2011-10-22 04:00:00,147.28835
2011-10-22 05:00:00,136.15526
2011-10-22 06:00:00,99.099785
2011-10-22 07:00:00,100.4479
2011-10-22 08:00:00,114.90748
2011-10-22 09:00:00,161.12657
2011-10-22 10:00:00,208.96724
2011-10-22 11:00:00,208.96724
2011-10-22 12:00:00,240.61339
2011-10-22 13:00:00,328.13004
2011-10-22 14:00:00,293.1755
2011-10-22 15:00:00,257.86453
2011-10-22 16:00:00,321.23944
2011-10-22 17:00:00,237.13353
2011-10-22 18:00:00,239.89767
2011-10-22 19:00:00,155.64085
2011-10-22 20:00:00,147.8238
2011-10-22 21:00:00,94.76395
2011-10-22 22:00:00,94.76395
2011-10-22 23:00:00,87.27447
2011-10-23 00:00:00,84.593056
2011-10-23 01:00:00,84.593056
2011-10-23 02:00:00,88.91877
2011-10-23 03:00:00,83.03481
2011-10-23 04:00:00,83.03481
2011-10-23 05:00:00,81.41051
2011-10-23 06:00:00,88.57669
2011-10-23 07:00:00,88.91877
2011-10-23 08:00:00,94.108025
2011-10-23 09:00:00,94.76395
2011-10-23 10:00:00,136.06425
2011-10-23 11:00:00,143.13364
2011-10-23 12:00:00,217.82542
2011-10-23 13:00:00,254.17172
2011-10-23 14:00:00,249.97368
2011-10-23 15:00:00,279.76578
2011-10-23 16:00:00,254.17172
2011-10-23 17:00:00,201.20256
2011-10-23 18:00:00,202.25032
2011-10-23 19:00:00,107.89194
2011-10-23 20:00:00,139.9408
2011-10-23 21:00:00,139.9408
2011-10-23 22:00:00,114.181175
2011-10-23 23:00:00,124.55423
2011-10-24 00:00:00,123.83194
2011-10-24 01:00:00,122.06599
2011-10-24 02:00:00,109.10809
2011-10-24 03:00:00,113.87895
2011-10-24 04:00:00,101.2333
2011-10-24 05:00:00,95.44913
2011-10-24 06:00:00,109.10809
2011-10-24 07:00:00,107.40331
2011-10-24 08:00:00,125.52938
2011-10-24 09:00:00,140.44588
2011-10-24 10:00:00,147.86826
2011-10-24 11:00:00,194.1464
2011-10-24 12:00:00,226.3716
2011-10-24 13:00:00,245.45714
2011-10-24 14:00:00,248.27213
2011-10-24 15:00:00,260.77182
2011-10-24 16:00:00,231.50803
2011-10-24 17:00:00,204.86569
2011-10-24 18:00:00,255.93857
2011-10-24 19:00:00,156.15367
2011-10-24 20:00:00,136.95107
2011-10-24 21:00:00,119.39136
2011-10-24 22:00:00,161.60869
2011-10-24 23:00:00,152.8385
2011-10-25 00:00:00,145.58514
2011-10-25 01:00:00,145.58514
2011-10-25 02:00:00,126.31139
2011-10-25 03:00:00,97.281334
2011-10-25 04:00:00,110.90801
2011-10-25 05:00:00,110.90801
2011-10-25 06:00:00,112.76313
2011-10-25 07:00:00,140.98604
2011-10-25 08:00:00,158.22421
2011-10-25 09:00:00,255.01521
2011-10-25 10:00:00,274.27396
2011-10-25 11:00:00,290.1926
2011-10-25 12:00:00,347.8648
2011-10-25 13:00:00,366.3224
2011-10-25 14:00:00,355.57068
2011-10-25 15:00:00,341.57794
2011-10-25 16:00:00,367.49393
2011-10-25 17:00:00,341.57794
2011-10-25 18:00:00,325.64047
2011-10-25 19:00:00,195.1364
2011-10-25 20:00:00,196.92793
2011-10-25 21:00:00,167.5843
2011-10-25 22:00:00,188.937
2011-10-25 23:00:00,167.5843
2011-10-26 00:00:00,161.61366
2011-10-26 01:00:00,181.16449
2011-10-26 02:00:00,185.37889
2011-10-26 03:00:00,181.54523
2011-10-26 04:00:00,161.57927
2011-10-26 05:00:00,159.57774
2011-10-26 06:00:00,159.57774
2011-10-26 07:00:00,160.88931
2011-10-26 08:00:00,195.41582
2011-10-26 09:00:00,227.45563
2011-10-26 10:00:00,242.57356
2011-10-26 11:00:00,242.3492
2011-10-26 12:00:00,319.3746
2011-10-26 13:00:00,297.25067
2011-10-26 14:00:00,178.46127
2011-10-26 15:00:00,178.46127
2011-10-26 16:00:00,185.15695
2011-10-26 17:00:00,184.09222
2011-10-26 18:00:00,162.51051
2011-10-26 19:00:00,126.49579
2011-10-26 20:00:00,109.021965
2011-10-26 21:00:00,178.46127
2011-10-26 22:00:00,126.279884
2011-10-26 23:00:00,126.279884
2011-10-27 00:00:00,101.14314
2011-10-27 01:00:00,101.14314
2011-10-27 02:00:00,110.19738
2011-10-27 03:00:00,110.19739
2011-10-27 04:00:00,124.41512
2011-10-27 05:00:00,134.70345
2011-10-27 06:00:00,164.48773
2011-10-27 07:00:00,114.38344
2011-10-27 08:00:00,142.55621
2011-10-27 09:00:00,153.39561
2011-10-27 10:00:00,146.43187
2011-10-27 11:00:00,144.56657
2011-10-27 12:00:00,144.56657
2011-10-27 13:00:00,139.99075
2011-10-27 14:00:00,147.16132
2011-10-27 15:00:00,159.14447
2011-10-27 16:00:00,207.50548
2011-10-27 17:00:00,196.24658
2011-10-27 18:00:00,202.76686
2011-10-27 19:00:00,189.03589
2011-10-27 20:00:00,189.07857
2011-10-27 21:00:00,199.68288
2011-10-27 22:00:00,162.60954
2011-10-27 23:00:00,158.99657
2011-10-28 00:00:00,140.3209
2011-10-28 01:00:00,133.76721
2011-10-28 02:00:00,132.32326
2011-10-28 03:00:00,118.08569
2011-10-28 04:00:00,128.14798
2011-10-28 05:00:00,137.46213
2011-10-28 06:00:00,122.98723
2011-10-28 07:00:00,122.98723
2011-10-28 08:00:00,138.66109
2011-10-28 09:00:00,166.74478
2011-10-28 10:00:00,175.62982
2011-10-28 11:00:00,227.9657
2011-10-28 12:00:00,314.4292
2011-10-28 13:00:00,290.5434
2011-10-28 14:00:00,268.41812
2011-10-28 15:00:00,259.08923
2011-10-28 16:00:00,277.34955
2011-10-28 17:00:00,263.9788
2011-10-28 18:00:00,237.47145
2011-10-28 19:00:00,263.9788
2011-10-28 20:00:00,157.89388
2011-10-28 21:00:00,133.3644
2011-10-28 22:00:00,104.673
2011-10-28 23:00:00,97.698135
2011-10-29 00:00:00,76.2268
2011-10-29 01:00:00,79.42503
2011-10-29 02:00:00,79.42503
2011-10-29 03:00:00,86.104294
2011-10-29 04:00:00,86.104294
2011-10-29 05:00:00,71.12412
2011-10-29 06:00:00,73.110466
2011-10-29 07:00:00,73.110466
2011-10-29 08:00:00,77.21052
2011-10-29 09:00:00,77.21052
2011-10-29 10:00:00,70.11311
2011-10-29 11:00:00,71.43673
2011-10-29 12:00:00,72.04535
2011-10-29 13:00:00,73.596985
2011-10-29 14:00:00,70.109024
2011-10-29 15:00:00,64.174644
2011-10-29 16:00:00,64.18834
2011-10-29 17:00:00,64.18834
2011-10-29 18:00:00,64.18834
2011-10-29 19:00:00,75.82401
2011-10-29 20:00:00,75.82401
2011-10-29 21:00:00,75.82401
2011-10-29 22:00:00,70.71935
2011-10-29 23:00:00,72.15745
2011-10-30 00:00:00,70.71935
2011-10-30 01:00:00,71.353386
2011-10-30 02:00:00,71.84866
2011-10-30 03:00:00,82.35797
2011-10-30 04:00:00,74.79531
2011-10-30 05:00:00,80.26635
2011-10-30 06:00:00,80.4486
2011-10-30 07:00:00,75.78618
2011-10-30 08:00:00,90.783615
2011-10-30 09:00:00,108.329475
2011-10-30 10:00:00,141.4581
2011-10-30 11:00:00,183.23183
2011-10-30 12:00:00,226.30952
2011-10-30 13:00:00,271.47604
2011-10-30 14:00:00,332.32544
2011-10-30 15:00:00,365.903
2011-10-30 16:00:00,396.16876
2011-10-30 17:00:00,363.008
2011-10-30 18:00:00,288.84186
2011-10-30 19:00:00,305.28522
2011-10-30 20:00:00,178.58621
2011-10-30 21:00:00,106.97736
2011-10-30 22:00:00,81.531395
2011-10-30 23:00:00,76.47136
2011-10-31 00:00:00,85.53895
2011-10-31 01:00:00,86.18849
2011-10-31 02:00:00,83.85258
2011-10-31 03:00:00,89.00813
2011-10-31 04:00:00,83.85257
2011-10-31 05:00:00,81.92784
2011-10-31 06:00:00,83.85258
2011-10-31 07:00:00,83.46361
2011-10-31 08:00:00,90.50004
2011-10-31 09:00:00,117.84849
2011-10-31 10:00:00,212.23415
2011-10-31 11:00:00,267.93808
2011-10-31 12:00:00,285.24695
2011-10-31 13:00:00,302.53262
2011-10-31 14:00:00,288.47516
2011-10-31 15:00:00,288.9976
2011-10-31 16:00:00,247.72314
2011-10-31 17:00:00,252.2594
2011-10-31 18:00:00,189.81671
2011-10-31 19:00:00,189.81671
2011-10-31 20:00:00,189.81671
2011-10-31 21:00:00,128.40907
2011-10-31 22:00:00,128.40907
2011-10-31 23:00:00,128.40907
2011-11-20 00:00:00,142.93724
2011-11-20 01:00:00,164.68335
2011-11-20 02:00:00,164.38011
2011-11-20 03:00:00,149.38354
2011-11-20 04:00:00,135.67485
2011-11-20 05:00:00,153.8412
2011-11-20 06:00:00,154.32736
2011-11-20 07:00:00,152.48524
2011-11-20 08:00:00,142.61343
2011-11-20 09:00:00,138.65578
2011-11-20 10:00:00,155.81985
2011-11-20 11:00:00,225.34354
2011-11-20 12:00:00,221.46735
2011-11-20 13:00:00,248.7808
2011-11-20 14:00:00,205.19786
2011-11-20 15:00:00,193.38321
2011-11-20 16:00:00,229.41376
2011-11-20 17:00:00,221.45024
2011-11-20 18:00:00,223.17574
2011-11-20 19:00:00,174.92749
2011-11-20 20:00:00,200.88792
2011-11-20 21:00:00,144.51454
2011-11-20 22:00:00,113.13042
2011-11-20 23:00:00,113.13042
2011-11-21 00:00:00,105.34622
2011-11-21 01:00:00,128.60246
2011-11-21 02:00:00,119.82236
2011-11-21 03:00:00,117.91737
2011-11-21 04:00:00,117.91737
2011-11-21 05:00:00,102.46812
2011-11-21 06:00:00,100.85803
2011-11-21 07:00:00,125.204346
2011-11-21 08:00:00,105.34622
2011-11-21 09:00:00,119.01869
2011-11-21 10:00:00,147.16132
2011-11-21 11:00:00,159.14447
2011-11-21 12:00:00,176.4684
2011-11-21 13:00:00,176.4684
2011-11-21 14:00:00,149.64168
2011-11-21 15:00:00,124.47959
2011-11-21 16:00:00,124.47959
2011-11-21 17:00:00,119.29589
2011-11-21 18:00:00,127.519226
2011-11-21 19:00:00,116.42217
2011-11-21 20:00:00,123.469604
2011-11-21 21:00:00,125.51764
2011-11-21 22:00:00,124.549835
2011-11-21 23:00:00,125.51764
2011-11-22 00:00:00,110.6398
2011-11-22 01:00:00,115.44712
2011-11-22 02:00:00,108.32979
2011-11-22 03:00:00,108.32979
2011-11-22 04:00:00,112.18812
2011-11-22 05:00:00,112.18812
2011-11-22 06:00:00,107.40331
2011-11-22 07:00:00,112.63237
2011-11-22 08:00:00,112.63237
2011-11-22 09:00:00,103.83571
2011-11-22 10:00:00,103.83571
2011-11-22 11:00:00,115.44712
2011-11-22 12:00:00,109.821785
2011-11-22 13:00:00,111.92776
2011-11-22 14:00:00,111.92776
2011-11-22 15:00:00,107.8578
2011-11-22 16:00:00,107.8578
2011-11-22 17:00:00,113.952705
2011-11-22 18:00:00,106.21283
2011-11-22 19:00:00,121.23491
2011-11-22 20:00:00,125.40595
2011-11-22 21:00:00,125.589455
2011-11-22 22:00:00,134.5292
2011-11-22 23:00:00,134.55365
2011-11-23 00:00:00,134.55365
2011-11-23 01:00:00,135.47437
2011-11-23 02:00:00,137.72592
2011-11-23 03:00:00,137.72592
2011-11-23 04:00:00,153.53973
2011-11-23 05:00:00,128.36247
2011-11-23 06:00:00,102.46812
2011-11-23 07:00:00,112.201065
2011-11-23 08:00:00,119.01869
2011-11-23 09:00:00,137.63046
2011-11-23 10:00:00,137.63046
2011-11-23 11:00:00,192.454
2011-11-23 12:00:00,241.94293
2011-11-23 13:00:00,231.31224
2011-11-23 14:00:00,222.48839
2011-11-23 15:00:00,219.28993
2011-11-23 16:00:00,189.46269
2011-11-23 17:00:00,149.67827
2011-11-23 18:00:00,208.03773
2011-11-23 19:00:00,189.84361
2011-11-23 20:00:00,161.66235
2011-11-23 21:00:00,182.46437
2011-11-23 22:00:00,162.967
2011-11-23 23:00:00,152.03372
2011-11-24 00:00:00,146.44106
2011-11-24 01:00:00,152.53058
2011-11-24 02:00:00,123.16999
2011-11-24 03:00:00,105.33448
2011-11-24 04:00:00,132.2434
2011-11-24 05:00:00,133.40826
2011-11-24 06:00:00,132.2434
2011-11-24 07:00:00,81.54691
2011-11-24 08:00:00,109.535164
2011-11-24 09:00:00,145.65445
2011-11-24 10:00:00,187.18774
2011-11-24 11:00:00,288.97443
2011-11-24 12:00:00,375.36398
2011-11-24 13:00:00,409.3657
2011-11-24 14:00:00,411.56512
2011-11-24 15:00:00,424.7164
2011-11-24 16:00:00,397.38568
2011-11-24 17:00:00,414.10928
2011-11-24 18:00:00,268.35443
2011-11-24 19:00:00,234.01411
2011-11-24 20:00:00,104.88532
2011-11-24 21:00:00,116.758446
2011-11-24 22:00:00,116.758446
2011-11-24 23:00:00,94.28536
2011-11-25 00:00:00,119.41349
2011-11-25 01:00:00,100.44805
2011-11-25 02:00:00,94.964096
2011-11-25 03:00:00,101.214485
2011-11-25 04:00:00,107.30694
2011-11-25 05:00:00,91.49669
2011-11-25 06:00:00,92.800354
2011-11-25 07:00:00,86.18849
2011-11-25 08:00:00,95.66004
2011-11-25 09:00:00,96.48733
2011-11-25 10:00:00,137.21599
2011-11-25 11:00:00,187.76192
2011-11-25 12:00:00,281.18744
2011-11-25 13:00:00,305.37543
2011-11-25 14:00:00,348.7616
2011-11-25 15:00:00,364.09128
2011-11-25 16:00:00,343.72256
2011-11-25 17:00:00,342.9728
2011-11-25 18:00:00,307.2997
2011-11-25 19:00:00,179.72966
2011-11-25 20:00:00,227.58018
2011-11-25 21:00:00,131.0458
2011-11-25 22:00:00,126.204575
2011-11-25 23:00:00,113.23605
2011-11-26 00:00:00,96.81077
2011-11-26 01:00:00,91.5275
2011-11-26 02:00:00,88.288765
2011-11-26 03:00:00,80.25822
2011-11-26 04:00:00,80.25822
2011-11-26 05:00:00,91.8614
2011-11-26 06:00:00,94.06625
2011-11-26 07:00:00,79.62007
2011-11-26 08:00:00,91.5275
2011-11-26 09:00:00,94.43975
2011-11-26 10:00:00,85.62037
2011-11-26 11:00:00,178.69102
2011-11-26 12:00:00,263.51392
2011-11-26 13:00:00,326.7634
2011-11-26 14:00:00,314.3322
2011-11-26 15:00:00,378.8101
2011-11-26 16:00:00,311.88086
2011-11-26 17:00:00,311.88086
2011-11-26 18:00:00,191.15025
2011-11-26 19:00:00,141.83427
2011-11-26 20:00:00,232.52995
2011-11-26 21:00:00,91.62857
2011-11-26 22:00:00,99.67294
2011-11-26 23:00:00,85.62037
2011-11-27 00:00:00,85.62037
2011-11-27 01:00:00,85.62037
2011-11-27 02:00:00,83.72792
2011-11-27 03:00:00,83.03481
2011-11-27 04:00:00,90.54151
2011-11-27 05:00:00,98.19158
2011-11-27 06:00:00,108.53082
2011-11-27 07:00:00,108.604164
2011-11-27 08:00:00,118.78209
2011-11-27 09:00:00,154.57071
2011-11-27 10:00:00,154.57071
2011-11-27 11:00:00,199.91547
2011-11-27 12:00:00,248.32228
2011-11-27 13:00:00,229.55124
2011-11-27 14:00:00,421.42688
2011-11-27 15:00:00,419.47165
2011-11-27 16:00:00,287.6188
2011-11-27 17:00:00,256.15445
2011-11-27 18:00:00,199.06192
2011-11-27 19:00:00,170.69388
2011-11-27 20:00:00,197.4218
2011-11-27 21:00:00,175.16006
2011-11-27 22:00:00,157.45122
2011-11-27 23:00:00,157.45122
2011-11-28 00:00:00,159.60355
2011-11-28 01:00:00,160.7888
2011-11-28 03:00:00,131.33818
2011-11-28 04:00:00,122.820015
2011-11-28 05:00:00,97.281334
2011-11-28 06:00:00,118.17452
2011-11-28 07:00:00,98.963295
2011-11-28 08:00:00,101.58691
2011-11-28 09:00:00,133.33885
2011-11-28 10:00:00,170.55606
2011-11-28 11:00:00,226.37163
2011-11-28 12:00:00,261.0856
2011-11-28 13:00:00,280.18695
2011-11-28 14:00:00,262.54456
2011-11-28 15:00:00,266.04037
2011-11-28 16:00:00,259.39743
2011-11-28 17:00:00,281.71472
2011-11-28 18:00:00,236.35321
2011-11-28 19:00:00,184.63835
2011-11-28 20:00:00,196.28325
2011-11-28 21:00:00,179.70688
2011-11-28 22:00:00,159.14447
2011-11-28 23:00:00,156.08643
2011-11-29 00:00:00,127.60029
2011-11-29 01:00:00,142.44682
2011-11-29 02:00:00,117.995316
2011-11-29 03:00:00,117.995316
2011-11-29 04:00:00,165.64499
2011-11-29 05:00:00,147.68454
2011-11-29 06:00:00,159.96606
2011-11-29 07:00:00,165.92332
2011-11-29 08:00:00,178.74821
2011-11-29 09:00:00,208.61914
2011-11-29 10:00:00,208.61914
2011-11-29 11:00:00,145.66699
2011-11-29 12:00:00,138.3163
2011-11-29 13:00:00,144.22035
2011-11-29 14:00:00,116.42216
2011-11-29 15:00:00,121.94521
2011-11-29 16:00:00,123.4696
2011-11-29 17:00:00,125.28766
2011-11-29 18:00:00,131.95462
2011-11-29 19:00:00,132.18657
2011-11-29 20:00:00,120.86499
2011-11-29 21:00:00,120.86499
2011-11-29 22:00:00,129.91559
2011-11-29 23:00:00,128.81186
2011-11-30 00:00:00,165.34483
2011-11-30 01:00:00,136.76137
2011-11-30 02:00:00,128.31604
2011-11-30 03:00:00,128.31604
2011-11-30 04:00:00,113.20008
2011-11-30 05:00:00,100.050735
2011-11-30 06:00:00,90.96211
2011-11-30 07:00:00,92.800354
2011-11-30 08:00:00,100.050735
2011-11-30 09:00:00,111.29859
2011-11-30 10:00:00,141.8341
2011-11-30 11:00:00,211.55206
2011-11-30 12:00:00,191.72571
2011-11-30 13:00:00,254.66542
2011-11-30 14:00:00,254.66542
2011-11-30 15:00:00,220.84232
2011-11-30 16:00:00,231.02007
2011-11-30 17:00:00,186.43625
2011-11-30 18:00:00,188.03737
2011-11-30 19:00:00,154.8479
2011-11-30 20:00:00,154.8479
2011-11-30 21:00:00,170.52231
2011-11-30 22:00:00,148.56421
2011-11-30 23:00:00,153.67009
2011-12-20 00:00:00,216.14786
2011-12-20 01:00:00,241.07095
2011-12-20 02:00:00,203.56851
2011-12-20 03:00:00,203.56851
2011-12-20 04:00:00,254.70027
2011-12-20 05:00:00,239.35023
2011-12-20 06:00:00,239.3502
2011-12-20 07:00:00,207.6384
2011-12-20 08:00:00,274.54913
2011-12-20 09:00:00,179.77783
2011-12-20 10:00:00,236.4653
2011-12-20 11:00:00,211.61954
2011-12-20 12:00:00,276.7166
2011-12-20 13:00:00,276.7166
2011-12-20 14:00:00,257.5613
2011-12-20 15:00:00,280.2574
2011-12-20 16:00:00,261.18036
2011-12-20 17:00:00,197.45598
2011-12-20 18:00:00,165.9354
2011-12-20 19:00:00,170.91206
2011-12-20 20:00:00,161.5105
2011-12-20 21:00:00,165.3842
2011-12-20 22:00:00,179.77783
2011-12-20 23:00:00,217.13069
2011-12-21 00:00:00,79.27795
2011-12-21 01:00:00,85.03914
2011-12-21 02:00:00,75.20454
2011-12-21 03:00:00,75.20454
2011-12-21 04:00:00,75.20454
2011-12-21 05:00:00,88.19597
2011-12-21 06:00:00,75.07782
2011-12-21 07:00:00,81.65494
2011-12-21 08:00:00,78.23536
2011-12-21 09:00:00,89.20631
2011-12-21 10:00:00,117.351326
2011-12-21 11:00:00,117.351326
2011-12-21 12:00:00,99.52347
2011-12-21 13:00:00,89.75724
2011-12-21 14:00:00,106.115944
2011-12-21 15:00:00,108.122986
2011-12-21 16:00:00,88.50007
2011-12-21 17:00:00,88.50007
2011-12-21 18:00:00,92.14401
2011-12-21 19:00:00,104.97993
2011-12-21 20:00:00,106.045616
2011-12-21 21:00:00,111.166046
2011-12-21 22:00:00,110.305534
2011-12-21 23:00:00,106.52958
2011-12-22 00:00:00,100.032646
2011-12-22 01:00:00,89.19204
2011-12-22 02:00:00,95.60941
2011-12-22 03:00:00,102.29941
2011-12-22 04:00:00,89.11699
2011-12-22 05:00:00,73.97843
2011-12-22 06:00:00,72.45647
2011-12-22 07:00:00,71.732346
2011-12-22 08:00:00,75.07782
2011-12-22 09:00:00,85.56672
2011-12-22 10:00:00,88.55699
2011-12-22 11:00:00,82.5883
2011-12-22 12:00:00,99.80139
2011-12-22 13:00:00,86.49952
2011-12-22 14:00:00,86.49952
2011-12-22 15:00:00,90.78672
2011-12-22 16:00:00,86.49952
2011-12-22 17:00:00,104.858284
2011-12-22 18:00:00,95.22702
2011-12-22 19:00:00,84.61888
2011-12-22 20:00:00,85.11769
2011-12-22 21:00:00,85.11769
2011-12-22 22:00:00,77.92257
2011-12-22 23:00:00,81.497536
2011-12-23 00:00:00,86.41787
2011-12-23 01:00:00,86.41787
2011-12-23 02:00:00,83.398445
2011-12-23 03:00:00,83.398445
2011-12-23 04:00:00,80.120056
2011-12-23 05:00:00,82.182945
2011-12-23 06:00:00,90.70526
2011-12-23 07:00:00,90.902145
2011-12-23 08:00:00,97.91108
2011-12-23 09:00:00,111.13765
2011-12-23 10:00:00,124.61536
2011-12-23 11:00:00,149.41432
2011-12-23 12:00:00,164.51697
2011-12-23 13:00:00,168.89082
2011-12-23 14:00:00,153.73752
2011-12-23 15:00:00,136.50835
2011-12-23 16:00:00,136.3311
2011-12-23 17:00:00,104.773994
2011-12-23 18:00:00,111.554886
2011-12-23 19:00:00,96.562
2011-12-23 20:00:00,89.79339
2011-12-23 21:00:00,81.58204
2011-12-23 22:00:00,80.15161
2011-12-23 23:00:00,81.57882
2011-12-24 00:00:00,64.52067
2011-12-24 01:00:00,63.57399
2011-12-24 02:00:00,69.97637
2011-12-24 03:00:00,68.48684
2011-12-24 04:00:00,65.8001
2011-12-24 05:00:00,65.8001
2011-12-24 06:00:00,60.409023
2011-12-24 07:00:00,64.48692
2011-12-24 08:00:00,59.22642
2011-12-24 09:00:00,109.199005
2011-12-24 10:00:00,113.55927
2011-12-24 11:00:00,126.82973
2011-12-24 12:00:00,125.30471
2011-12-24 13:00:00,124.46163
2011-12-24 14:00:00,124.46163
2011-12-24 15:00:00,107.729
2011-12-24 16:00:00,101.106575
2011-12-24 17:00:00,74.66208
2011-12-24 18:00:00,77.38546
2011-12-24 19:00:00,70.72298
2011-12-24 20:00:00,62.232677
2011-12-24 21:00:00,58.90084
2011-12-24 22:00:00,54.160427
2011-12-24 23:00:00,50.327415
2011-12-25 00:00:00,52.190006
2011-12-25 01:00:00,49.332268
2011-12-25 02:00:00,53.405785
2011-12-25 03:00:00,52.4217
2011-12-25 05:00:00,48.16126
2011-12-25 06:00:00,48.16126
2011-12-25 07:00:00,50.825096
2011-12-25 08:00:00,44.911423
2011-12-25 09:00:00,50.48771
2011-12-25 10:00:00,53.944256
2011-12-25 11:00:00,65.189156
2011-12-25 12:00:00,60.173607
2011-12-25 13:00:00,65.4027
2011-12-25 14:00:00,75.00387
2011-12-25 15:00:00,75.50541
2011-12-25 16:00:00,78.13818
2011-12-25 17:00:00,74.70372
2011-12-25 18:00:00,67.721405
2011-12-25 19:00:00,75.932686
2011-12-25 20:00:00,74.632935
2011-12-25 21:00:00,69.77087
2011-12-25 22:00:00,60.88984
2011-12-25 23:00:00,59.452854
2011-12-26 00:00:00,45.636497
2011-12-26 01:00:00,62.102993
2011-12-26 02:00:00,98.95663
2011-12-26 04:00:00,107.56524
2011-12-26 05:00:00,133.11641
2011-12-26 06:00:00,104.2266
2011-12-26 07:00:00,93.79141
2011-12-26 08:00:00,85.536285
2011-12-26 09:00:00,107.56524
2011-12-26 10:00:00,136.2253
2011-12-26 11:00:00,129.1078
2011-12-26 12:00:00,144.51016
2011-12-26 13:00:00,155.00644
2011-12-26 14:00:00,160.54515
2011-12-26 15:00:00,150.26831
2011-12-26 16:00:00,122.92829
2011-12-26 17:00:00,98.95663
2011-12-26 18:00:00,70.83301
2011-12-26 19:00:00,61.733803
2011-12-26 20:00:00,65.073006
2011-12-26 21:00:00,51.27704
2011-12-26 22:00:00,51.277046
2011-12-26 23:00:00,53.46146
2011-12-27 00:00:00,67.52636
2011-12-27 01:00:00,69.789825
2011-12-27 02:00:00,69.789825
2011-12-27 03:00:00,73.436295
2011-12-27 04:00:00,71.232445
2011-12-27 05:00:00,71.636955
2011-12-27 06:00:00,75.062706
2011-12-27 07:00:00,73.358086
2011-12-27 08:00:00,73.52627
2011-12-27 09:00:00,77.91274
2011-12-27 10:00:00,79.352554
2011-12-27 11:00:00,77.91274
2011-12-27 12:00:00,71.23464
2011-12-27 13:00:00,66.75521
2011-12-27 14:00:00,95.615746
2011-12-27 15:00:00,95.615746
2011-12-27 16:00:00,93.06903
2011-12-27 17:00:00,88.48293
2011-12-27 18:00:00,88.97635
2011-12-27 19:00:00,79.65514
2011-12-27 20:00:00,75.86513
2011-12-27 21:00:00,75.46257
2011-12-27 22:00:00,75.46257
2011-12-27 23:00:00,72.39024
2011-12-28 00:00:00,76.352104
2011-12-28 01:00:00,78.24166
2011-12-28 02:00:00,83.49331
2011-12-28 03:00:00,83.49331
2011-12-28 05:00:00,96.3457
2011-12-28 06:00:00,88.01776
2011-12-28 07:00:00,88.017746
2011-12-28 08:00:00,96.345695
2011-12-28 09:00:00,95.36098
2011-12-28 10:00:00,90.65667
2011-12-28 11:00:00,139.22572
2011-12-28 12:00:00,134.73561
2011-12-28 13:00:00,145.03162
2011-12-28 14:00:00,137.86987
2011-12-28 15:00:00,143.52989
2011-12-28 16:00:00,135.91708
2011-12-28 17:00:00,113.58068
2011-12-28 18:00:00,109.27557
2011-12-28 19:00:00,88.87741
2011-12-28 20:00:00,84.25046
2011-12-28 21:00:00,70.9961
2011-12-28 22:00:00,71.760315
2011-12-28 23:00:00,76.01465
2011-12-29 00:00:00,66.37661
2011-12-29 01:00:00,68.96224
2011-12-29 02:00:00,65.342316
2011-12-29 03:00:00,58.99261
2011-12-29 04:00:00,60.668407
2011-12-29 05:00:00,64.16085
2011-12-29 06:00:00,58.47138
2011-12-29 07:00:00,58.789017
2011-12-29 08:00:00,61.288757
2011-12-29 09:00:00,56.322903
2011-12-29 10:00:00,59.127865
2011-12-29 11:00:00,67.21314
2011-12-29 12:00:00,71.003716
2011-12-29 13:00:00,76.725006
2011-12-29 14:00:00,73.0175
2011-12-29 15:00:00,81.13159
2011-12-29 16:00:00,86.06937
2011-12-29 17:00:00,78.32269
2011-12-29 18:00:00,79.57128
2011-12-29 19:00:00,78.40826
2011-12-29 20:00:00,72.96307
2011-12-29 21:00:00,72.05453
2011-12-29 22:00:00,73.924446
2011-12-29 23:00:00,76.72449
2011-12-30 00:00:00,73.12249
2011-12-30 01:00:00,71.12416
2011-12-30 02:00:00,66.45318
2011-12-30 03:00:00,66.45318
2011-12-30 04:00:00,66.40188
2011-12-30 05:00:00,64.91121
2011-12-30 06:00:00,66.40188
2011-12-30 07:00:00,65.696144
2011-12-30 08:00:00,63.32602
2011-12-30 09:00:00,63.764435
2011-12-30 10:00:00,75.73847
2011-12-30 11:00:00,80.15161
2011-12-30 12:00:00,84.81183
2011-12-30 13:00:00,92.70369
2011-12-30 14:00:00,112.75479
2011-12-30 15:00:00,103.00968
2011-12-30 16:00:00,138.77592
2011-12-30 17:00:00,104.88238
2011-12-30 18:00:00,85.11386
2011-12-30 19:00:00,124.66239
2011-12-30 20:00:00,82.70443
2011-12-30 21:00:00,85.03914
2011-12-30 22:00:00,78.84669
2011-12-30 23:00:00,84.16073
2011-12-31 00:00:00,97.954384
2011-12-31 01:00:00,99.905525
2011-12-31 02:00:00,99.905525
2011-12-31 03:00:00,99.905525
2011-12-31 04:00:00,84.21881
2011-12-31 05:00:00,69.03332
2011-12-31 06:00:00,82.69269
2011-12-31 07:00:00,71.69115
2011-12-31 08:00:00,69.07178
2011-12-31 09:00:00,66.9089
2011-12-31 10:00:00,85.745
2011-12-31 11:00:00,90.910706
2011-12-31 12:00:00,252.6727
2011-12-31 13:00:00,229.73766
2011-12-31 14:00:00,157.23071
2011-12-31 15:00:00,196.23987
2011-12-31 16:00:00,159.47813
2011-12-31 17:00:00,113.53337
2011-12-31 18:00:00,97.88262
2011-12-31 19:00:00,120.0398
2011-12-31 20:00:00,120.0398
2011-12-31 21:00:00,101.2173
2011-12-31 22:00:00,85.59172
2011-12-31 23:00:00,65.52856
2012-01-20 00:00:00,79.29317
2012-01-20 01:00:00,78.7695
2012-01-20 02:00:00,78.7695
2012-01-20 03:00:00,70.15604
2012-01-20 04:00:00,65.90524
2012-01-20 05:00:00,65.90524
2012-01-20 06:00:00,64.00238
2012-01-20 07:00:00,59.94865
2012-01-20 08:00:00,60.434494
2012-01-20 09:00:00,80.18453
2012-01-20 10:00:00,75.846855
2012-01-20 11:00:00,90.59407
2012-01-20 12:00:00,87.12002
2012-01-20 13:00:00,107.000046
2012-01-20 14:00:00,96.69545
2012-01-20 15:00:00,88.41238
2012-01-20 16:00:00,75.090324
2012-01-20 17:00:00,105.88261
2012-01-20 18:00:00,87.17804
2012-01-20 19:00:00,76.71373
2012-01-20 20:00:00,87.17804
2012-01-20 21:00:00,77.78543
2012-01-20 22:00:00,77.2375
2012-01-20 23:00:00,44.982437
2012-01-21 00:00:00,32.011337
2012-01-21 01:00:00,24.819063
2012-01-21 02:00:00,40.719746
2012-01-21 03:00:00,32.36154
2012-01-21 04:00:00,35.00432
2012-01-21 05:00:00,32.889828
2012-01-21 06:00:00,30.357758
2012-01-21 07:00:00,30.357758
2012-01-21 08:00:00,31.570078
2012-01-21 09:00:00,31.570078
2012-01-21 10:00:00,29.208523
2012-01-21 11:00:00,40.550514
2012-01-21 12:00:00,40.907623
2012-01-21 13:00:00,40.39378
2012-01-21 14:00:00,36.552513
2012-01-21 15:00:00,36.55251
2012-01-21 16:00:00,39.307625
2012-01-21 17:00:00,39.860744
2012-01-21 18:00:00,40.65949
2012-01-21 19:00:00,35.74536
2012-01-21 20:00:00,36.41754
2012-01-21 21:00:00,39.514225
2012-01-21 22:00:00,37.037342
2012-01-21 23:00:00,32.640877
2012-01-22 00:00:00,35.40478
2012-01-22 01:00:00,37.037342
2012-01-22 02:00:00,36.962486
2012-01-22 03:00:00,37.46392
2012-01-22 04:00:00,29.229513
2012-01-22 05:00:00,30.589376
2012-01-22 06:00:00,33.163845
2012-01-22 07:00:00,33.163845
2012-01-22 08:00:00,33.163845
2012-01-22 09:00:00,33.163845
2012-01-22 10:00:00,32.5385
2012-01-22 11:00:00,30.196714
2012-01-22 12:00:00,32.325485
2012-01-22 13:00:00,35.323864
2012-01-22 14:00:00,33.49739
2012-01-22 15:00:00,32.194157
2012-01-22 16:00:00,32.194157
2012-01-22 17:00:00,36.272366
2012-01-22 18:00:00,32.889828
2012-01-22 19:00:00,32.889828
2012-01-22 20:00:00,30.634142
2012-01-22 21:00:00,32.889828
2012-01-22 22:00:00,37.77267
2012-01-22 23:00:00,35.644848
2012-01-23 00:00:00,60.660686
2012-01-23 01:00:00,53.808304
2012-01-23 02:00:00,53.808304
2012-01-23 03:00:00,60.660683
2012-01-23 04:00:00,62.294945
2012-01-23 05:00:00,62.688473
2012-01-23 06:00:00,62.688473
2012-01-23 07:00:00,61.33095
2012-01-23 08:00:00,51.457897
2012-01-23 09:00:00,56.88275
2012-01-23 10:00:00,62.95965
2012-01-23 11:00:00,56.77371
2012-01-23 12:00:00,64.98126
2012-01-23 13:00:00,58.194317
2012-01-23 14:00:00,53.424946
2012-01-23 15:00:00,53.658287
2012-01-23 16:00:00,58.817646
2012-01-23 17:00:00,61.61394
2012-01-23 18:00:00,59.25521
2012-01-23 19:00:00,61.430527
2012-01-23 20:00:00,61.081127
2012-01-23 21:00:00,59.93981
2012-01-23 22:00:00,59.93981
2012-01-23 23:00:00,63.325283
2012-01-24 00:00:00,67.368805
2012-01-24 01:00:00,70.11694
2012-01-24 02:00:00,70.236755
2012-01-24 03:00:00,73.952515
2012-01-24 04:00:00,71.95673
2012-01-24 05:00:00,71.95673
2012-01-24 06:00:00,71.69994
2012-01-24 07:00:00,73.952515
2012-01-24 08:00:00,73.952515
2012-01-24 09:00:00,75.34842
2012-01-24 10:00:00,75.86513
2012-01-24 11:00:00,78.94599
2012-01-24 12:00:00,79.65514
2012-01-24 13:00:00,79.65514
2012-01-24 14:00:00,82.77142
2012-01-24 15:00:00,95.760506
2012-01-24 16:00:00,91.90618
2012-01-24 17:00:00,88.949715
2012-01-24 18:00:00,87.6703
2012-01-24 19:00:00,103.111404
2012-01-24 20:00:00,68.532036
2012-01-24 21:00:00,72.2203
2012-01-24 22:00:00,68.81698
2012-01-24 23:00:00,68.532036
2012-01-25 00:00:00,66.138725
2012-01-25 01:00:00,73.04703
2012-01-25 02:00:00,70.11664
2012-01-25 03:00:00,66.71634
2012-01-25 04:00:00,65.81946
2012-01-25 05:00:00,65.81946
2012-01-25 06:00:00,62.417854
2012-01-25 07:00:00,62.225002
2012-01-25 08:00:00,62.53119
2012-01-25 09:00:00,62.53119
2012-01-25 10:00:00,61.369495
2012-01-25 11:00:00,75.062706
2012-01-25 12:00:00,87.226906
2012-01-25 13:00:00,90.87165
2012-01-25 14:00:00,84.39829
2012-01-25 15:00:00,82.83693
2012-01-25 16:00:00,92.64161
2012-01-25 17:00:00,96.11378
2012-01-25 18:00:00,81.57882
2012-01-25 19:00:00,76.647484
2012-01-25 20:00:00,83.38586
2012-01-25 21:00:00,66.91189
2012-01-25 22:00:00,75.41958
2012-01-25 23:00:00,68.38423
2012-01-26 00:00:00,69.3321
2012-01-26 01:00:00,68.07366
2012-01-26 02:00:00,66.42894
2012-01-26 03:00:00,71.63864
2012-01-26 04:00:00,65.25248
2012-01-26 05:00:00,74.983246
2012-01-26 06:00:00,68.407135
2012-01-26 07:00:00,70.40689
2012-01-26 08:00:00,70.40689
2012-01-26 09:00:00,69.967316
2012-01-26 10:00:00,70.664024
2012-01-26 11:00:00,72.27418
2012-01-26 12:00:00,77.548454
2012-01-26 13:00:00,77.1129
2012-01-26 14:00:00,90.84282
2012-01-26 15:00:00,92.79838
2012-01-26 16:00:00,89.43063
2012-01-26 17:00:00,81.19533
2012-01-26 18:00:00,81.19533
2012-01-26 19:00:00,90.397194
2012-01-26 20:00:00,92.026695
2012-01-26 21:00:00,90.397194
2012-01-26 22:00:00,85.782234
2012-01-26 23:00:00,78.4106
2012-01-27 00:00:00,90.53797
2012-01-27 01:00:00,89.20631
2012-01-27 02:00:00,92.28009
2012-01-27 03:00:00,90.13309
2012-01-27 04:00:00,86.01909
2012-01-27 05:00:00,90.35285
2012-01-27 06:00:00,88.95541
2012-01-27 07:00:00,89.023895
2012-01-27 08:00:00,104.21302
2012-01-27 09:00:00,104.21302
2012-01-27 10:00:00,98.424355
2012-01-27 11:00:00,100.25669
2012-01-27 12:00:00,105.53409
2012-01-27 13:00:00,183.4867
2012-01-27 14:00:00,204.90779
2012-01-27 15:00:00,172.48145
2012-01-27 16:00:00,187.60704
2012-01-27 17:00:00,181.88103
2012-01-27 18:00:00,170.48622
2012-01-27 19:00:00,135.03943
2012-01-27 20:00:00,111.9077
2012-01-27 21:00:00,122.05344
2012-01-27 22:00:00,127.07759
2012-01-27 23:00:00,121.152626
2012-01-28 00:00:00,79.60892
2012-01-28 01:00:00,73.51351
2012-01-28 02:00:00,55.297035
2012-01-28 03:00:00,63.241814
2012-01-28 04:00:00,57.760735
2012-01-28 05:00:00,54.268696
2012-01-28 06:00:00,53.866573
2012-01-28 07:00:00,52.76654
2012-01-28 08:00:00,48.14105
2012-01-28 09:00:00,53.396015
2012-01-28 10:00:00,57.917187
2012-01-28 11:00:00,69.77087
2012-01-28 12:00:00,68.12437
2012-01-28 13:00:00,79.96888
2012-01-28 14:00:00,140.95604
2012-01-28 15:00:00,145.62532
2012-01-28 16:00:00,167.70164
2012-01-28 17:00:00,173.34895
2012-01-28 18:00:00,166.1441
2012-01-28 19:00:00,188.56937
2012-01-28 20:00:00,195.93349
2012-01-28 21:00:00,176.9289
2012-01-28 22:00:00,138.46587
2012-01-28 23:00:00,143.60352
2012-01-29 00:00:00,117.41287
2012-01-29 01:00:00,144.65706
2012-01-29 02:00:00,139.21356
2012-01-29 03:00:00,114.02736
2012-01-29 04:00:00,90.34655
2012-01-29 05:00:00,50.185337
2012-01-29 06:00:00,59.46688
2012-01-29 07:00:00,60.18678
2012-01-29 08:00:00,51.442577
2012-01-29 09:00:00,49.30124
2012-01-29 10:00:00,77.145874
2012-01-29 11:00:00,128.18158
2012-01-29 12:00:00,169.83894
2012-01-29 13:00:00,169.83894
2012-01-29 14:00:00,170.5402
2012-01-29 15:00:00,204.67012
2012-01-29 16:00:00,157.21288
2012-01-29 17:00:00,157.21286
2012-01-29 18:00:00,173.27437
2012-01-29 19:00:00,151.77426
2012-01-29 20:00:00,100.48011
2012-01-29 21:00:00,128.58955
2012-01-29 22:00:00,157.03246
2012-01-29 23:00:00,130.2975
2012-01-30 00:00:00,127.47177
2012-01-30 01:00:00,74.125114
2012-01-30 02:00:00,84.625374
2012-01-30 03:00:00,70.740204
2012-01-30 04:00:00,62.32841
2012-01-30 05:00:00,62.32841
2012-01-30 06:00:00,76.01465
2012-01-30 07:00:00,79.984055
2012-01-30 08:00:00,64.32065
2012-01-30 09:00:00,64.32065
2012-01-30 10:00:00,86.98829
2012-01-30 11:00:00,75.95012
2012-01-30 12:00:00,116.51661
2012-01-30 13:00:00,128.95804
2012-01-30 14:00:00,166.02664
2012-01-30 15:00:00,170.08076
2012-01-30 16:00:00,175.10376
2012-01-30 17:00:00,202.49129
2012-01-30 18:00:00,178.30353
2012-01-30 19:00:00,85.78327
2012-01-30 20:00:00,106.875984
2012-01-30 21:00:00,100.942696
2012-01-30 22:00:00,86.60183
2012-01-30 23:00:00,68.86301
2012-01-31 00:00:00,83.60378
2012-01-31 01:00:00,115.15933
2012-01-31 02:00:00,105.43463
2012-01-31 03:00:00,98.89027
2012-01-31 04:00:00,87.90242
2012-01-31 05:00:00,87.90242
2012-01-31 06:00:00,77.61167
2012-01-31 07:00:00,68.86301
2012-01-31 08:00:00,71.34815
2012-01-31 09:00:00,84.11916
2012-01-31 10:00:00,83.81785
2012-01-31 11:00:00,178.72185
2012-01-31 12:00:00,159.37004
2012-01-31 13:00:00,202.83351
2012-01-31 14:00:00,267.6951
2012-01-31 15:00:00,263.03375
2012-01-31 16:00:00,263.03375
2012-01-31 17:00:00,280.84302
2012-01-31 18:00:00,290.23096
2012-01-31 19:00:00,263.2179
2012-01-31 20:00:00,91.799095
2012-01-31 21:00:00,229.41309
2012-01-31 22:00:00,211.84882
2012-01-31 23:00:00,190.96338
2012-02-20 00:00:00,46.90744
2012-02-20 01:00:00,46.90744
2012-02-20 02:00:00,46.90744
2012-02-20 03:00:00,42.812157
2012-02-20 05:00:00,54.389038
2012-02-20 06:00:00,70.961
2012-02-20 07:00:00,52.021023
2012-02-20 08:00:00,51.03272
2012-02-20 09:00:00,51.03272
2012-02-20 10:00:00,65.40353
2012-02-20 11:00:00,82.683014
2012-02-20 12:00:00,80.990234
2012-02-20 13:00:00,104.70508
2012-02-20 14:00:00,118.35296
2012-02-20 15:00:00,134.00917
2012-02-20 16:00:00,195.1515
2012-02-20 17:00:00,228.22758
2012-02-20 18:00:00,134.00917
2012-02-20 19:00:00,134.00917
2012-02-20 20:00:00,139.38931
2012-02-20 21:00:00,97.31499
2012-02-20 22:00:00,71.51292
2012-02-20 23:00:00,78.38805
2012-02-21 00:00:00,63.462677
2012-02-21 01:00:00,63.842133
2012-02-21 02:00:00,61.864574
2012-02-21 04:00:00,60.025955
2012-02-21 05:00:00,58.775608
2012-02-21 06:00:00,59.41693
2012-02-21 07:00:00,60.025955
2012-02-21 08:00:00,60.85712
2012-02-21 09:00:00,59.98986
2012-02-21 10:00:00,62.778637
2012-02-21 11:00:00,62.272655
2012-02-21 12:00:00,92.553215
2012-02-21 13:00:00,129.28897
2012-02-21 14:00:00,106.09945
2012-02-21 15:00:00,129.28897
2012-02-21 16:00:00,146.18182
2012-02-21 17:00:00,176.90543
2012-02-21 18:00:00,176.90543
2012-02-21 19:00:00,128.5318
2012-02-21 20:00:00,99.05016
2012-02-21 21:00:00,86.28816
2012-02-21 22:00:00,78.321175
2012-02-21 23:00:00,78.123314
2012-02-22 00:00:00,78.123314
2012-02-22 01:00:00,81.223335
2012-02-22 02:00:00,85.26007
2012-02-22 03:00:00,75.93028
2012-02-22 04:00:00,81.84451
2012-02-22 05:00:00,78.744896
2012-02-22 06:00:00,78.24166
2012-02-22 07:00:00,76.061676
2012-02-22 08:00:00,74.05355
2012-02-22 09:00:00,76.92902
2012-02-22 10:00:00,79.00146
2012-02-22 11:00:00,86.9228
2012-02-22 12:00:00,115.48988
2012-02-22 13:00:00,140.42857
2012-02-22 14:00:00,151.83421
2012-02-22 15:00:00,259.13937
2012-02-22 16:00:00,254.1486
2012-02-22 17:00:00,268.42395
2012-02-22 18:00:00,202.95073
2012-02-22 19:00:00,175.17265
2012-02-22 20:00:00,148.73463
2012-02-22 21:00:00,235.60298
2012-02-22 22:00:00,154.16052
2012-02-22 23:00:00,188.81737
2012-02-23 00:00:00,154.16052
2012-02-23 01:00:00,133.18692
2012-02-23 02:00:00,117.80973
2012-02-23 03:00:00,106.04969
2012-02-23 04:00:00,96.843475
2012-02-23 05:00:00,96.843475
2012-02-23 06:00:00,83.01344
2012-02-23 07:00:00,82.77142
2012-02-23 08:00:00,80.010124
2012-02-23 09:00:00,80.54813
2012-02-23 10:00:00,104.58701
2012-02-23 11:00:00,173.33983
2012-02-23 12:00:00,202.07014
2012-02-23 13:00:00,209.24391
2012-02-23 14:00:00,241.11174
2012-02-23 15:00:00,207.90445
2012-02-23 16:00:00,177.92093
2012-02-23 17:00:00,224.33766
2012-02-23 18:00:00,202.93681
2012-02-23 19:00:00,168.16034
2012-02-23 20:00:00,150.41318
2012-02-23 21:00:00,140.68788
2012-02-23 22:00:00,140.915
2012-02-23 23:00:00,84.07578
2012-02-24 00:00:00,97.28825
2012-02-24 01:00:00,112.43666
2012-02-24 02:00:00,94.58513
2012-02-24 03:00:00,92.84377
2012-02-24 04:00:00,90.98079
2012-02-24 05:00:00,90.01717
2012-02-24 06:00:00,90.84213
2012-02-24 07:00:00,93.663574
2012-02-24 08:00:00,92.20602
2012-02-24 09:00:00,73.44265
2012-02-24 10:00:00,76.59285
2012-02-24 11:00:00,83.292015
2012-02-24 12:00:00,92.96939
2012-02-24 13:00:00,92.79838
2012-02-24 14:00:00,97.95219
2012-02-24 15:00:00,86.41787
2012-02-24 16:00:00,86.41787
2012-02-24 17:00:00,90.2326
2012-02-24 18:00:00,80.39568
2012-02-24 19:00:00,93.702065
2012-02-24 20:00:00,148.03842
2012-02-24 21:00:00,81.809814
2012-02-24 22:00:00,178.0456
2012-02-24 23:00:00,129.98816
2012-02-25 00:00:00,140.89221
2012-02-25 01:00:00,127.74378
2012-02-25 02:00:00,97.16173
2012-02-25 03:00:00,94.47038
2012-02-25 04:00:00,107.4816
2012-02-25 05:00:00,98.48988
2012-02-25 06:00:00,98.48988
2012-02-25 07:00:00,98.31596
2012-02-25 08:00:00,71.235054
2012-02-25 09:00:00,38.80173
2012-02-25 10:00:00,62.23046
2012-02-25 11:00:00,104.41123
2012-02-25 12:00:00,63.777187
2012-02-25 13:00:00,137.77394
2012-02-25 14:00:00,104.28655
2012-02-25 15:00:00,151.40947
2012-02-25 16:00:00,72.0139
2012-02-25 17:00:00,132.09286
2012-02-25 18:00:00,75.52173
2012-02-25 19:00:00,106.07866
2012-02-25 20:00:00,72.50857
2012-02-25 21:00:00,95.636696
2012-02-25 22:00:00,90.64684
2012-02-25 23:00:00,84.18803
2012-02-26 00:00:00,85.43535
2012-02-26 01:00:00,78.03063
2012-02-26 02:00:00,78.03063
2012-02-26 03:00:00,66.36879
2012-02-26 04:00:00,66.36879
2012-02-26 05:00:00,59.769493
2012-02-26 06:00:00,70.84836
2012-02-26 07:00:00,52.213326
2012-02-26 08:00:00,50.662857
2012-02-26 09:00:00,56.112785
2012-02-26 10:00:00,73.6729
2012-02-26 11:00:00,94.990654
2012-02-26 12:00:00,91.25964
2012-02-26 13:00:00,94.57677
2012-02-26 14:00:00,145.76274
2012-02-26 15:00:00,166.60687
2012-02-26 16:00:00,160.20659
2012-02-26 17:00:00,166.59608
2012-02-26 18:00:00,134.9253
2012-02-26 19:00:00,135.71541
2012-02-26 20:00:00,96.42668
2012-02-26 21:00:00,79.194984
2012-02-26 22:00:00,92.86118
2012-02-26 23:00:00,58.90084
2012-02-27 00:00:00,68.48026
2012-02-27 01:00:00,67.858055
2012-02-27 02:00:00,64.259155
2012-02-27 03:00:00,63.277134
2012-02-27 04:00:00,60.082775
2012-02-27 05:00:00,60.082775
2012-02-27 06:00:00,62.53119
2012-02-27 07:00:00,64.059845
2012-02-27 08:00:00,57.691902
2012-02-27 09:00:00,68.86301
2012-02-27 10:00:00,110.17452
2012-02-27 11:00:00,127.525444
2012-02-27 12:00:00,179.62523
2012-02-27 13:00:00,157.11047
2012-02-27 14:00:00,214.66585
2012-02-27 15:00:00,265.43152
2012-02-27 16:00:00,263.03375
2012-02-27 17:00:00,240.84573
2012-02-27 18:00:00,270.71585
2012-02-27 19:00:00,265.7272
2012-02-27 20:00:00,243.63591
2012-02-27 21:00:00,214.66585
2012-02-27 22:00:00,166.04349
2012-02-27 23:00:00,122.15825
2012-02-28 00:00:00,104.95941
2012-02-28 01:00:00,97.426735
2012-02-28 02:00:00,94.32667
2012-02-28 03:00:00,204.187
2012-02-28 04:00:00,131.078
2012-02-28 05:00:00,131.078
2012-02-28 06:00:00,112.75258
2012-02-28 07:00:00,100.52926
2012-02-28 08:00:00,84.44543
2012-02-28 09:00:00,109.547005
2012-02-28 10:00:00,115.15933
2012-02-28 11:00:00,136.65942
2012-02-28 12:00:00,137.9568
2012-02-28 13:00:00,143.894
2012-02-28 14:00:00,174.28864
2012-02-28 15:00:00,173.98495
2012-02-28 16:00:00,170.95804
2012-02-28 17:00:00,173.98495
2012-02-28 18:00:00,204.88086
2012-02-28 19:00:00,152.96222
2012-02-28 20:00:00,181.64684
2012-02-28 21:00:00,91.19509
2012-02-28 22:00:00,91.19509
2012-02-28 23:00:00,90.631905
2012-02-29 00:00:00,82.15195
2012-02-29 01:00:00,84.69282
2012-02-29 02:00:00,81.84777
2012-02-29 03:00:00,72.471115
2012-02-29 05:00:00,70.167755
2012-02-29 06:00:00,71.63864
2012-02-29 07:00:00,64.39334
2012-02-29 08:00:00,69.3321
2012-02-29 09:00:00,67.2988
2012-02-29 10:00:00,67.2988
2012-02-29 11:00:00,64.8178
2012-02-29 12:00:00,66.53375
2012-02-29 13:00:00,76.08904
2012-02-29 14:00:00,76.08904
2012-02-29 15:00:00,90.80531
2012-02-29 16:00:00,87.37803
2012-02-29 17:00:00,90.84213
2012-02-29 18:00:00,81.49754
2012-02-29 19:00:00,89.65218
2012-02-29 20:00:00,90.73
2012-02-29 21:00:00,90.73
2012-02-29 22:00:00,86.70068
2012-02-29 23:00:00,86.70068
2012-03-20 00:00:00,103.89604
2012-03-20 01:00:00,89.64045
2012-03-20 02:00:00,99.52043
2012-03-20 03:00:00,92.29776
2012-03-20 04:00:00,104.7372
2012-03-20 05:00:00,89.95001
2012-03-20 06:00:00,107.08113
2012-03-20 07:00:00,105.56588
2012-03-20 08:00:00,101.76591
2012-03-20 09:00:00,109.75066
2012-03-20 10:00:00,110.72206
2012-03-20 11:00:00,108.06382
2012-03-20 12:00:00,139.11653
2012-03-20 13:00:00,125.40811
2012-03-20 14:00:00,130.22575
2012-03-20 15:00:00,124.97331
2012-03-20 16:00:00,164.1562
2012-03-20 17:00:00,134.43462
2012-03-20 18:00:00,159.40063
2012-03-20 19:00:00,111.188835
2012-03-20 20:00:00,105.733246
2012-03-20 21:00:00,92.76928
2012-03-20 22:00:00,90.456276
2012-03-20 23:00:00,87.88033
2012-03-21 00:00:00,91.49623
2012-03-21 01:00:00,102.63628
2012-03-21 02:00:00,105.35745
2012-03-21 03:00:00,113.595566
2012-03-21 04:00:00,107.646095
2012-03-21 05:00:00,107.646095
2012-03-21 06:00:00,108.655556
2012-03-21 07:00:00,106.23491
2012-03-21 08:00:00,104.79067
2012-03-21 09:00:00,110.801285
2012-03-21 10:00:00,114.76579
2012-03-21 11:00:00,114.76579
2012-03-21 12:00:00,99.88843
2012-03-21 13:00:00,98.48234
2012-03-21 14:00:00,101.61922
2012-03-21 15:00:00,101.61922
2012-03-21 16:00:00,100.547226
2012-03-21 17:00:00,125.14269
2012-03-21 18:00:00,116.55287
2012-03-21 19:00:00,139.43478
2012-03-21 20:00:00,106.74093
2012-03-21 21:00:00,106.28733
2012-03-21 22:00:00,111.995834
2012-03-21 23:00:00,95.80765
2012-03-22 00:00:00,102.63628
2012-03-22 01:00:00,102.63628
2012-03-22 02:00:00,102.63628
2012-03-22 03:00:00,102.63628
2012-03-22 04:00:00,98.79251
2012-03-22 05:00:00,98.79251
2012-03-22 06:00:00,98.79251
2012-03-22 07:00:00,98.79251
2012-03-22 08:00:00,101.9682
2012-03-22 09:00:00,101.9682
2012-03-22 10:00:00,100.796394
2012-03-22 11:00:00,94.34138
2012-03-22 12:00:00,119.45445
2012-03-22 13:00:00,108.67245
2012-03-22 14:00:00,121.22241
2012-03-22 15:00:00,162.32692
2012-03-22 16:00:00,181.54703
2012-03-22 17:00:00,180.11009
2012-03-22 18:00:00,180.11009
2012-03-22 19:00:00,144.39459
2012-03-22 20:00:00,172.71265
2012-03-22 21:00:00,121.68196
2012-03-22 22:00:00,121.44747
2012-03-22 23:00:00,106.30758
2012-03-23 00:00:00,96.6849
2012-03-23 01:00:00,93.5019
2012-03-23 02:00:00,104.15298
2012-03-23 03:00:00,103.96103
2012-03-23 04:00:00,103.72746
2012-03-23 05:00:00,92.45723
2012-03-23 06:00:00,93.181175
2012-03-23 07:00:00,106.831726
2012-03-23 08:00:00,106.71471
2012-03-23 09:00:00,104.915215
2012-03-23 10:00:00,110.4094
2012-03-23 11:00:00,126.56681
2012-03-23 12:00:00,221.6202
2012-03-23 13:00:00,218.19856
2012-03-23 14:00:00,257.20535
2012-03-23 15:00:00,267.5909
2012-03-23 16:00:00,281.70718
2012-03-23 17:00:00,281.70718
2012-03-23 18:00:00,263.68362
2012-03-23 19:00:00,254.83476
2012-03-23 20:00:00,240.51309
2012-03-23 21:00:00,213.59547
2012-03-23 22:00:00,203.8331
2012-03-23 23:00:00,172.77725
2012-03-24 00:00:00,96.72017
2012-03-24 01:00:00,101.972885
2012-03-24 02:00:00,100.93997
2012-03-24 03:00:00,100.93997
2012-03-24 04:00:00,96.16112
2012-03-24 05:00:00,107.648834
2012-03-24 06:00:00,107.648834
2012-03-24 07:00:00,100.78294
2012-03-24 08:00:00,102.114204
2012-03-24 09:00:00,104.12301
2012-03-24 10:00:00,107.51676
2012-03-24 11:00:00,102.114204
2012-03-24 12:00:00,102.64081
2012-03-24 13:00:00,102.14617
2012-03-24 14:00:00,109.2715
2012-03-24 15:00:00,101.582436
2012-03-24 16:00:00,97.65125
2012-03-24 17:00:00,101.34066
2012-03-24 18:00:00,90.92033
2012-03-24 19:00:00,92.065834
2012-03-24 20:00:00,86.29077
2012-03-24 21:00:00,86.29077
2012-03-24 22:00:00,84.823746
2012-03-24 23:00:00,89.75663
2012-03-25 00:00:00,89.75663
2012-03-25 01:00:00,85.51954
2012-03-25 02:00:00,81.00874
2012-03-25 03:00:00,82.53075
2012-03-25 04:00:00,86.401695
2012-03-25 05:00:00,82.4417
2012-03-25 06:00:00,82.4417
2012-03-25 07:00:00,82.892685
2012-03-25 08:00:00,82.892685
2012-03-25 09:00:00,83.162415
2012-03-25 10:00:00,85.76844
2012-03-25 11:00:00,83.162415
2012-03-25 12:00:00,83.83357
2012-03-25 13:00:00,90.14016
2012-03-25 14:00:00,93.61568
2012-03-25 15:00:00,93.5104
2012-03-25 16:00:00,80.913795
2012-03-25 17:00:00,95.80373
2012-03-25 18:00:00,95.80373
2012-03-25 19:00:00,124.40225
2012-03-25 20:00:00,110.32739
2012-03-25 21:00:00,102.571144
2012-03-25 22:00:00,95.21848
2012-03-25 23:00:00,97.548515
2012-03-26 00:00:00,110.09044
2012-03-26 01:00:00,119.837074
2012-03-26 02:00:00,109.61813
2012-03-26 03:00:00,109.185104
2012-03-26 04:00:00,103.04966
2012-03-26 05:00:00,104.645386
2012-03-26 06:00:00,103.5846
2012-03-26 07:00:00,112.542206
2012-03-26 08:00:00,131.37376
2012-03-26 09:00:00,190.5225
2012-03-26 10:00:00,247.0451
2012-03-26 11:00:00,218.70499
2012-03-26 12:00:00,246.31142
2012-03-26 13:00:00,124.63491
2012-03-26 14:00:00,265.61096
2012-03-26 15:00:00,183.1026
2012-03-26 16:00:00,93.56666
2012-03-26 17:00:00,234.13893
2012-03-26 18:00:00,235.23412
2012-03-26 19:00:00,265.9014
2012-03-26 20:00:00,175.34247
2012-03-26 21:00:00,174.95743
2012-03-26 22:00:00,206.65147
2012-03-26 23:00:00,115.880974
2012-03-27 00:00:00,118.789925
2012-03-27 01:00:00,140.35315
2012-03-27 02:00:00,145.38547
2012-03-27 03:00:00,144.86314
2012-03-27 04:00:00,133.57428
2012-03-27 05:00:00,116.53144
2012-03-27 06:00:00,111.24657
2012-03-27 07:00:00,111.24657
2012-03-27 08:00:00,117.97406
2012-03-27 09:00:00,111.611084
2012-03-27 10:00:00,133.49716
2012-03-27 11:00:00,171.1629
2012-03-27 12:00:00,176.90144
2012-03-27 13:00:00,182.71484
2012-03-27 14:00:00,227.08665
2012-03-27 15:00:00,229.97939
2012-03-27 16:00:00,229.97939
2012-03-27 17:00:00,237.32938
2012-03-27 18:00:00,222.1888
2012-03-27 19:00:00,237.69298
2012-03-27 20:00:00,222.1888
2012-03-27 21:00:00,165.99065
2012-03-27 22:00:00,167.2806
2012-03-27 23:00:00,167.1481
2012-03-28 00:00:00,156.75565
2012-03-28 01:00:00,144.53107
2012-03-28 02:00:00,127.55611
2012-03-28 03:00:00,149.93723
2012-03-28 04:00:00,152.11392
2012-03-28 05:00:00,152.11392
2012-03-28 06:00:00,154.92493
2012-03-28 07:00:00,149.604
2012-03-28 08:00:00,171.66771
2012-03-28 09:00:00,197.74303
2012-03-28 10:00:00,228.6243
2012-03-28 11:00:00,247.05122
2012-03-28 12:00:00,276.03705
2012-03-28 13:00:00,265.08496
2012-03-28 14:00:00,341.04108
2012-03-28 15:00:00,319.46585
2012-03-28 16:00:00,254.45038
2012-03-28 17:00:00,206.96846
2012-03-28 18:00:00,206.96846
2012-03-28 19:00:00,222.71007
2012-03-28 20:00:00,244.97322
2012-03-28 21:00:00,186.75308
2012-03-28 22:00:00,130.73123
2012-03-28 23:00:00,118.073044
2012-03-29 00:00:00,134.3027
2012-03-29 01:00:00,146.9451
2012-03-29 02:00:00,332.33932
2012-03-29 03:00:00,301.0059
2012-03-29 04:00:00,262.80692
2012-03-29 05:00:00,207.12791
2012-03-29 06:00:00,149.55997
2012-03-29 07:00:00,186.62035
2012-03-29 08:00:00,206.572
2012-03-29 09:00:00,211.01225
2012-03-29 10:00:00,211.81572
2012-03-29 11:00:00,232.93275
2012-03-29 12:00:00,247.15257
2012-03-29 13:00:00,207.81633
2012-03-29 14:00:00,245.44795
2012-03-29 15:00:00,269.884
2012-03-29 16:00:00,276.37033
2012-03-29 17:00:00,276.33737
2012-03-29 18:00:00,248.61511
2012-03-29 19:00:00,235.52113
2012-03-29 20:00:00,233.95659
2012-03-29 21:00:00,193.48218
2012-03-29 22:00:00,185.43112
2012-03-29 23:00:00,175.3754
2012-03-30 00:00:00,167.6677
2012-03-30 01:00:00,151.47852
2012-03-30 02:00:00,127.32951
2012-03-30 03:00:00,92.67534
2012-03-30 04:00:00,99.8282
2012-03-30 05:00:00,86.92469
2012-03-30 06:00:00,96.42782
2012-03-30 07:00:00,97.479836
2012-03-30 08:00:00,89.88655
2012-03-30 09:00:00,100.92761
2012-03-30 10:00:00,104.85058
2012-03-30 11:00:00,124.54271
2012-03-30 12:00:00,124.39691
2012-03-30 13:00:00,163.32185
2012-03-30 14:00:00,148.32248
2012-03-30 15:00:00,151.75116
2012-03-30 16:00:00,124.034996
2012-03-30 17:00:00,121.355995
2012-03-30 18:00:00,136.74611
2012-03-30 19:00:00,121.734924
2012-03-30 20:00:00,109.48258
2012-03-30 21:00:00,98.896126
2012-03-30 22:00:00,92.81421
2012-03-30 23:00:00,78.3612
2012-03-31 00:00:00,87.76561
2012-03-31 01:00:00,90.829475
2012-03-31 02:00:00,94.72925
2012-03-31 03:00:00,90.83031
2012-03-31 04:00:00,110.38434
2012-03-31 05:00:00,91.09562
2012-03-31 06:00:00,73.74865
2012-03-31 07:00:00,73.74865
2012-03-31 08:00:00,73.86947
2012-03-31 09:00:00,90.829475
2012-03-31 10:00:00,90.361435
2012-03-31 11:00:00,97.75953
2012-03-31 12:00:00,83.99039
2012-03-31 13:00:00,129.56145
2012-03-31 14:00:00,142.45476
2012-03-31 15:00:00,165.33925
2012-03-31 16:00:00,149.15256
2012-03-31 17:00:00,152.38773
2012-03-31 18:00:00,128.71036
2012-03-31 19:00:00,125.67183
2012-03-31 20:00:00,101.49554
2012-03-31 21:00:00,101.49554
2012-03-31 22:00:00,91.01293
2012-03-31 23:00:00,74.50359
2012-04-20 00:00:00,104.57726
2012-04-20 01:00:00,109.185104
2012-04-20 02:00:00,104.85027
2012-04-20 03:00:00,95.253624
2012-04-20 04:00:00,92.33218
2012-04-20 05:00:00,82.47956
2012-04-20 06:00:00,82.40329
2012-04-20 07:00:00,82.47956
2012-04-20 08:00:00,84.1938
2012-04-20 09:00:00,95.5907
2012-04-20 10:00:00,117.21147
2012-04-20 11:00:00,125.951836
2012-04-20 12:00:00,201.4059
2012-04-20 13:00:00,278.62238
2012-04-20 14:00:00,286.86404
2012-04-20 15:00:00,266.7893
2012-04-20 16:00:00,275.7207
2012-04-20 17:00:00,287.9881
2012-04-20 18:00:00,271.92154
2012-04-20 19:00:00,236.55455
2012-04-20 20:00:00,181.91588
2012-04-20 21:00:00,121.3259
2012-04-20 22:00:00,151.01015
2012-04-20 23:00:00,112.10668
2012-04-21 00:00:00,117.60457
2012-04-21 01:00:00,117.60457
2012-04-21 02:00:00,102.836555
2012-04-21 03:00:00,110.02217
2012-04-21 04:00:00,112.34163
2012-04-21 05:00:00,112.34163
2012-04-21 06:00:00,110.02218
2012-04-21 07:00:00,114.672745
2012-04-21 08:00:00,117.71537
2012-04-21 09:00:00,109.9641
2012-04-21 10:00:00,198.57806
2012-04-21 11:00:00,223.23856
2012-04-21 12:00:00,240.83842
2012-04-21 13:00:00,262.74228
2012-04-21 14:00:00,351.14862
2012-04-21 15:00:00,389.66803
2012-04-21 16:00:00,377.42203
2012-04-21 17:00:00,439.5488
2012-04-21 18:00:00,349.23865
2012-04-21 19:00:00,170.69463
2012-04-21 20:00:00,107.67879
2012-04-21 21:00:00,114.35363
2012-04-21 22:00:00,110.59227
2012-04-21 23:00:00,100.51373
2012-04-22 00:00:00,99.44143
2012-04-22 01:00:00,103.027374
2012-04-22 02:00:00,117.69351
2012-04-22 03:00:00,95.61174
2012-04-22 04:00:00,97.51421
2012-04-22 05:00:00,98.9111
2012-04-22 06:00:00,111.47889
2012-04-22 07:00:00,99.0812
2012-04-22 08:00:00,83.765976
2012-04-22 09:00:00,83.765976
2012-04-22 10:00:00,80.62258
2012-04-22 11:00:00,77.85951
2012-04-22 12:00:00,78.306854
2012-04-22 13:00:00,81.576515
2012-04-22 14:00:00,78.306854
2012-04-22 15:00:00,80.171
2012-04-22 16:00:00,83.73928
2012-04-22 17:00:00,68.23928
2012-04-22 18:00:00,68.23928
2012-04-22 19:00:00,76.8214
2012-04-22 20:00:00,69.13505
2012-04-22 21:00:00,70.19709
2012-04-22 22:00:00,70.52507
2012-04-22 23:00:00,76.970894
2012-04-23 00:00:00,86.69716
2012-04-23 01:00:00,76.14545
2012-04-23 02:00:00,77.5089
2012-04-23 03:00:00,78.67059
2012-04-23 04:00:00,72.993805
2012-04-23 05:00:00,72.993805
2012-04-23 06:00:00,74.50082
2012-04-23 07:00:00,72.984215
2012-04-23 08:00:00,76.38481
2012-04-23 09:00:00,79.11118
2012-04-23 10:00:00,85.759415
2012-04-23 11:00:00,85.77512
2012-04-23 12:00:00,85.639694
2012-04-23 13:00:00,95.0001
2012-04-23 14:00:00,118.49019
2012-04-23 15:00:00,115.22053
2012-04-23 16:00:00,71.688225
2012-04-23 17:00:00,71.30307
2012-04-23 18:00:00,82.735535
2012-04-23 19:00:00,83.04657
2012-04-23 20:00:00,83.97962
2012-04-23 21:00:00,78.95435
2012-04-23 22:00:00,85.81842
2012-04-23 23:00:00,86.43348
2012-04-24 00:00:00,86.55652
2012-04-24 01:00:00,84.72971
2012-04-24 02:00:00,85.10935
2012-04-24 03:00:00,82.530174
2012-04-24 04:00:00,82.334145
2012-04-24 05:00:00,82.334145
2012-04-24 06:00:00,81.939445
2012-04-24 07:00:00,90.632095
2012-04-24 08:00:00,99.64986
2012-04-24 09:00:00,176.03868
2012-04-24 10:00:00,175.3754
2012-04-24 11:00:00,266.97
2012-04-24 12:00:00,284.95703
2012-04-24 13:00:00,296.2168
2012-04-24 14:00:00,304.1949
2012-04-24 15:00:00,279.91714
2012-04-24 16:00:00,265.21683
2012-04-24 17:00:00,299.75385
2012-04-24 18:00:00,244.94096
2012-04-24 19:00:00,263.40573
2012-04-24 20:00:00,293.1221
2012-04-24 21:00:00,255.8091
2012-04-24 22:00:00,199.98233
2012-04-24 23:00:00,182.27356
2012-04-25 00:00:00,154.1333
2012-04-25 01:00:00,150.2722
2012-04-25 02:00:00,81.18188
2012-04-25 03:00:00,82.997765
2012-04-25 04:00:00,86.673294
2012-04-25 05:00:00,77.62545
2012-04-25 06:00:00,77.62545
2012-04-25 07:00:00,76.600746
2012-04-25 08:00:00,85.60462
2012-04-25 09:00:00,113.06752
2012-04-25 10:00:00,195.12498
2012-04-25 11:00:00,235.19673
2012-04-25 12:00:00,311.20547
2012-04-25 13:00:00,284.35876
2012-04-25 14:00:00,308.73117
2012-04-25 15:00:00,242.06151
2012-04-25 16:00:00,298.32062
2012-04-25 17:00:00,289.96262
2012-04-25 18:00:00,285.168
2012-04-25 19:00:00,259.13333
2012-04-25 20:00:00,249.66498
2012-04-25 21:00:00,166.80057
2012-04-25 22:00:00,136.70186
2012-04-25 23:00:00,165.97177
2012-04-26 00:00:00,109.1367
2012-04-26 01:00:00,172.31224
2012-04-26 02:00:00,146.4403
2012-04-26 03:00:00,143.76881
2012-04-26 04:00:00,126.32909
2012-04-26 05:00:00,119.86146
2012-04-26 06:00:00,147.5995
2012-04-26 07:00:00,113.3542
2012-04-26 08:00:00,107.95524
2012-04-26 09:00:00,105.464714
2012-04-26 10:00:00,105.11616
2012-04-26 11:00:00,105.08133
2012-04-26 12:00:00,110.59435
2012-04-26 13:00:00,112.717575
2012-04-26 14:00:00,126.08741
2012-04-26 15:00:00,130.84714
2012-04-26 16:00:00,123.199135
2012-04-26 17:00:00,117.294685
2012-04-26 18:00:00,126.08741
2012-04-26 19:00:00,131.41783
2012-04-26 20:00:00,122.78826
2012-04-26 21:00:00,121.51643
2012-04-26 22:00:00,111.995834
2012-04-26 23:00:00,108.73796
2012-04-27 00:00:00,205.18578
2012-04-27 01:00:00,195.26762
2012-04-27 02:00:00,183.0105
2012-04-27 03:00:00,208.80307
2012-04-27 04:00:00,181.19124
2012-04-27 05:00:00,190.11023
2012-04-27 06:00:00,176.94653
2012-04-27 07:00:00,151.47852
2012-04-27 08:00:00,126.26223
2012-04-27 09:00:00,206.08212
2012-04-27 10:00:00,230.36171
2012-04-27 11:00:00,228.60284
2012-04-27 12:00:00,250.72548
2012-04-27 13:00:00,260.68488
2012-04-27 14:00:00,260.61563
2012-04-27 15:00:00,272.93527
2012-04-27 16:00:00,296.45438
2012-04-27 17:00:00,318.4581
2012-04-27 18:00:00,314.19852
2012-04-27 19:00:00,300.94455
2012-04-27 20:00:00,261.76443
2012-04-27 21:00:00,246.32602
2012-04-27 22:00:00,205.19624
2012-04-27 23:00:00,188.0053
2012-04-28 00:00:00,150.8815
2012-04-28 01:00:00,121.23889
2012-04-28 02:00:00,127.55503
2012-04-28 03:00:00,106.57258
2012-04-28 04:00:00,101.78136
2012-04-28 05:00:00,103.12943
2012-04-28 06:00:00,107.07763
2012-04-28 07:00:00,101.78136
2012-04-28 08:00:00,163.28526
2012-04-28 09:00:00,210.91397
2012-04-28 10:00:00,173.44832
2012-04-28 11:00:00,177.31627
2012-04-28 12:00:00,163.46542
2012-04-28 13:00:00,222.00182
2012-04-28 14:00:00,202.50827
2012-04-28 15:00:00,191.10625
2012-04-28 16:00:00,226.2179
2012-04-28 17:00:00,192.29272
2012-04-28 18:00:00,169.76772
2012-04-28 19:00:00,78.50631
2012-04-28 20:00:00,77.24867
2012-04-28 21:00:00,76.62894
2012-04-28 22:00:00,80.68564
2012-04-28 23:00:00,83.77915
2012-04-29 00:00:00,74.0593
2012-04-29 01:00:00,76.42121
2012-04-29 02:00:00,76.30837
2012-04-29 03:00:00,73.86946
2012-04-29 04:00:00,73.98235
2012-04-29 05:00:00,67.815544
2012-04-29 06:00:00,72.94708
2012-04-29 07:00:00,70.43112
2012-04-29 08:00:00,87.316055
2012-04-29 09:00:00,90.889404
2012-04-29 10:00:00,88.61449
2012-04-29 11:00:00,119.62035
2012-04-29 12:00:00,189.29202
2012-04-29 13:00:00,194.39761
2012-04-29 14:00:00,283.011
2012-04-29 15:00:00,295.2565
2012-04-29 16:00:00,366.07208
2012-04-29 17:00:00,398.78024
2012-04-29 18:00:00,393.00052
2012-04-29 19:00:00,305.15384
2012-04-29 20:00:00,302.931
2012-04-29 21:00:00,189.872
2012-04-29 22:00:00,182.73322
2012-04-29 23:00:00,90.860985
2012-04-30 00:00:00,98.44388
2012-04-30 01:00:00,93.955086
2012-04-30 02:00:00,100.7853
2012-04-30 03:00:00,99.95186
2012-04-30 04:00:00,120.95462
2012-04-30 05:00:00,120.95462
2012-04-30 06:00:00,155.06174
2012-04-30 07:00:00,143.21284
2012-04-30 08:00:00,169.49731
2012-04-30 09:00:00,173.99658
2012-04-30 10:00:00,189.05814
2012-04-30 11:00:00,179.98865
2012-04-30 12:00:00,171.17093
2012-04-30 13:00:00,161.11244
2012-04-30 14:00:00,157.66972
2012-04-30 15:00:00,158.43608
2012-04-30 16:00:00,165.01735
2012-04-30 17:00:00,156.11661
2012-04-30 18:00:00,178.96796
2012-04-30 19:00:00,162.8597
2012-04-30 20:00:00,161.72646
2012-04-30 21:00:00,161.72646
2012-04-30 22:00:00,171.33446
2012-04-30 23:00:00,180.80643
2012-05-20 00:00:00,183.64223
2012-05-20 01:00:00,164.12755
2012-05-20 02:00:00,164.12755
2012-05-20 03:00:00,136.68076
2012-05-20 04:00:00,99.39533
2012-05-20 05:00:00,97.81979
2012-05-20 06:00:00,109.79977
2012-05-20 07:00:00,121.73988
2012-05-20 08:00:00,168.54436
2012-05-20 09:00:00,390.269
2012-05-20 10:00:00,404.1146
2012-05-20 11:00:00,395.75476
2012-05-20 12:00:00,407.41483
2012-05-20 13:00:00,401.28552
2012-05-20 14:00:00,412.17413
2012-05-20 15:00:00,403.09897
2012-05-20 16:00:00,392.3079
2012-05-20 17:00:00,370.79477
2012-05-20 18:00:00,327.91443
2012-05-20 19:00:00,249.5814
2012-05-20 20:00:00,249.5814
2012-05-20 21:00:00,204.56577
2012-05-20 22:00:00,177.29141
2012-05-20 23:00:00,156.37
2012-05-21 00:00:00,134.40887
2012-05-21 01:00:00,138.8733
2012-05-21 02:00:00,121.35987
2012-05-21 03:00:00,132.5195
2012-05-21 04:00:00,129.45706
2012-05-21 05:00:00,129.45706
2012-05-21 06:00:00,129.45706
2012-05-21 07:00:00,129.45706
2012-05-21 08:00:00,126.71186
2012-05-21 09:00:00,125.14718
2012-05-21 10:00:00,133.28609
2012-05-21 11:00:00,124.70641
2012-05-21 12:00:00,141.42879
2012-05-21 13:00:00,141.49007
2012-05-21 14:00:00,132.85815
2012-05-21 15:00:00,156.65117
2012-05-21 16:00:00,173.73338
2012-05-21 17:00:00,195.73055
2012-05-21 18:00:00,124.639046
2012-05-21 19:00:00,140.2544
2012-05-21 20:00:00,144.844
2012-05-21 21:00:00,131.51295
2012-05-21 22:00:00,142.08565
2012-05-21 23:00:00,172.71265
2012-05-22 00:00:00,135.90164
2012-05-22 01:00:00,117.34699
2012-05-22 02:00:00,112.796234
2012-05-22 03:00:00,112.796234
2012-05-22 04:00:00,117.60097
2012-05-22 05:00:00,123.57211
2012-05-22 06:00:00,113.5549
2012-05-22 07:00:00,113.5549
2012-05-22 08:00:00,113.91767
2012-05-22 09:00:00,114.71643
2012-05-22 10:00:00,116.47106
2012-05-22 11:00:00,107.30358
2012-05-22 12:00:00,121.36646
2012-05-22 13:00:00,121.289085
2012-05-22 14:00:00,131.32893
2012-05-22 15:00:00,190.5841
2012-05-22 16:00:00,186.20444
2012-05-22 17:00:00,178.52928
2012-05-22 18:00:00,195.51195
2012-05-22 19:00:00,181.16454
2012-05-22 20:00:00,169.08722
2012-05-22 21:00:00,123.33602
2012-05-22 22:00:00,118.29577
2012-05-22 23:00:00,121.22277
2012-05-23 00:00:00,123.33602
2012-05-23 01:00:00,121.3601
2012-05-23 02:00:00,124.70641
2012-05-23 03:00:00,115.57712
2012-05-23 04:00:00,129.68999
2012-05-23 05:00:00,126.71186
2012-05-23 06:00:00,107.76316
2012-05-23 07:00:00,98.72404
2012-05-23 08:00:00,98.72404
2012-05-23 09:00:00,109.55869
2012-05-23 10:00:00,115.31863
2012-05-23 11:00:00,112.88009
2012-05-23 12:00:00,151.08752
2012-05-23 13:00:00,150.575
2012-05-23 14:00:00,177.85251
2012-05-23 15:00:00,162.27231
2012-05-23 16:00:00,208.34337
2012-05-23 17:00:00,158.46298
2012-05-23 18:00:00,158.46298
2012-05-23 19:00:00,127.21372
2012-05-23 20:00:00,114.615845
2012-05-23 21:00:00,106.63068
2012-05-23 22:00:00,127.21372
2012-05-23 23:00:00,116.314865
2012-05-24 00:00:00,109.98003
2012-05-24 01:00:00,107.816444
2012-05-24 02:00:00,98.42736
2012-05-24 03:00:00,112.20545
2012-05-24 04:00:00,119.912704
2012-05-24 05:00:00,119.912704
2012-05-24 06:00:00,119.912704
2012-05-24 07:00:00,111.91119
2012-05-24 08:00:00,128.04564
2012-05-24 09:00:00,136.56912
2012-05-24 10:00:00,162.76714
2012-05-24 11:00:00,170.65941
2012-05-24 12:00:00,208.50648
2012-05-24 13:00:00,254.27159
2012-05-24 14:00:00,275.27213
2012-05-24 15:00:00,282.42056
2012-05-24 16:00:00,308.4859
2012-05-24 17:00:00,289.70917
2012-05-24 18:00:00,296.1708
2012-05-24 19:00:00,250.36366
2012-05-24 20:00:00,201.72252
2012-05-24 21:00:00,138.47653
2012-05-24 22:00:00,121.292076
2012-05-24 23:00:00,127.084625
2012-05-25 00:00:00,118.526985
2012-05-25 01:00:00,111.85455
2012-05-25 02:00:00,106.63068
2012-05-25 03:00:00,114.03116
2012-05-25 04:00:00,104.02443
2012-05-25 05:00:00,112.2751
2012-05-25 06:00:00,114.03116
2012-05-25 07:00:00,122.29035
2012-05-25 08:00:00,115.80364
2012-05-25 09:00:00,119.68195
2012-05-25 10:00:00,138.71422
2012-05-25 11:00:00,130.99336
2012-05-25 12:00:00,185.86426
2012-05-25 13:00:00,217.41338
2012-05-25 14:00:00,235.04889
2012-05-25 15:00:00,252.12787
2012-05-25 16:00:00,303.9228
2012-05-25 17:00:00,275.86246
2012-05-25 18:00:00,252.12787
2012-05-25 19:00:00,253.34995
2012-05-25 20:00:00,195.46501
2012-05-25 21:00:00,185.45569
2012-05-25 22:00:00,127.00654
2012-05-25 23:00:00,149.84267
2012-05-26 00:00:00,116.915215
2012-05-26 01:00:00,112.03475
2012-05-26 02:00:00,110.87404
2012-05-26 03:00:00,105.18983
2012-05-26 04:00:00,109.02565
2012-05-26 05:00:00,135.21292
2012-05-26 06:00:00,116.86265
2012-05-26 07:00:00,115.349556
2012-05-26 08:00:00,117.088066
2012-05-26 09:00:00,122.3326
2012-05-26 10:00:00,149.06326
2012-05-26 11:00:00,164.08142
2012-05-26 12:00:00,238.74232
2012-05-26 13:00:00,250.07452
2012-05-26 14:00:00,258.69315
2012-05-26 15:00:00,274.9718
2012-05-26 16:00:00,337.71017
2012-05-26 17:00:00,359.30835
2012-05-26 18:00:00,335.07565
2012-05-26 19:00:00,247.67937
2012-05-26 20:00:00,304.42953
2012-05-26 21:00:00,254.59422
2012-05-26 22:00:00,182.87817
2012-05-26 23:00:00,182.87817
2012-05-27 00:00:00,172.10127
2012-05-27 01:00:00,155.2989
2012-05-27 02:00:00,152.44005
2012-05-27 03:00:00,134.02435
2012-05-27 04:00:00,122.353745
2012-05-27 05:00:00,122.353745
2012-05-27 06:00:00,117.10382
2012-05-27 07:00:00,112.75464
2012-05-27 08:00:00,122.3326
2012-05-27 09:00:00,135.38823
2012-05-27 10:00:00,170.49979
2012-05-27 11:00:00,227.12015
2012-05-27 12:00:00,248.0963
2012-05-27 13:00:00,294.98056
2012-05-27 14:00:00,308.77377
2012-05-27 15:00:00,356.91562
2012-05-27 16:00:00,356.91562
2012-05-27 17:00:00,380.57822
2012-05-27 18:00:00,319.65784
2012-05-27 19:00:00,294.98056
2012-05-27 20:00:00,288.66772
2012-05-27 21:00:00,211.0788
2012-05-27 22:00:00,102.7667
2012-05-27 23:00:00,118.24154
2012-05-28 00:00:00,125.87247
2012-05-28 01:00:00,156.61266
2012-05-28 02:00:00,122.48114
2012-05-28 03:00:00,128.18976
2012-05-28 04:00:00,110.981415
2012-05-28 05:00:00,110.981415
2012-05-28 06:00:00,128.18976
2012-05-28 07:00:00,107.98812
2012-05-28 08:00:00,119.27304
2012-05-28 09:00:00,186.78972
2012-05-28 10:00:00,186.78972
2012-05-28 11:00:00,203.21602
2012-05-28 12:00:00,252.95026
2012-05-28 13:00:00,330.72644
2012-05-28 14:00:00,330.72644
2012-05-28 15:00:00,375.40335
2012-05-28 16:00:00,382.59613
2012-05-28 17:00:00,375.40335
2012-05-28 18:00:00,349.11694
2012-05-28 19:00:00,363.4821
2012-05-28 20:00:00,313.85516
2012-05-28 21:00:00,276.74527
2012-05-28 22:00:00,197.25447
2012-05-28 23:00:00,171.44122
2012-05-29 00:00:00,155.233
2012-05-29 01:00:00,155.233
2012-05-29 02:00:00,127.852554
2012-05-29 03:00:00,174.35248
2012-05-29 04:00:00,149.84267
2012-05-29 05:00:00,149.84267
2012-05-29 06:00:00,149.84267
2012-05-29 07:00:00,149.84267
2012-05-29 08:00:00,171.50539
2012-05-29 09:00:00,216.07811
2012-05-29 10:00:00,234.93611
2012-05-29 11:00:00,279.76245
2012-05-29 12:00:00,341.9494
2012-05-29 13:00:00,379.66446
2012-05-29 14:00:00,386.3304
2012-05-29 15:00:00,394.6027
2012-05-29 16:00:00,413.5148
2012-05-29 17:00:00,409.5728
2012-05-29 18:00:00,397.89774
2012-05-29 19:00:00,342.58078
2012-05-29 20:00:00,275.04303
2012-05-29 21:00:00,149.55826
2012-05-29 22:00:00,112.2751
2012-05-29 23:00:00,105.314926
2012-05-30 00:00:00,118.85703
2012-05-30 01:00:00,131.89192
2012-05-30 02:00:00,113.998764
2012-05-30 03:00:00,120.7502
2012-05-30 04:00:00,117.82133
2012-05-30 05:00:00,127.02382
2012-05-30 06:00:00,119.066986
2012-05-30 07:00:00,141.4069
2012-05-30 08:00:00,141.24683
2012-05-30 09:00:00,170.87405
2012-05-30 10:00:00,191.4519
2012-05-30 11:00:00,197.44131
2012-05-30 12:00:00,171.14919
2012-05-30 13:00:00,184.8476
2012-05-30 14:00:00,256.4595
2012-05-30 15:00:00,245.84416
2012-05-30 16:00:00,261.19952
2012-05-30 17:00:00,231.26273
2012-05-30 18:00:00,267.22632
2012-05-30 19:00:00,254.27159
2012-05-30 20:00:00,151.6307
2012-05-30 21:00:00,205.47638
2012-05-30 22:00:00,144.30888
2012-05-30 23:00:00,161.44966
2012-05-31 00:00:00,144.844
2012-05-31 01:00:00,132.34808
2012-05-31 02:00:00,150.69037
2012-05-31 03:00:00,131.51295
2012-05-31 04:00:00,122.95189
2012-05-31 05:00:00,179.54315
2012-05-31 06:00:00,154.10793
2012-05-31 07:00:00,203.8331
2012-05-31 08:00:00,234.14734
2012-05-31 09:00:00,283.1975
2012-05-31 10:00:00,363.30765
2012-05-31 11:00:00,337.74307
2012-05-31 12:00:00,292.12476
2012-05-31 13:00:00,272.14587
2012-05-31 14:00:00,300.37915
2012-05-31 15:00:00,340.7005
2012-05-31 16:00:00,334.0895
2012-05-31 17:00:00,291.10913
2012-05-31 18:00:00,296.77927
2012-05-31 19:00:00,283.1201
2012-05-31 20:00:00,265.2377
2012-05-31 21:00:00,265.2377
2012-05-31 22:00:00,247.15488
2012-05-31 23:00:00,245.44899
2012-06-20 00:00:00,155.233
2012-06-20 01:00:00,147.35767
2012-06-20 02:00:00,128.70557
2012-06-20 03:00:00,123.00307
2012-06-20 04:00:00,115.77953
2012-06-20 05:00:00,115.77953
2012-06-20 06:00:00,114.12228
2012-06-20 07:00:00,107.97816
2012-06-20 08:00:00,136.54146
2012-06-20 09:00:00,153.23056
2012-06-20 10:00:00,275.43655
2012-06-20 11:00:00,312.4751
2012-06-20 12:00:00,305.73526
2012-06-20 13:00:00,292.98407
2012-06-20 14:00:00,328.45526
2012-06-20 15:00:00,332.0429
2012-06-20 16:00:00,330.04517
2012-06-20 17:00:00,328.232
2012-06-20 18:00:00,328.23203
2012-06-20 19:00:00,348.46002
2012-06-20 20:00:00,331.95193
2012-06-20 21:00:00,279.10785
2012-06-20 22:00:00,269.24326
2012-06-20 23:00:00,236.39986
2012-06-21 00:00:00,200.99583
2012-06-21 01:00:00,169.32268
2012-06-21 02:00:00,161.7174
2012-06-21 03:00:00,170.16016
2012-06-21 04:00:00,133.84976
2012-06-21 05:00:00,136.27817
2012-06-21 06:00:00,143.05489
2012-06-21 07:00:00,143.05489
2012-06-21 08:00:00,175.85399
2012-06-21 09:00:00,322.6362
2012-06-21 10:00:00,306.71017
2012-06-21 11:00:00,345.10318
2012-06-21 12:00:00,369.3955
2012-06-21 13:00:00,373.02795
2012-06-21 14:00:00,358.6871
2012-06-21 15:00:00,366.48468
2012-06-21 16:00:00,369.22067
2012-06-21 17:00:00,359.7347
2012-06-21 18:00:00,359.38013
2012-06-21 19:00:00,375.85696
2012-06-21 20:00:00,354.07764
2012-06-21 21:00:00,332.22278
2012-06-21 22:00:00,300.55634
2012-06-21 23:00:00,269.22006
2012-06-22 00:00:00,229.5844
2012-06-22 01:00:00,221.01932
2012-06-22 02:00:00,159.3341
2012-06-22 03:00:00,159.3341
2012-06-22 04:00:00,204.76796
2012-06-22 05:00:00,230.66754
2012-06-22 06:00:00,198.39934
2012-06-22 07:00:00,275.23456
2012-06-22 08:00:00,274.9454
2012-06-22 09:00:00,303.74023
2012-06-22 10:00:00,384.29968
2012-06-22 11:00:00,314.56003
2012-06-22 12:00:00,316.93283
2012-06-22 13:00:00,375.85696
2012-06-22 14:00:00,375.85696
2012-06-22 15:00:00,408.58813
2012-06-22 16:00:00,353.58072
2012-06-22 17:00:00,354.93118
2012-06-22 18:00:00,332.54733
2012-06-22 19:00:00,372.46774
2012-06-22 20:00:00,372.46774
2012-06-22 21:00:00,253.35254
2012-06-22 22:00:00,189.7303
2012-06-22 23:00:00,165.05428
2012-06-23 00:00:00,103.70995
2012-06-23 01:00:00,128.74509
2012-06-23 02:00:00,134.22874
2012-06-23 03:00:00,117.25124
2012-06-23 04:00:00,128.23676
2012-06-23 05:00:00,134.22874
2012-06-23 06:00:00,112.68972
2012-06-23 07:00:00,124.76675
2012-06-23 08:00:00,205.91078
2012-06-23 09:00:00,274.94223
2012-06-23 10:00:00,330.82605
2012-06-23 11:00:00,392.0476
2012-06-23 12:00:00,414.20953
2012-06-23 13:00:00,431.84537
2012-06-23 14:00:00,439.36887
2012-06-23 15:00:00,450.42667
2012-06-23 16:00:00,419.7809
2012-06-23 17:00:00,410.64615
2012-06-23 18:00:00,421.7357
2012-06-23 19:00:00,410.182
2012-06-23 20:00:00,421.61224
2012-06-23 21:00:00,414.20215
2012-06-23 22:00:00,391.45215
2012-06-23 23:00:00,350.79648
2012-06-24 00:00:00,298.9527
2012-06-24 01:00:00,303.7727
2012-06-24 02:00:00,315.54355
2012-06-24 03:00:00,202.60625
2012-06-24 04:00:00,205.95189
2012-06-24 05:00:00,159.3882
2012-06-24 06:00:00,191.58249
2012-06-24 07:00:00,154.24884
2012-06-24 08:00:00,245.85182
2012-06-24 09:00:00,308.34656
2012-06-24 10:00:00,390.36197
2012-06-24 11:00:00,388.39563
2012-06-24 12:00:00,434.52405
2012-06-24 13:00:00,450.69238
2012-06-24 14:00:00,441.21988
2012-06-24 15:00:00,418.65463
2012-06-24 16:00:00,430.4395
2012-06-24 17:00:00,440.7794
2012-06-24 18:00:00,449.31195
2012-06-24 19:00:00,460.6304
2012-06-24 20:00:00,420.08154
2012-06-24 21:00:00,347.5103
2012-06-24 22:00:00,310.03104
2012-06-24 23:00:00,292.07382
2012-06-25 00:00:00,275.45215
2012-06-25 01:00:00,239.8723
2012-06-25 02:00:00,217.64674
2012-06-25 03:00:00,221.23291
2012-06-25 04:00:00,172.65063
2012-06-25 05:00:00,166.12358
2012-06-25 06:00:00,141.92142
2012-06-25 07:00:00,182.43924
2012-06-25 08:00:00,197.88518
2012-06-25 09:00:00,231.11296
2012-06-25 10:00:00,289.12134
2012-06-25 11:00:00,401.78723
2012-06-25 12:00:00,381.17987
2012-06-25 13:00:00,330.64185
2012-06-25 14:00:00,355.24976
2012-06-25 15:00:00,431.37152
2012-06-25 16:00:00,396.6923
2012-06-25 17:00:00,353.77927
2012-06-25 18:00:00,386.2923
2012-06-25 19:00:00,387.01254
2012-06-25 20:00:00,407.74008
2012-06-25 21:00:00,372.28284
2012-06-25 22:00:00,388.91675
2012-06-25 23:00:00,380.75253
2012-06-26 00:00:00,381.851
2012-06-26 01:00:00,382.3398
2012-06-26 02:00:00,283.48233
2012-06-26 03:00:00,264.47452
2012-06-26 04:00:00,266.5315
2012-06-26 05:00:00,255.0698
2012-06-26 06:00:00,225.32751
2012-06-26 07:00:00,234.10571
2012-06-26 08:00:00,261.05826
2012-06-26 09:00:00,305.18338
2012-06-26 10:00:00,355.42145
2012-06-26 11:00:00,388.55396
2012-06-26 12:00:00,398.00528
2012-06-26 13:00:00,406.1797
2012-06-26 14:00:00,406.1797
2012-06-26 15:00:00,398.09708
2012-06-26 16:00:00,373.5189
2012-06-26 17:00:00,389.90646
2012-06-26 18:00:00,373.92712
2012-06-26 19:00:00,335.75455
2012-06-26 20:00:00,356.99307
2012-06-26 21:00:00,329.5205
2012-06-26 22:00:00,349.55304
2012-06-26 23:00:00,287.75345
2012-06-27 00:00:00,315.47818
2012-06-27 01:00:00,297.79105
2012-06-27 02:00:00,238.65111
2012-06-27 03:00:00,243.7135
2012-06-27 04:00:00,341.46512
2012-06-27 05:00:00,330.23828
2012-06-27 06:00:00,278.0394
2012-06-27 07:00:00,341.24265
2012-06-27 08:00:00,340.40607
2012-06-27 09:00:00,363.33832
2012-06-27 10:00:00,349.59964
2012-06-27 11:00:00,370.8207
2012-06-27 12:00:00,355.7243
2012-06-27 13:00:00,354.25186
2012-06-27 14:00:00,347.11496
2012-06-27 15:00:00,379.68246
2012-06-27 16:00:00,356.9389
2012-06-27 17:00:00,355.22556
2012-06-27 18:00:00,354.25186
2012-06-27 19:00:00,364.58432
2012-06-27 20:00:00,338.98303
2012-06-27 21:00:00,312.00427
2012-06-27 22:00:00,289.19336
2012-06-27 23:00:00,277.38126
2012-06-28 00:00:00,251.49397
2012-06-28 01:00:00,197.82742
2012-06-28 02:00:00,245.2813
2012-06-28 03:00:00,245.2813
2012-06-28 04:00:00,202.26802
2012-06-28 05:00:00,222.6373
2012-06-28 06:00:00,222.6373
2012-06-28 07:00:00,202.26802
2012-06-28 08:00:00,264.36322
2012-06-28 09:00:00,277.137
2012-06-28 10:00:00,310.44995
2012-06-28 11:00:00,341.12677
2012-06-28 12:00:00,335.67508
2012-06-28 13:00:00,325.4519
2012-06-28 14:00:00,343.1526
2012-06-28 15:00:00,343.1526
2012-06-28 16:00:00,317.1383
2012-06-28 17:00:00,313.97647
2012-06-28 18:00:00,319.23682
2012-06-28 19:00:00,360.19418
2012-06-28 20:00:00,352.38312
2012-06-28 21:00:00,303.47525
2012-06-28 22:00:00,296.6996
2012-06-28 23:00:00,281.89658
2012-06-29 00:00:00,281.89658
2012-06-29 01:00:00,289.1187
2012-06-29 02:00:00,272.79922
2012-06-29 03:00:00,272.79922
2012-06-29 04:00:00,221.82428
2012-06-29 05:00:00,225.62166
2012-06-29 06:00:00,252.14192
2012-06-29 07:00:00,225.62166
2012-06-29 08:00:00,266.27264
2012-06-29 09:00:00,289.12134
2012-06-29 10:00:00,407.13596
2012-06-29 11:00:00,420.44284
2012-06-29 12:00:00,420.83762
2012-06-29 13:00:00,386.77322
2012-06-29 14:00:00,388.1401
2012-06-29 15:00:00,396.0936
2012-06-29 16:00:00,396.0936
2012-06-29 17:00:00,383.66376
2012-06-29 18:00:00,375.02164
2012-06-29 19:00:00,374.7362
2012-06-29 20:00:00,406.327
2012-06-29 21:00:00,358.94736
2012-06-29 22:00:00,349.44724
2012-06-29 23:00:00,349.44724
2012-06-30 00:00:00,128.94221
2012-06-30 01:00:00,135.99095
2012-06-30 02:00:00,106.0642
2012-06-30 03:00:00,106.0642
2012-06-30 04:00:00,100.9056
2012-06-30 05:00:00,121.66859
2012-06-30 06:00:00,121.66859
2012-06-30 07:00:00,121.66859
2012-06-30 08:00:00,121.66859
2012-06-30 09:00:00,121.66859
2012-06-30 10:00:00,432.90704
2012-06-30 11:00:00,432.90704
2012-06-30 12:00:00,432.90704
2012-06-30 13:00:00,432.90704
2012-06-30 14:00:00,432.90704
2012-06-30 15:00:00,432.90704
2012-06-30 16:00:00,432.8208
2012-06-30 17:00:00,442.68536
2012-06-30 18:00:00,459.1069
2012-06-30 19:00:00,447.30154
2012-06-30 20:00:00,386.92105
2012-06-30 21:00:00,386.92105
2012-06-30 22:00:00,310.99344
2012-06-30 23:00:00,293.786
2012-07-20 00:00:00,129.87985
2012-07-20 01:00:00,127.02151
2012-07-20 02:00:00,124.97504
2012-07-20 03:00:00,127.04165
2012-07-20 04:00:00,136.15019
2012-07-20 05:00:00,131.40923
2012-07-20 06:00:00,136.15019
2012-07-20 07:00:00,140.95622
2012-07-20 08:00:00,149.6782
2012-07-20 09:00:00,168.61017
2012-07-20 10:00:00,176.47192
2012-07-20 11:00:00,230.90427
2012-07-20 12:00:00,161.2924
2012-07-20 13:00:00,152.98453
2012-07-20 14:00:00,167.86618
2012-07-20 15:00:00,194.2208
2012-07-20 16:00:00,194.60712
2012-07-20 17:00:00,181.54648
2012-07-20 18:00:00,196.91893
2012-07-20 19:00:00,165.88998
2012-07-20 20:00:00,182.03204
2012-07-20 21:00:00,172.3472
2012-07-20 22:00:00,143.49174
2012-07-20 23:00:00,164.80336
2012-07-21 00:00:00,152.34785
2012-07-21 01:00:00,147.39151
2012-07-21 02:00:00,133.21976
2012-07-21 03:00:00,130.62955
2012-07-21 04:00:00,131.92424
2012-07-21 05:00:00,129.51762
2012-07-21 06:00:00,129.51762
2012-07-21 07:00:00,131.94807
2012-07-21 08:00:00,138.16719
2012-07-21 09:00:00,127.96637
2012-07-21 10:00:00,129.51762
2012-07-21 11:00:00,142.70697
2012-07-21 12:00:00,137.86873
2012-07-21 13:00:00,129.92014
2012-07-21 14:00:00,132.80653
2012-07-21 15:00:00,130.62955
2012-07-21 16:00:00,127.2003
2012-07-21 17:00:00,124.568596
2012-07-21 18:00:00,125.03735
2012-07-21 19:00:00,120.93722
2012-07-21 20:00:00,124.568596
2012-07-21 21:00:00,120.937225
2012-07-21 22:00:00,113.36391
2012-07-21 23:00:00,101.953804
2012-07-22 00:00:00,113.36391
2012-07-22 01:00:00,120.937225
2012-07-22 02:00:00,113.36391
2012-07-22 03:00:00,113.36391
2012-07-22 04:00:00,97.70343
2012-07-22 05:00:00,97.70343
2012-07-22 06:00:00,116.98727
2012-07-22 07:00:00,108.00602
2012-07-22 08:00:00,121.512764
2012-07-22 09:00:00,178.08748
2012-07-22 10:00:00,148.0619
2012-07-22 11:00:00,148.0619
2012-07-22 12:00:00,192.14671
2012-07-22 13:00:00,226.23543
2012-07-22 14:00:00,224.81215
2012-07-22 15:00:00,224.81215
2012-07-22 16:00:00,237.91827
2012-07-22 17:00:00,267.00403
2012-07-22 18:00:00,250.70656
2012-07-22 19:00:00,210.12662
2012-07-22 20:00:00,177.62828
2012-07-22 21:00:00,138.39879
2012-07-22 22:00:00,186.79167
2012-07-22 23:00:00,143.54198
2012-07-23 00:00:00,120.73415
2012-07-23 01:00:00,136.82489
2012-07-23 02:00:00,123.74105
2012-07-23 03:00:00,123.74105
2012-07-23 04:00:00,129.13542
2012-07-23 05:00:00,129.13542
2012-07-23 06:00:00,130.65982
2012-07-23 07:00:00,142.14784
2012-07-23 08:00:00,161.7174
2012-07-23 09:00:00,213.58109
2012-07-23 10:00:00,225.97662
2012-07-23 11:00:00,321.05753
2012-07-23 12:00:00,321.05753
2012-07-23 13:00:00,297.1916
2012-07-23 14:00:00,303.06882
2012-07-23 15:00:00,322.6362
2012-07-23 16:00:00,304.76364
2012-07-23 17:00:00,304.76364
2012-07-23 18:00:00,306.2533
2012-07-23 19:00:00,353.0042
2012-07-23 20:00:00,270.97653
2012-07-23 21:00:00,278.5503
2012-07-23 22:00:00,263.30078
2012-07-23 23:00:00,231.8515
2012-07-24 00:00:00,178.98387
2012-07-24 01:00:00,153.17589
2012-07-24 02:00:00,138.02815
2012-07-24 03:00:00,138.02815
2012-07-24 04:00:00,124.948715
2012-07-24 05:00:00,127.15748
2012-07-24 06:00:00,132.10889
2012-07-24 07:00:00,186.67804
2012-07-24 08:00:00,231.32848
2012-07-24 09:00:00,288.0331
2012-07-24 10:00:00,372.48
2012-07-24 11:00:00,410.7511
2012-07-24 12:00:00,353.401
2012-07-24 13:00:00,399.4298
2012-07-24 14:00:00,364.7494
2012-07-24 15:00:00,390.22208
2012-07-24 16:00:00,361.37695
2012-07-24 17:00:00,377.2568
2012-07-24 18:00:00,311.14774
2012-07-24 19:00:00,270.97653
2012-07-24 20:00:00,240.39507
2012-07-24 21:00:00,258.4436
2012-07-24 22:00:00,265.8675
2012-07-24 23:00:00,313.0176
2012-07-25 00:00:00,297.5207
2012-07-25 01:00:00,264.34128
2012-07-25 02:00:00,247.91391
2012-07-25 03:00:00,223.49338
2012-07-25 04:00:00,215.63107
2012-07-25 05:00:00,200.49747
2012-07-25 06:00:00,208.6928
2012-07-25 07:00:00,313.3097
2012-07-25 08:00:00,342.751
2012-07-25 09:00:00,372.51505
2012-07-25 10:00:00,310.90375
2012-07-25 11:00:00,334.654
2012-07-25 12:00:00,334.654
2012-07-25 13:00:00,332.97217
2012-07-25 14:00:00,331.7842
2012-07-25 15:00:00,332.67194
2012-07-25 16:00:00,330.86536
2012-07-25 17:00:00,347.3339
2012-07-25 18:00:00,326.03055
2012-07-25 19:00:00,322.81116
2012-07-25 20:00:00,309.27045
2012-07-25 21:00:00,283.4197
2012-07-25 22:00:00,250.16647
2012-07-25 23:00:00,283.2457
2012-07-26 00:00:00,216.45796
2012-07-26 01:00:00,223.49338
2012-07-26 02:00:00,213.32526
2012-07-26 03:00:00,206.1233
2012-07-26 04:00:00,174.66562
2012-07-26 05:00:00,174.66562
2012-07-26 06:00:00,172.65063
2012-07-26 07:00:00,213.47934
2012-07-26 08:00:00,221.88115
2012-07-26 09:00:00,216.44691
2012-07-26 10:00:00,241.39464
2012-07-26 11:00:00,312.6671
2012-07-26 12:00:00,368.19574
2012-07-26 13:00:00,401.17844
2012-07-26 14:00:00,398.63345
2012-07-26 15:00:00,422.2439
2012-07-26 16:00:00,438.9907
2012-07-26 17:00:00,471.29572
2012-07-26 18:00:00,437.78253
2012-07-26 19:00:00,427.90045
2012-07-26 20:00:00,376.8472
2012-07-26 21:00:00,431.1802
2012-07-26 22:00:00,431.1802
2012-07-26 23:00:00,205.47163
2012-07-27 00:00:00,173.94936
2012-07-27 01:00:00,197.8892
2012-07-27 02:00:00,156.0126
2012-07-27 03:00:00,186.67805
2012-07-27 04:00:00,142.83276
2012-07-27 05:00:00,128.36772
2012-07-27 06:00:00,142.83276
2012-07-27 07:00:00,224.20786
2012-07-27 08:00:00,232.85689
2012-07-27 09:00:00,382.48615
2012-07-27 10:00:00,305.36877
2012-07-27 11:00:00,408.45465
2012-07-27 12:00:00,424.424
2012-07-27 13:00:00,384.05737
2012-07-27 14:00:00,398.87195
2012-07-27 15:00:00,369.44467
2012-07-27 16:00:00,354.05527
2012-07-27 17:00:00,390.12405
2012-07-27 18:00:00,326.5427
2012-07-27 19:00:00,332.22278
2012-07-27 20:00:00,264.95462
2012-07-27 21:00:00,264.95462
2012-07-27 22:00:00,280.04135
2012-07-27 23:00:00,190.74205
2012-07-28 00:00:00,266.14163
2012-07-28 01:00:00,193.01027
2012-07-28 02:00:00,186.53867
2012-07-28 03:00:00,186.53867
2012-07-28 04:00:00,164.11717
2012-07-28 05:00:00,143.54198
2012-07-28 06:00:00,177.36876
2012-07-28 07:00:00,202.38956
2012-07-28 08:00:00,250.70656
2012-07-28 09:00:00,316.55353
2012-07-28 10:00:00,410.8244
2012-07-28 11:00:00,440.5512
2012-07-28 12:00:00,441.73773
2012-07-28 13:00:00,470.8511
2012-07-28 14:00:00,458.2043
2012-07-28 15:00:00,449.8642
2012-07-28 16:00:00,447.8307
2012-07-28 17:00:00,414.12555
2012-07-28 18:00:00,457.089
2012-07-28 19:00:00,112.25472
2012-07-28 20:00:00,144.75584
2012-07-28 21:00:00,120.19556
2012-07-28 22:00:00,120.19556
2012-07-28 23:00:00,116.7476
2012-07-29 00:00:00,119.18851
2012-07-29 01:00:00,119.01927
2012-07-29 02:00:00,145.53572
2012-07-29 03:00:00,196.21387
2012-07-29 04:00:00,178.58809
2012-07-29 05:00:00,140.3782
2012-07-29 06:00:00,151.17097
2012-07-29 07:00:00,204.50339
2012-07-29 08:00:00,241.61484
2012-07-29 09:00:00,288.55847
2012-07-29 10:00:00,237.91393
2012-07-29 11:00:00,347.5103
2012-07-29 12:00:00,367.78296
2012-07-29 13:00:00,411.1707
2012-07-29 14:00:00,404.83823
2012-07-29 15:00:00,393.65488
2012-07-29 16:00:00,393.65488
2012-07-29 17:00:00,414.9313
2012-07-29 18:00:00,459.32825
2012-07-29 19:00:00,338.69217
2012-07-29 20:00:00,237.91827
2012-07-29 21:00:00,202.38956
2012-07-29 22:00:00,177.36876
2012-07-29 23:00:00,168.35437
2012-07-30 00:00:00,169.37003
2012-07-30 01:00:00,162.27829
2012-07-30 02:00:00,153.37166
2012-07-30 03:00:00,117.91636
2012-07-30 04:00:00,117.91636
2012-07-30 05:00:00,127.15748
2012-07-30 06:00:00,138.02815
2012-07-30 07:00:00,146.02925
2012-07-30 08:00:00,199.73781
2012-07-30 09:00:00,191.38177
2012-07-30 10:00:00,265.7548
2012-07-30 11:00:00,295.27167
2012-07-30 12:00:00,267.80798
2012-07-30 13:00:00,314.56003
2012-07-30 14:00:00,344.15433
2012-07-30 15:00:00,359.25305
2012-07-30 16:00:00,373.98096
2012-07-30 17:00:00,337.05066
2012-07-30 18:00:00,348.76178
2012-07-30 19:00:00,317.73236
2012-07-30 20:00:00,233.1212
2012-07-30 21:00:00,224.20786
2012-07-30 22:00:00,214.76256
2012-07-30 23:00:00,195.7372
2012-07-31 00:00:00,144.5105
2012-07-31 01:00:00,132.10889
2012-07-31 02:00:00,132.10889
2012-07-31 03:00:00,124.9487
2012-07-31 04:00:00,124.948715
2012-07-31 05:00:00,138.02815
2012-07-31 06:00:00,129.61494
2012-07-31 07:00:00,161.53633
2012-07-31 08:00:00,156.0126
2012-07-31 09:00:00,197.8892
2012-07-31 10:00:00,179.90817
2012-07-31 11:00:00,214.07172
2012-07-31 12:00:00,290.15433
2012-07-31 13:00:00,357.78363
2012-07-31 14:00:00,357.78363
2012-07-31 15:00:00,261.9395
2012-07-31 16:00:00,303.74023
2012-07-31 17:00:00,329.44946
2012-07-31 18:00:00,325.89218
2012-07-31 19:00:00,305.32047
2012-07-31 20:00:00,230.35506
2012-07-31 21:00:00,161.99278
2012-07-31 22:00:00,199.16864
2012-07-31 23:00:00,143.59546
2012-08-20 00:00:00,125.80561
2012-08-20 01:00:00,130.58354
2012-08-20 02:00:00,130.58354
2012-08-20 03:00:00,117.49145
2012-08-20 04:00:00,123.571465
2012-08-20 05:00:00,117.12207
2012-08-20 06:00:00,139.779
2012-08-20 07:00:00,144.3525
2012-08-20 08:00:00,159.83992
2012-08-20 09:00:00,182.65468
2012-08-20 10:00:00,184.77065
2012-08-20 11:00:00,193.35376
2012-08-20 12:00:00,224.85938
2012-08-20 13:00:00,250.16647
2012-08-20 14:00:00,282.1668
2012-08-20 15:00:00,304.47305
2012-08-20 16:00:00,304.47305
2012-08-20 17:00:00,285.20248
2012-08-20 18:00:00,172.01863
2012-08-20 19:00:00,155.8744
2012-08-20 20:00:00,164.80336
2012-08-20 21:00:00,109.86246
2012-08-20 22:00:00,117.12207
2012-08-20 23:00:00,117.12207
2012-08-21 00:00:00,123.571465
2012-08-21 01:00:00,130.34952
2012-08-21 02:00:00,147.28607
2012-08-21 03:00:00,103.629814
2012-08-21 04:00:00,103.629814
2012-08-21 05:00:00,115.01983
2012-08-21 06:00:00,116.91514
2012-08-21 07:00:00,126.16463
2012-08-21 08:00:00,131.25932
2012-08-21 09:00:00,163.19923
2012-08-21 10:00:00,209.69463
2012-08-21 11:00:00,209.32137
2012-08-21 12:00:00,266.5773
2012-08-21 13:00:00,295.07224
2012-08-21 14:00:00,309.5966
2012-08-21 15:00:00,317.0732
2012-08-21 16:00:00,317.0732
2012-08-21 17:00:00,329.92596
2012-08-21 18:00:00,297.874
2012-08-21 19:00:00,179.13272
2012-08-21 20:00:00,145.78972
2012-08-21 21:00:00,145.78972
2012-08-21 22:00:00,125.06512
2012-08-21 23:00:00,112.313156
2012-08-22 00:00:00,122.760025
2012-08-22 01:00:00,123.80468
2012-08-22 02:00:00,123.80468
2012-08-22 03:00:00,123.80468
2012-08-22 04:00:00,118.76804
2012-08-22 05:00:00,120.24208
2012-08-22 06:00:00,140.70851
2012-08-22 07:00:00,123.80468
2012-08-22 08:00:00,147.3984
2012-08-22 09:00:00,176.15987
2012-08-22 10:00:00,221.42456
2012-08-22 11:00:00,234.68678
2012-08-22 12:00:00,238.44664
2012-08-22 13:00:00,273.75146
2012-08-22 14:00:00,282.13345
2012-08-22 15:00:00,285.45932
2012-08-22 16:00:00,317.22818
2012-08-22 17:00:00,317.22818
2012-08-22 18:00:00,256.77533
2012-08-22 19:00:00,165.05428
2012-08-22 20:00:00,171.47322
2012-08-22 21:00:00,145.78972
2012-08-22 22:00:00,145.78972
2012-08-22 23:00:00,112.86039
2012-08-23 00:00:00,125.06512
2012-08-23 01:00:00,112.313156
2012-08-23 02:00:00,112.313156
2012-08-23 03:00:00,120.59878
2012-08-23 04:00:00,112.313156
2012-08-23 05:00:00,112.313156
2012-08-23 06:00:00,119.72966
2012-08-23 07:00:00,125.72103
2012-08-23 08:00:00,165.65608
2012-08-23 09:00:00,186.05554
2012-08-23 10:00:00,239.31348
2012-08-23 11:00:00,268.54492
2012-08-23 12:00:00,318.22638
2012-08-23 13:00:00,331.35666
2012-08-23 14:00:00,336.65714
2012-08-23 15:00:00,295.33255
2012-08-23 16:00:00,300.00888
2012-08-23 17:00:00,334.56784
2012-08-23 18:00:00,324.09283
2012-08-23 19:00:00,255.62108
2012-08-23 20:00:00,225.62166
2012-08-23 21:00:00,233.40242
2012-08-23 22:00:00,231.2431
2012-08-23 23:00:00,184.77116
2012-08-24 00:00:00,184.77116
2012-08-24 01:00:00,164.17885
2012-08-24 02:00:00,167.21724
2012-08-24 03:00:00,145.78972
2012-08-24 04:00:00,164.17885
2012-08-24 05:00:00,125.06512
2012-08-24 06:00:00,120.698204
2012-08-24 07:00:00,139.98105
2012-08-24 08:00:00,165.05428
2012-08-24 09:00:00,216.62527
2012-08-24 10:00:00,289.12683
2012-08-24 11:00:00,289.52985
2012-08-24 12:00:00,298.034
2012-08-24 13:00:00,331.06778
2012-08-24 14:00:00,294.22656
2012-08-24 15:00:00,299.54114
2012-08-24 16:00:00,299.54114
2012-08-24 17:00:00,323.5928
2012-08-24 18:00:00,269.42117
2012-08-24 19:00:00,274.94778
2012-08-24 20:00:00,247.44095
2012-08-24 21:00:00,252.14192
2012-08-24 22:00:00,201.01967
2012-08-24 23:00:00,196.31766
2012-08-25 00:00:00,253.0568
2012-08-25 01:00:00,186.92949
2012-08-25 02:00:00,147.66776
2012-08-25 03:00:00,160.82486
2012-08-25 04:00:00,178.77745
2012-08-25 05:00:00,161.44037
2012-08-25 06:00:00,137.9631
2012-08-25 07:00:00,146.3804
2012-08-25 08:00:00,188.38434
2012-08-25 09:00:00,227.63939
2012-08-25 10:00:00,263.6812
2012-08-25 11:00:00,299.113
2012-08-25 12:00:00,359.0253
2012-08-25 13:00:00,377.89377
2012-08-25 14:00:00,239.84015
2012-08-25 15:00:00,199.7138
2012-08-25 16:00:00,198.56691
2012-08-25 17:00:00,204.20119
2012-08-25 18:00:00,238.1493
2012-08-25 19:00:00,174.43791
2012-08-25 20:00:00,148.02295
2012-08-25 21:00:00,168.12251
2012-08-25 22:00:00,168.12251
2012-08-25 23:00:00,147.39151
2012-08-26 00:00:00,138.03645
2012-08-26 01:00:00,126.49782
2012-08-26 02:00:00,134.82466
2012-08-26 03:00:00,139.96002
2012-08-26 04:00:00,129.56206
2012-08-26 05:00:00,126.49782
2012-08-26 06:00:00,144.10622
2012-08-26 07:00:00,126.49782
2012-08-26 08:00:00,180.82155
2012-08-26 09:00:00,171.18513
2012-08-26 10:00:00,298.96246
2012-08-26 11:00:00,294.06204
2012-08-26 12:00:00,250.15306
2012-08-26 13:00:00,198.25749
2012-08-26 14:00:00,113.01693
2012-08-26 15:00:00,142.55183
2012-08-26 16:00:00,142.55183
2012-08-26 17:00:00,131.70303
2012-08-26 18:00:00,115.07874
2012-08-26 19:00:00,124.83596
2012-08-26 20:00:00,121.66859
2012-08-26 21:00:00,119.406105
2012-08-26 22:00:00,109.51559
2012-08-26 23:00:00,112.44172
2012-08-27 00:00:00,112.313156
2012-08-27 01:00:00,117.40301
2012-08-27 02:00:00,123.37036
2012-08-27 03:00:00,117.403015
2012-08-27 04:00:00,112.313156
2012-08-27 05:00:00,108.46391
2012-08-27 06:00:00,108.46391
2012-08-27 07:00:00,117.91636
2012-08-27 08:00:00,124.948715
2012-08-27 09:00:00,127.15748
2012-08-27 10:00:00,195.01306
2012-08-27 11:00:00,249.514
2012-08-27 12:00:00,196.18927
2012-08-27 13:00:00,289.42477
2012-08-27 14:00:00,286.05234
2012-08-27 15:00:00,361.37695
2012-08-27 16:00:00,350.1097
2012-08-27 17:00:00,344.26938
2012-08-27 18:00:00,342.5789
2012-08-27 19:00:00,241.39464
2012-08-27 20:00:00,231.32848
2012-08-27 21:00:00,211.79323
2012-08-27 22:00:00,158.28212
2012-08-27 23:00:00,149.60475
2012-08-28 00:00:00,176.56717
2012-08-28 01:00:00,144.49556
2012-08-28 02:00:00,170.3287
2012-08-28 03:00:00,127.02151
2012-08-28 04:00:00,132.10889
2012-08-28 05:00:00,131.52507
2012-08-28 06:00:00,127.04165
2012-08-28 07:00:00,133.47055
2012-08-28 08:00:00,133.23628
2012-08-28 09:00:00,176.47194
2012-08-28 10:00:00,278.24243
2012-08-28 11:00:00,334.93515
2012-08-28 12:00:00,373.98096
2012-08-28 13:00:00,388.87927
2012-08-28 14:00:00,398.65524
2012-08-28 15:00:00,380.1323
2012-08-28 16:00:00,384.7613
2012-08-28 17:00:00,414.23212
2012-08-28 18:00:00,358.72318
2012-08-28 19:00:00,301.17822
2012-08-28 20:00:00,269.9489
2012-08-28 21:00:00,263.9983
2012-08-28 22:00:00,209.32137
2012-08-28 23:00:00,191.948
2012-08-29 00:00:00,167.21724
2012-08-29 01:00:00,174.07751
2012-08-29 02:00:00,148.82198
2012-08-29 03:00:00,143.4061
2012-08-29 04:00:00,170.43285
2012-08-29 05:00:00,162.74176
2012-08-29 06:00:00,162.74176
2012-08-29 07:00:00,185.76701
2012-08-29 08:00:00,224.50407
2012-08-29 09:00:00,298.00583
2012-08-29 10:00:00,296.7274
2012-08-29 11:00:00,266.5773
2012-08-29 12:00:00,303.90698
2012-08-29 13:00:00,287.49124
2012-08-29 14:00:00,299.3798
2012-08-29 15:00:00,329.81113
2012-08-29 16:00:00,312.92447
2012-08-29 17:00:00,348.94202
2012-08-29 18:00:00,307.63077
2012-08-29 19:00:00,282.84686
2012-08-29 20:00:00,191.948
2012-08-29 21:00:00,240.84526
2012-08-29 22:00:00,197.82742
2012-08-29 23:00:00,189.57283
2012-08-30 00:00:00,163.19923
2012-08-30 01:00:00,175.58652
2012-08-30 02:00:00,140.70851
2012-08-30 03:00:00,140.70851
2012-08-30 04:00:00,140.70851
2012-08-30 05:00:00,140.70851
2012-08-30 06:00:00,130.58354
2012-08-30 07:00:00,145.78972
2012-08-30 08:00:00,176.25066
2012-08-30 09:00:00,192.27423
2012-08-30 10:00:00,216.0157
2012-08-30 11:00:00,299.3798
2012-08-30 12:00:00,292.90732
2012-08-30 13:00:00,273.75146
2012-08-30 14:00:00,285.45932
2012-08-30 15:00:00,316.4572
2012-08-30 16:00:00,325.64957
2012-08-30 17:00:00,361.63528
2012-08-30 18:00:00,325.67535
2012-08-30 19:00:00,285.45932
2012-08-30 20:00:00,275.23456
2012-08-30 21:00:00,223.29597
2012-08-30 22:00:00,170.54393
2012-08-30 23:00:00,172.477
2012-08-31 00:00:00,144.2403
2012-08-31 01:00:00,144.2403
2012-08-31 02:00:00,127.02151
2012-08-31 03:00:00,122.63938
2012-08-31 04:00:00,124.991005
2012-08-31 05:00:00,129.61494
2012-08-31 06:00:00,133.93506
2012-08-31 07:00:00,123.08338
2012-08-31 08:00:00,178.89343
2012-08-31 09:00:00,175.85399
2012-08-31 10:00:00,238.92767
2012-08-31 11:00:00,350.99927
2012-08-31 12:00:00,331.09372
2012-08-31 13:00:00,354.63196
2012-08-31 14:00:00,326.99722
2012-08-31 15:00:00,349.1616
2012-08-31 16:00:00,338.98233
2012-08-31 17:00:00,352.54684
2012-08-31 18:00:00,376.6987
2012-08-31 19:00:00,301.44693
2012-08-31 20:00:00,301.44693
2012-08-31 21:00:00,297.38727
2012-08-31 22:00:00,297.38727
2012-08-31 23:00:00,236.57698
2012-09-20 00:00:00,157.3735
2012-09-20 01:00:00,117.04609
2012-09-20 02:00:00,115.73336
2012-09-20 03:00:00,94.689064
2012-09-20 04:00:00,109.50014
2012-09-20 05:00:00,109.50014
2012-09-20 06:00:00,94.689064
2012-09-20 07:00:00,107.90624
2012-09-20 08:00:00,134.39426
2012-09-20 09:00:00,186.04852
2012-09-20 10:00:00,218.87912
2012-09-20 11:00:00,255.99524
2012-09-20 12:00:00,283.93378
2012-09-20 13:00:00,280.6723
2012-09-20 14:00:00,298.725
2012-09-20 15:00:00,299.48212
2012-09-20 16:00:00,287.03256
2012-09-20 17:00:00,287.64438
2012-09-20 18:00:00,261.0334
2012-09-20 19:00:00,207.72093
2012-09-20 20:00:00,168.66014
2012-09-20 21:00:00,176.99834
2012-09-20 22:00:00,124.63666
2012-09-20 23:00:00,141.77095
2012-09-21 00:00:00,142.55952
2012-09-21 01:00:00,120.13763
2012-09-21 02:00:00,120.13763
2012-09-21 03:00:00,112.81345
2012-09-21 04:00:00,101.90448
2012-09-21 05:00:00,99.20509
2012-09-21 06:00:00,112.81345
2012-09-21 07:00:00,104.955956
2012-09-21 08:00:00,128.00183
2012-09-21 09:00:00,154.5403
2012-09-21 10:00:00,229.91847
2012-09-21 11:00:00,257.58484
2012-09-21 12:00:00,253.9192
2012-09-21 13:00:00,277.137
2012-09-21 14:00:00,306.02164
2012-09-21 15:00:00,288.5028
2012-09-21 16:00:00,282.84683
2012-09-21 17:00:00,280.40436
2012-09-21 18:00:00,245.7773
2012-09-21 19:00:00,221.6761
2012-09-21 20:00:00,187.67252
2012-09-21 21:00:00,177.95769
2012-09-21 22:00:00,162.74176
2012-09-21 23:00:00,197.34697
2012-09-22 00:00:00,178.54097
2012-09-22 01:00:00,145.75829
2012-09-22 02:00:00,128.49602
2012-09-22 03:00:00,138.64352
2012-09-22 04:00:00,138.64352
2012-09-22 05:00:00,145.2396
2012-09-22 06:00:00,141.08722
2012-09-22 07:00:00,144.80621
2012-09-22 08:00:00,182.53065
2012-09-22 09:00:00,195.52682
2012-09-22 10:00:00,240.37274
2012-09-22 11:00:00,299.32053
2012-09-22 12:00:00,343.95566
2012-09-22 13:00:00,380.0075
2012-09-22 14:00:00,400.9837
2012-09-22 15:00:00,403.8713
2012-09-22 16:00:00,375.52246
2012-09-22 17:00:00,375.52246
2012-09-22 18:00:00,341.38718
2012-09-22 19:00:00,284.21164
2012-09-22 20:00:00,323.1523
2012-09-22 21:00:00,272.42093
2012-09-22 22:00:00,257.6519
2012-09-22 23:00:00,308.90985
2012-09-23 00:00:00,456.93118
2012-09-23 01:00:00,275.95337
2012-09-23 02:00:00,295.4711
2012-09-23 03:00:00,228.61072
2012-09-23 04:00:00,225.89545
2012-09-23 05:00:00,202.23108
2012-09-23 06:00:00,180.04373
2012-09-23 07:00:00,203.15456
2012-09-23 08:00:00,226.10448
2012-09-23 09:00:00,260.1565
2012-09-23 10:00:00,334.42865
2012-09-23 11:00:00,338.2421
2012-09-23 12:00:00,377.22818
2012-09-23 13:00:00,436.98413
2012-09-23 14:00:00,445.72223
2012-09-23 15:00:00,466.85294
2012-09-23 16:00:00,471.68872
2012-09-23 17:00:00,420.3039
2012-09-23 18:00:00,414.90778
2012-09-23 19:00:00,364.61093
2012-09-23 20:00:00,364.61093
2012-09-23 21:00:00,339.01547
2012-09-23 22:00:00,312.8716
2012-09-23 23:00:00,251.37822
2012-09-24 00:00:00,209.15952
2012-09-24 01:00:00,193.92737
2012-09-24 02:00:00,232.19022
2012-09-24 03:00:00,211.74368
2012-09-24 04:00:00,192.54146
2012-09-24 05:00:00,218.42288
2012-09-24 06:00:00,241.1777
2012-09-24 07:00:00,193.92737
2012-09-24 08:00:00,265.26547
2012-09-24 09:00:00,283.96292
2012-09-24 10:00:00,298.38058
2012-09-24 11:00:00,367.49393
2012-09-24 12:00:00,378.47183
2012-09-24 13:00:00,405.408
2012-09-24 14:00:00,393.30933
2012-09-24 15:00:00,380.55496
2012-09-24 16:00:00,389.44022
2012-09-24 17:00:00,375.3078
2012-09-24 18:00:00,357.25845
2012-09-24 19:00:00,342.735
2012-09-24 20:00:00,287.25037
2012-09-24 21:00:00,288.13342
2012-09-24 22:00:00,278.42682
2012-09-24 23:00:00,213.89336
2012-09-25 00:00:00,190.81244
2012-09-25 01:00:00,167.5843
2012-09-25 02:00:00,140.11198
2012-09-25 03:00:00,169.96483
2012-09-25 04:00:00,165.25885
2012-09-25 05:00:00,135.01
2012-09-25 06:00:00,149.54874
2012-09-25 07:00:00,147.30872
2012-09-25 08:00:00,195.13638
2012-09-25 09:00:00,264.78687
2012-09-25 10:00:00,285.83646
2012-09-25 11:00:00,352.55435
2012-09-25 12:00:00,372.18088
2012-09-25 13:00:00,352.8335
2012-09-25 14:00:00,403.49533
2012-09-25 15:00:00,415.46442
2012-09-25 16:00:00,401.76413
2012-09-25 17:00:00,398.4984
2012-09-25 18:00:00,375.6431
2012-09-25 19:00:00,330.92505
2012-09-25 20:00:00,298.40668
2012-09-25 21:00:00,298.40668
2012-09-25 22:00:00,296.45096
2012-09-25 23:00:00,301.56213
2012-09-26 00:00:00,242.27396
2012-09-26 01:00:00,243.05748
2012-09-26 02:00:00,251.24355
2012-09-26 03:00:00,251.24355
2012-09-26 04:00:00,192.83806
2012-09-26 05:00:00,190.24422
2012-09-26 06:00:00,183.08746
2012-09-26 07:00:00,168.69812
2012-09-26 08:00:00,196.57799
2012-09-26 09:00:00,259.75174
2012-09-26 10:00:00,215.82098
2012-09-26 11:00:00,278.81345
2012-09-26 12:00:00,287.74637
2012-09-26 13:00:00,311.25082
2012-09-26 14:00:00,382.795
2012-09-26 15:00:00,383.85333
2012-09-26 16:00:00,395.94055
2012-09-26 17:00:00,383.85333
2012-09-26 18:00:00,367.33994
2012-09-26 19:00:00,328.44385
2012-09-26 20:00:00,246.56987
2012-09-26 21:00:00,266.0633
2012-09-26 22:00:00,269.2275
2012-09-26 23:00:00,198.374
2012-09-27 00:00:00,180.62708
2012-09-27 01:00:00,180.62708
2012-09-27 02:00:00,180.62708
2012-09-27 03:00:00,180.15466
2012-09-27 04:00:00,131.31026
2012-09-27 05:00:00,145.15814
2012-09-27 06:00:00,133.65273
2012-09-27 07:00:00,180.15466
2012-09-27 08:00:00,221.73167
2012-09-27 09:00:00,244.15184
2012-09-27 10:00:00,362.74646
2012-09-27 11:00:00,353.85852
2012-09-27 12:00:00,358.61188
2012-09-27 13:00:00,356.45792
2012-09-27 14:00:00,365.47644
2012-09-27 15:00:00,376.84235
2012-09-27 16:00:00,336.50198
2012-09-27 17:00:00,261.27814
2012-09-27 18:00:00,262.4882
2012-09-27 19:00:00,260.50238
2012-09-27 20:00:00,256.37473
2012-09-27 21:00:00,193.90175
2012-09-27 22:00:00,193.90175
2012-09-27 23:00:00,191.65852
2012-09-28 00:00:00,164.58946
2012-09-28 01:00:00,162.34454
2012-09-28 02:00:00,170.87885
2012-09-28 03:00:00,173.22845
2012-09-28 04:00:00,162.17694
2012-09-28 05:00:00,119.463356
2012-09-28 06:00:00,130.38351
2012-09-28 07:00:00,117.65365
2012-09-28 08:00:00,158.02467
2012-09-28 09:00:00,178.94643
2012-09-28 10:00:00,205.43481
2012-09-28 11:00:00,254.4637
2012-09-28 12:00:00,344.5664
2012-09-28 13:00:00,362.57904
2012-09-28 14:00:00,344.5664
2012-09-28 15:00:00,336.99323
2012-09-28 16:00:00,353.20834
2012-09-28 17:00:00,329.48566
2012-09-28 18:00:00,348.41006
2012-09-28 19:00:00,352.62888
2012-09-28 20:00:00,342.75125
2012-09-28 21:00:00,341.19702
2012-09-28 22:00:00,306.16592
2012-09-28 23:00:00,292.8674
2012-09-29 00:00:00,228.74037
2012-09-29 01:00:00,228.74037
2012-09-29 02:00:00,269.18066
2012-09-29 03:00:00,246.78258
2012-09-29 04:00:00,225.76674
2012-09-29 05:00:00,197.5892
2012-09-29 06:00:00,197.4218
2012-09-29 07:00:00,175.16006
2012-09-29 08:00:00,177.98195
2012-09-29 09:00:00,197.5892
2012-09-29 10:00:00,249.8326
2012-09-29 11:00:00,283.6731
2012-09-29 12:00:00,432.77487
2012-09-29 13:00:00,432.77487
2012-09-29 14:00:00,438.5505
2012-09-29 15:00:00,416.96283
2012-09-29 16:00:00,436.27615
2012-09-29 17:00:00,440.6004
2012-09-29 18:00:00,349.4096
2012-09-29 19:00:00,257.86682
2012-09-29 20:00:00,254.17172
2012-09-29 21:00:00,260.19882
2012-09-29 22:00:00,202.25032
2012-09-29 23:00:00,228.8748
2012-09-30 00:00:00,232.41234
2012-09-30 01:00:00,232.41234
2012-09-30 02:00:00,197.88655
2012-09-30 03:00:00,172.25182
2012-09-30 04:00:00,172.25182
2012-09-30 05:00:00,126.26971
2012-09-30 06:00:00,139.9408
2012-09-30 07:00:00,101.937065
2012-09-30 08:00:00,175.38446
2012-09-30 09:00:00,209.23216
2012-09-30 10:00:00,364.67923
2012-09-30 11:00:00,418.7942
2012-09-30 12:00:00,432.77487
2012-09-30 13:00:00,436.27615
2012-09-30 14:00:00,436.27615
2012-09-30 15:00:00,468.40042
2012-09-30 16:00:00,462.44397
2012-09-30 17:00:00,471.38977
2012-09-30 18:00:00,229.25737
2012-09-30 19:00:00,186.01048
2012-09-30 20:00:00,186.01048
2012-09-30 21:00:00,172.74054
2012-09-30 22:00:00,140.38312
2012-09-30 23:00:00,153.7914
2012-10-20 00:00:00,118.42909
2012-10-20 01:00:00,144.53539
2012-10-20 02:00:00,119.019035
2012-10-20 03:00:00,120.32048
2012-10-20 04:00:00,126.26971
2012-10-20 05:00:00,89.29243
2012-10-20 06:00:00,123.89629
2012-10-20 07:00:00,89.29243
2012-10-20 08:00:00,167.42964
2012-10-20 09:00:00,225.9284
2012-10-20 10:00:00,282.09946
2012-10-20 11:00:00,280.96707
2012-10-20 12:00:00,355.53992
2012-10-20 13:00:00,379.1256
2012-10-20 14:00:00,391.0862
2012-10-20 15:00:00,369.57297
2012-10-20 16:00:00,355.0331
2012-10-20 17:00:00,410.95837
2012-10-20 18:00:00,381.52145
2012-10-20 19:00:00,332.06653
2012-10-20 20:00:00,369.37262
2012-10-20 21:00:00,275.05963
2012-10-20 22:00:00,258.35138
2012-10-20 23:00:00,207.05223
2012-10-21 00:00:00,230.63205
2012-10-21 01:00:00,193.1676
2012-10-21 02:00:00,169.65227
2012-10-21 03:00:00,147.28835
2012-10-21 04:00:00,117.77633
2012-10-21 05:00:00,147.28835
2012-10-21 06:00:00,172.47389
2012-10-21 07:00:00,172.47389
2012-10-21 08:00:00,147.8238
2012-10-21 09:00:00,232.18762
2012-10-21 10:00:00,278.05792
2012-10-21 11:00:00,318.1614
2012-10-21 12:00:00,373.46246
2012-10-21 13:00:00,416.9955
2012-10-21 14:00:00,437.02863
2012-10-21 15:00:00,413.59366
2012-10-21 16:00:00,410.95837
2012-10-21 17:00:00,376.28098
2012-10-21 18:00:00,386.19122
2012-10-21 19:00:00,353.4513
2012-10-21 20:00:00,317.56207
2012-10-21 21:00:00,223.18983
2012-10-21 22:00:00,234.62288
2012-10-21 23:00:00,243.28505
2012-10-22 00:00:00,203.02394
2012-10-22 01:00:00,149.76953
2012-10-22 02:00:00,140.58229
2012-10-22 03:00:00,203.02394
2012-10-22 04:00:00,170.91206
2012-10-22 05:00:00,124.42713
2012-10-22 06:00:00,115.24874
2012-10-22 07:00:00,181.59276
2012-10-22 08:00:00,187.21428
2012-10-22 09:00:00,217.97154
2012-10-22 10:00:00,263.62146
2012-10-22 11:00:00,358.09418
2012-10-22 12:00:00,351.8662
2012-10-22 13:00:00,379.72348
2012-10-22 14:00:00,381.50592
2012-10-22 15:00:00,380.08237
2012-10-22 16:00:00,375.91678
2012-10-22 17:00:00,364.34814
2012-10-22 18:00:00,233.78676
2012-10-22 19:00:00,287.25037
2012-10-22 20:00:00,251.01474
2012-10-22 21:00:00,203.24356
2012-10-22 22:00:00,135.49861
2012-10-22 23:00:00,130.96127
2012-10-23 00:00:00,128.4051
2012-10-23 01:00:00,149.85358
2012-10-23 02:00:00,119.4826
2012-10-23 03:00:00,145.58514
2012-10-23 04:00:00,137.45036
2012-10-23 05:00:00,143.68993
2012-10-23 06:00:00,113.87895
2012-10-23 07:00:00,159.2848
2012-10-23 08:00:00,194.40572
2012-10-23 09:00:00,201.8233
2012-10-23 10:00:00,252.28203
2012-10-23 11:00:00,272.2768
2012-10-23 12:00:00,341.2192
2012-10-23 13:00:00,353.36844
2012-10-23 14:00:00,358.74844
2012-10-23 15:00:00,376.83615
2012-10-23 16:00:00,332.344
2012-10-23 17:00:00,349.8669
2012-10-23 18:00:00,302.82822
2012-10-23 19:00:00,287.91556
2012-10-23 20:00:00,245.65994
2012-10-23 21:00:00,219.24672
2012-10-23 22:00:00,216.6183
2012-10-23 23:00:00,187.27876
2012-10-24 00:00:00,188.45705
2012-10-24 01:00:00,214.10182
2012-10-24 02:00:00,214.10182
2012-10-24 03:00:00,163.84631
2012-10-24 04:00:00,163.84631
2012-10-24 05:00:00,126.49579
2012-10-24 06:00:00,136.95107
2012-10-24 07:00:00,122.05819
2012-10-24 08:00:00,159.14447
2012-10-24 09:00:00,185.15695
2012-10-24 10:00:00,207.84602
2012-10-24 11:00:00,243.1428
2012-10-24 12:00:00,269.7684
2012-10-24 13:00:00,269.95184
2012-10-24 14:00:00,393.8632
2012-10-24 15:00:00,353.34995
2012-10-24 16:00:00,380.97043
2012-10-24 17:00:00,314.1134
2012-10-24 18:00:00,330.51312
2012-10-24 19:00:00,319.3639
2012-10-24 20:00:00,288.30035
2012-10-24 21:00:00,289.21057
2012-10-24 22:00:00,276.65872
2012-10-24 23:00:00,242.92491
2012-10-25 00:00:00,275.53992
2012-10-25 01:00:00,223.97568
2012-10-25 02:00:00,163.33728
2012-10-25 03:00:00,141.36328
2012-10-25 04:00:00,138.34091
2012-10-25 05:00:00,143.20961
2012-10-25 06:00:00,145.884
2012-10-25 07:00:00,145.884
2012-10-25 08:00:00,154.92924
2012-10-25 09:00:00,156.03128
2012-10-25 10:00:00,161.2265
2012-10-25 11:00:00,163.74315
2012-10-25 12:00:00,188.04189
2012-10-25 13:00:00,185.67993
2012-10-25 14:00:00,208.0016
2012-10-25 15:00:00,255.58391
2012-10-25 16:00:00,230.92857
2012-10-25 17:00:00,230.92857
2012-10-25 18:00:00,150.39235
2012-10-25 19:00:00,151.73476
2012-10-25 20:00:00,141.36328
2012-10-25 21:00:00,141.36328
2012-10-25 22:00:00,164.46582
2012-10-25 23:00:00,161.22649
2012-10-26 00:00:00,185.19832
2012-10-26 01:00:00,136.0446
2012-10-26 02:00:00,138.34091
2012-10-26 03:00:00,143.20961
2012-10-26 04:00:00,143.20961
2012-10-26 05:00:00,138.34091
2012-10-26 06:00:00,136.0446
2012-10-26 07:00:00,138.34091
2012-10-26 08:00:00,144.81761
2012-10-26 09:00:00,144.81761
2012-10-26 10:00:00,143.42014
2012-10-26 11:00:00,182.52892
2012-10-26 12:00:00,212.62212
2012-10-26 13:00:00,243.1102
2012-10-26 14:00:00,276.65872
2012-10-26 15:00:00,289.21057
2012-10-26 16:00:00,214.13168
2012-10-26 17:00:00,190.2972
2012-10-26 18:00:00,185.633
2012-10-26 19:00:00,159.34642
2012-10-26 20:00:00,159.3464
2012-10-26 21:00:00,185.58948
2012-10-26 22:00:00,156.08643
2012-10-26 23:00:00,146.17496
2012-10-27 00:00:00,116.19294
2012-10-27 01:00:00,122.39157
2012-10-27 02:00:00,128.04242
2012-10-27 03:00:00,121.45555
2012-10-27 04:00:00,125.88206
2012-10-27 05:00:00,135.96095
2012-10-27 06:00:00,135.96095
2012-10-27 07:00:00,128.07472
2012-10-27 08:00:00,148.791
2012-10-27 09:00:00,148.791
2012-10-27 10:00:00,173.63971
2012-10-27 11:00:00,216.85558
2012-10-27 12:00:00,327.43152
2012-10-27 13:00:00,416.96283
2012-10-27 14:00:00,390.47736
2012-10-27 15:00:00,245.47424
2012-10-27 16:00:00,226.03394
2012-10-27 17:00:00,226.03394
2012-10-27 18:00:00,226.03394
2012-10-27 19:00:00,171.53444
2012-10-27 20:00:00,171.53444
2012-10-27 21:00:00,171.53444
2012-10-27 22:00:00,172.86758
2012-10-27 23:00:00,192.61687
2012-10-28 00:00:00,188.9679
2012-10-28 01:00:00,167.13188
2012-10-28 02:00:00,180.4624
2012-10-28 03:00:00,200.18431
2012-10-28 04:00:00,199.24023
2012-10-28 05:00:00,202.55424
2012-10-28 06:00:00,218.91306
2012-10-28 07:00:00,222.17297
2012-10-28 08:00:00,235.30215
2012-10-28 09:00:00,234.25594
2012-10-28 10:00:00,245.64923
2012-10-28 11:00:00,259.0296
2012-10-28 12:00:00,216.7849
2012-10-28 13:00:00,207.9434
2012-10-28 14:00:00,218.39058
2012-10-28 15:00:00,212.16382
2012-10-28 16:00:00,185.06798
2012-10-28 17:00:00,158.83601
2012-10-28 18:00:00,109.81237
2012-10-28 19:00:00,104.42758
2012-10-28 20:00:00,107.65155
2012-10-28 21:00:00,118.02747
2012-10-28 22:00:00,115.37903
2012-10-28 23:00:00,104.42758
2012-10-29 00:00:00,131.0122
2012-10-30 13:00:00,98.421425
2012-10-30 14:00:00,98.421425
2012-10-30 15:00:00,94.33282
2012-10-30 16:00:00,94.33282
2012-10-30 17:00:00,94.264175
2012-10-30 18:00:00,97.51558
2012-10-30 19:00:00,212.68175
2012-10-30 20:00:00,101.49647
2012-10-30 21:00:00,99.37191
2012-10-30 22:00:00,100.95367
2012-10-30 23:00:00,100.95367
2012-10-31 00:00:00,103.61823
2012-10-31 01:00:00,102.033936
2012-10-31 02:00:00,103.74079
2012-10-31 03:00:00,103.61823
2012-10-31 04:00:00,96.99938
2012-10-31 05:00:00,103.74079
2012-10-31 06:00:00,104.679016
2012-10-31 07:00:00,98.57484
2012-10-31 08:00:00,106.49861
2012-10-31 09:00:00,115.45662
2012-10-31 10:00:00,133.65445
2012-10-31 11:00:00,152.22127
2012-10-31 12:00:00,215.29787
2012-10-31 13:00:00,257.88693
2012-10-31 14:00:00,267.68216
2012-10-31 15:00:00,247.72314
2012-10-31 16:00:00,250.06853
2012-10-31 17:00:00,234.59714
2012-10-31 18:00:00,234.59714
2012-10-31 19:00:00,269.28214
2012-10-31 20:00:00,269.28214
2012-10-31 21:00:00,269.28214
2012-10-31 22:00:00,205.70094
2012-10-31 23:00:00,218.8139
2012-11-20 00:00:00,129.1106
2012-11-20 01:00:00,155.20488
2012-11-20 02:00:00,113.79681
2012-11-20 03:00:00,140.27216
2012-11-20 04:00:00,150.34666
2012-11-20 05:00:00,161.19809
2012-11-20 06:00:00,137.39275
2012-11-20 07:00:00,106.71488
2012-11-20 08:00:00,128.1884
2012-11-20 09:00:00,147.94287
2012-11-20 10:00:00,204.94923
2012-11-20 11:00:00,206.75581
2012-11-20 12:00:00,202.44434
2012-11-20 13:00:00,261.505
2012-11-20 14:00:00,257.5613
2012-11-20 15:00:00,279.71848
2012-11-20 16:00:00,231.70473
2012-11-20 17:00:00,164.85675
2012-11-20 18:00:00,204.94923
2012-11-20 19:00:00,167.90053
2012-11-20 20:00:00,128.04523
2012-11-20 21:00:00,131.0458
2012-11-20 22:00:00,131.0458
2012-11-20 23:00:00,101.75765
2012-11-21 00:00:00,93.76649
2012-11-21 01:00:00,101.75765
2012-11-21 02:00:00,92.85602
2012-11-21 03:00:00,92.85602
2012-11-21 04:00:00,92.85602
2012-11-21 05:00:00,92.85602
2012-11-21 06:00:00,92.97328
2012-11-21 07:00:00,91.178215
2012-11-21 08:00:00,99.04396
2012-11-21 09:00:00,106.714874
2012-11-21 10:00:00,187.05836
2012-11-21 11:00:00,257.19498
2012-11-21 12:00:00,309.097
2012-11-21 13:00:00,339.40143
2012-11-21 14:00:00,360.1126
2012-11-21 15:00:00,332.0124
2012-11-21 16:00:00,349.00684
2012-11-21 17:00:00,305.9654
2012-11-21 18:00:00,322.3239
2012-11-21 19:00:00,283.7289
2012-11-21 20:00:00,186.37318
2012-11-21 21:00:00,257.90048
2012-11-21 22:00:00,256.17883
2012-11-21 23:00:00,173.45741
2012-11-22 00:00:00,112.73346
2012-11-22 01:00:00,102.57912
2012-11-22 02:00:00,77.758224
2012-11-22 03:00:00,78.71044
2012-11-22 04:00:00,72.15709
2012-11-22 05:00:00,78.71044
2012-11-22 06:00:00,86.18531
2012-11-22 07:00:00,74.60254
2012-11-22 08:00:00,77.72686
2012-11-22 09:00:00,105.25613
2012-11-22 10:00:00,196.35963
2012-11-22 11:00:00,335.4485
2012-11-22 12:00:00,391.86786
2012-11-22 13:00:00,423.23346
2012-11-22 14:00:00,438.5817
2012-11-22 15:00:00,438.5817
2012-11-22 16:00:00,412.41672
2012-11-22 17:00:00,391.86786
2012-11-22 18:00:00,306.4138
2012-11-22 19:00:00,85.484604
2012-11-22 20:00:00,92.303
2012-11-22 21:00:00,154.66899
2012-11-22 22:00:00,141.26613
2012-11-22 23:00:00,84.51365
2012-11-23 00:00:00,128.3181
2012-11-23 01:00:00,94.9697
2012-11-23 02:00:00,97.8977
2012-11-23 03:00:00,96.8739
2012-11-23 04:00:00,94.49644
2012-11-23 05:00:00,84.4629
2012-11-23 06:00:00,84.4629
2012-11-23 07:00:00,84.4629
2012-11-23 08:00:00,88.04989
2012-11-23 09:00:00,101.214485
2012-11-23 10:00:00,170.88324
2012-11-23 11:00:00,257.19498
2012-11-23 12:00:00,317.17603
2012-11-23 13:00:00,321.90747
2012-11-23 14:00:00,354.13617
2012-11-23 15:00:00,317.27054
2012-11-23 16:00:00,336.60626
2012-11-23 17:00:00,340.94058
2012-11-23 18:00:00,303.6277
2012-11-23 19:00:00,308.00146
2012-11-23 20:00:00,317.26294
2012-11-23 21:00:00,278.71155
2012-11-23 22:00:00,283.0537
2012-11-23 23:00:00,288.00595
2012-11-24 00:00:00,284.5046
2012-11-24 01:00:00,195.68161
2012-11-24 02:00:00,183.216
2012-11-24 03:00:00,175.96309
2012-11-24 04:00:00,160.80205
2012-11-24 05:00:00,161.66899
2012-11-24 06:00:00,138.57536
2012-11-24 07:00:00,160.68268
2012-11-24 08:00:00,151.49007
2012-11-24 09:00:00,158.02188
2012-11-24 10:00:00,146.30594
2012-11-24 11:00:00,176.44661
2012-11-24 12:00:00,160.33769
2012-11-24 13:00:00,236.18805
2012-11-24 14:00:00,214.71284
2012-11-24 15:00:00,196.87227
2012-11-24 16:00:00,179.95576
2012-11-24 17:00:00,165.64877
2012-11-24 18:00:00,173.8903
2012-11-24 19:00:00,173.62717
2012-11-24 20:00:00,138.57538
2012-11-24 21:00:00,165.0956
2012-11-24 22:00:00,145.06361
2012-11-24 23:00:00,165.0956
2012-11-25 00:00:00,125.74065
2012-11-25 01:00:00,157.93597
2012-11-25 02:00:00,139.20627
2012-11-25 03:00:00,203.78258
2012-11-25 04:00:00,203.78258
2012-11-25 05:00:00,151.2264
2012-11-25 06:00:00,183.25688
2012-11-25 07:00:00,154.504
2012-11-25 08:00:00,120.66106
2012-11-25 09:00:00,132.07121
2012-11-25 10:00:00,130.40639
2012-11-25 11:00:00,191.459
2012-11-25 12:00:00,191.459
2012-11-25 13:00:00,224.49167
2012-11-25 14:00:00,200.91794
2012-11-25 15:00:00,200.60435
2012-11-25 16:00:00,234.41498
2012-11-25 17:00:00,229.16017
2012-11-25 18:00:00,195.4616
2012-11-25 19:00:00,249.2499
2012-11-25 20:00:00,104.157265
2012-11-25 21:00:00,198.49345
2012-11-25 22:00:00,104.157265
2012-11-25 23:00:00,84.05032
2012-11-26 00:00:00,90.956505
2012-11-26 01:00:00,87.472275
2012-11-26 02:00:00,87.472275
2012-11-26 03:00:00,87.472275
2012-11-26 04:00:00,90.956505
2012-11-26 05:00:00,101.04083
2012-11-26 06:00:00,90.956505
2012-11-26 07:00:00,110.41309
2012-11-26 08:00:00,110.41309
2012-11-26 09:00:00,187.20743
2012-11-26 10:00:00,248.91805
2012-11-26 11:00:00,300.0334
2012-11-26 12:00:00,333.02475
2012-11-26 13:00:00,333.02475
2012-11-26 14:00:00,308.1301
2012-11-26 15:00:00,330.39474
2012-11-26 16:00:00,337.29074
2012-11-26 17:00:00,323.44586
2012-11-26 18:00:00,241.78726
2012-11-26 19:00:00,233.8031
2012-11-26 20:00:00,256.17883
2012-11-26 21:00:00,256.17883
2012-11-26 22:00:00,173.45741
2012-11-26 23:00:00,159.6632
2012-11-27 00:00:00,159.60887
2012-11-27 01:00:00,137.45772
2012-11-27 02:00:00,134.0132
2012-11-27 03:00:00,143.82544
2012-11-27 04:00:00,99.170944
2012-11-27 05:00:00,101.46608
2012-11-27 06:00:00,104.25672
2012-11-27 07:00:00,102.890915
2012-11-27 08:00:00,107.5
2012-11-27 09:00:00,110.56316
2012-11-27 10:00:00,107.00255
2012-11-27 11:00:00,93.120026
2012-11-27 12:00:00,91.33276
2012-11-27 13:00:00,90.72058
2012-11-27 14:00:00,90.773
2012-11-27 15:00:00,105.728966
2012-11-27 16:00:00,105.728966
2012-11-27 17:00:00,110.5543
2012-11-27 18:00:00,96.125114
2012-11-27 19:00:00,105.22854
2012-11-27 20:00:00,100.40174
2012-11-27 21:00:00,90.36214
2012-11-27 22:00:00,91.70489
2012-11-27 23:00:00,91.78011
2012-11-28 00:00:00,97.04583
2012-11-28 01:00:00,99.33501
2012-11-28 02:00:00,99.33501
2012-11-28 03:00:00,106.721596
2012-11-28 04:00:00,107.7721
2012-11-28 05:00:00,113.157364
2012-11-28 06:00:00,116.01503
2012-11-28 07:00:00,150.27928
2012-11-28 08:00:00,115.408676
2012-11-28 09:00:00,180.24376
2012-11-28 10:00:00,238.35085
2012-11-28 11:00:00,254.14946
2012-11-28 12:00:00,224.20729
2012-11-28 13:00:00,268.91003
2012-11-28 14:00:00,258.92996
2012-11-28 15:00:00,296.52393
2012-11-28 16:00:00,325.82758
2012-11-28 17:00:00,326.92184
2012-11-28 18:00:00,282.0542
2012-11-28 19:00:00,297.75897
2012-11-28 20:00:00,304.32654
2012-11-28 21:00:00,277.39087
2012-11-28 22:00:00,229.75735
2012-11-28 23:00:00,214.06898
2012-11-29 00:00:00,159.48749
2012-11-29 01:00:00,112.818214
2012-11-29 02:00:00,107.32189
2012-11-29 04:00:00,87.59335
2012-11-29 05:00:00,87.472275
2012-11-29 06:00:00,90.956505
2012-11-29 07:00:00,100.28005
2012-11-29 08:00:00,95.815445
2012-11-29 09:00:00,139.02429
2012-11-29 10:00:00,130.46947
2012-11-29 11:00:00,292.54474
2012-11-29 12:00:00,292.19666
2012-11-29 13:00:00,339.19177
2012-11-29 14:00:00,263.39636
2012-11-29 15:00:00,247.39708
2012-11-29 16:00:00,277.4325
2012-11-29 17:00:00,282.89362
2012-11-29 18:00:00,230.51091
2012-11-29 19:00:00,190.11685
2012-11-29 20:00:00,201.55508
2012-11-29 21:00:00,122.556625
2012-11-29 22:00:00,106.28515
2012-11-29 23:00:00,152.57298
2012-11-30 00:00:00,109.21565
2012-11-30 01:00:00,99.98411
2012-11-30 02:00:00,86.36356
2012-11-30 03:00:00,86.36356
2012-11-30 04:00:00,84.218796
2012-11-30 05:00:00,81.160965
2012-11-30 06:00:00,80.624626
2012-11-30 07:00:00,82.87074
2012-11-30 08:00:00,91.42338
2012-11-30 09:00:00,92.705986
2012-11-30 10:00:00,154.81532
2012-11-30 11:00:00,249.37953
2012-11-30 12:00:00,295.16708
2012-11-30 13:00:00,319.9459
2012-11-30 14:00:00,327.20987
2012-11-30 15:00:00,336.80396
2012-11-30 16:00:00,298.30975
2012-11-30 17:00:00,235.18782
2012-11-30 18:00:00,203.56851
2012-11-30 19:00:00,141.5287
2012-11-30 20:00:00,141.5287
2012-11-30 21:00:00,104.83669
2012-11-30 22:00:00,94.53924
2012-11-30 23:00:00,111.76222
2012-12-20 00:00:00,173.01872
2012-12-20 01:00:00,141.5287
2012-12-20 02:00:00,141.5287
2012-12-20 03:00:00,127.10955
2012-12-20 04:00:00,127.10955
2012-12-20 05:00:00,128.20656
2012-12-20 06:00:00,154.81532
2012-12-20 07:00:00,125.35912
2012-12-20 08:00:00,125.35912
2012-12-20 09:00:00,125.35912
2012-12-20 10:00:00,152.9747
2012-12-20 11:00:00,178.82112
2012-12-20 12:00:00,237.47145
2012-12-20 13:00:00,205.51833
2012-12-20 14:00:00,229.77863
2012-12-20 15:00:00,195.48167
2012-12-20 16:00:00,169.53583
2012-12-20 17:00:00,150.34666
2012-12-20 18:00:00,134.61118
2012-12-20 19:00:00,122.644295
2012-12-20 20:00:00,123.19633
2012-12-20 21:00:00,123.19633
2012-12-20 22:00:00,104.68349
2012-12-20 23:00:00,128.80609
2012-12-21 00:00:00,88.42061
2012-12-21 01:00:00,95.28289
2012-12-21 02:00:00,95.84383
2012-12-21 03:00:00,95.84383
2012-12-21 04:00:00,98.16395
2012-12-21 05:00:00,79.91723
2012-12-21 06:00:00,112.75022
2012-12-21 07:00:00,83.81786
2012-12-21 08:00:00,86.281494
2012-12-21 09:00:00,122.24963
2012-12-21 10:00:00,135.14835
2012-12-21 11:00:00,129.41594
2012-12-21 12:00:00,132.06679
2012-12-21 13:00:00,134.27423
2012-12-21 14:00:00,135.01828
2012-12-21 15:00:00,120.06914
2012-12-21 16:00:00,122.829834
2012-12-21 17:00:00,71.21559
2012-12-21 18:00:00,68.32593
2012-12-21 19:00:00,100.52926
2012-12-21 20:00:00,106.4646
2012-12-21 21:00:00,106.72744
2012-12-21 22:00:00,92.57919
2012-12-21 23:00:00,93.465706
2012-12-22 00:00:00,90.556366
2012-12-22 01:00:00,88.19349
2012-12-22 02:00:00,91.22407
2012-12-22 03:00:00,81.78516
2012-12-22 04:00:00,65.71325
2012-12-22 05:00:00,84.14547
2012-12-22 06:00:00,90.743416
2012-12-22 07:00:00,90.743416
2012-12-22 08:00:00,87.77825
2012-12-22 09:00:00,82.62456
2012-12-22 10:00:00,76.0389
2012-12-22 11:00:00,105.64129
2012-12-22 12:00:00,81.661644
2012-12-22 13:00:00,138.22893
2012-12-22 14:00:00,138.8408
2012-12-22 15:00:00,107.25543
2012-12-22 16:00:00,121.97252
2012-12-22 17:00:00,97.597565
2012-12-22 18:00:00,88.864746
2012-12-22 19:00:00,73.57271
2012-12-22 20:00:00,59.152756
2012-12-22 21:00:00,57.669186
2012-12-22 22:00:00,57.669186
2012-12-22 23:00:00,53.921597
2012-12-23 00:00:00,62.475124
2012-12-23 01:00:00,56.662495
2012-12-23 02:00:00,49.88038
2012-12-23 03:00:00,50.185337
2012-12-23 04:00:00,51.31189
2012-12-23 05:00:00,50.221622
2012-12-23 06:00:00,43.181267
2012-12-23 07:00:00,43.181267
2012-12-23 08:00:00,37.72364
2012-12-23 09:00:00,50.084866
2012-12-23 10:00:00,50.961765
2012-12-23 11:00:00,54.648094
2012-12-23 12:00:00,88.89197
2012-12-23 13:00:00,107.729
2012-12-23 14:00:00,151.43909
2012-12-23 15:00:00,131.77878
2012-12-23 16:00:00,138.46587
2012-12-23 17:00:00,85.10279
2012-12-23 18:00:00,82.81076
2012-12-23 19:00:00,67.48166
2012-12-23 20:00:00,55.307034
2012-12-23 21:00:00,53.866573
2012-12-23 22:00:00,57.273052
2012-12-23 23:00:00,53.433643
2012-12-24 00:00:00,60.23363
2012-12-24 01:00:00,60.233635
2012-12-24 02:00:00,59.41693
2012-12-24 03:00:00,59.41693
2012-12-24 05:00:00,54.63458
2012-12-24 06:00:00,59.41693
2012-12-24 07:00:00,58.775608
2012-12-24 08:00:00,60.233635
2012-12-24 09:00:00,65.558
2012-12-24 10:00:00,66.62436
2012-12-24 11:00:00,65.60879
2012-12-24 12:00:00,76.395874
2012-12-24 13:00:00,59.480846
2012-12-24 14:00:00,59.04072
2012-12-24 15:00:00,55.57845
2012-12-24 16:00:00,55.57845
2012-12-24 17:00:00,56.27912
2012-12-24 18:00:00,58.698467
2012-12-24 19:00:00,59.25521
2012-12-24 20:00:00,56.341217
2012-12-24 21:00:00,59.23559
2012-12-24 22:00:00,66.948715
2012-12-24 23:00:00,66.37659
2012-12-25 00:00:00,43.103813
2012-12-25 01:00:00,46.366543
2012-12-25 02:00:00,46.366543
2012-12-25 04:00:00,46.90744
2012-12-25 05:00:00,39.860157
2012-12-25 06:00:00,39.860157
2012-12-25 07:00:00,39.400566
2012-12-25 08:00:00,52.97366
2012-12-25 09:00:00,50.350876
2012-12-25 10:00:00,54.06771
2012-12-25 11:00:00,59.959373
2012-12-25 12:00:00,62.17244
2012-12-25 13:00:00,138.30193
2012-12-25 14:00:00,136.71577
2012-12-25 15:00:00,100.86875
2012-12-25 16:00:00,97.42547
2012-12-25 17:00:00,71.61459
2012-12-25 18:00:00,63.41386
2012-12-25 19:00:00,62.010036
2012-12-25 20:00:00,65.18878
2012-12-25 21:00:00,57.89854
2012-12-25 22:00:00,57.798935
2012-12-25 23:00:00,56.638725
2012-12-26 00:00:00,68.262344
2012-12-26 01:00:00,62.085087
2012-12-26 02:00:00,62.085087
2012-12-26 03:00:00,59.168182
2012-12-26 04:00:00,60.22293
2012-12-26 05:00:00,56.325603
2012-12-26 06:00:00,56.84558
2012-12-26 07:00:00,46.987877
2012-12-26 08:00:00,46.987877
2012-12-26 09:00:00,46.987877
2012-12-26 10:00:00,47.79
2012-12-26 11:00:00,45.01915
2012-12-26 12:00:00,49.77164
2012-12-26 13:00:00,49.77164
2012-12-26 14:00:00,51.678715
2012-12-26 15:00:00,54.94088
2012-12-26 16:00:00,54.94088
2012-12-26 17:00:00,54.504707
2012-12-26 18:00:00,59.69823
2012-12-26 19:00:00,64.8178
2012-12-26 20:00:00,66.49195
2012-12-26 21:00:00,66.131485
2012-12-26 22:00:00,49.61863
2012-12-26 23:00:00,56.03827
2012-12-27 00:00:00,56.03827
2012-12-27 01:00:00,49.61863
2012-12-27 02:00:00,54.855465
2012-12-27 03:00:00,58.166164
2012-12-27 04:00:00,56.36414
2012-12-27 05:00:00,63.277134
2012-12-27 06:00:00,65.59817
2012-12-27 07:00:00,62.662907
2012-12-27 08:00:00,69.42223
2012-12-27 09:00:00,78.02494
2012-12-27 10:00:00,90.89681
2012-12-27 11:00:00,86.88361
2012-12-27 12:00:00,114.702835
2012-12-27 13:00:00,114.702835
2012-12-27 14:00:00,79.627884
2012-12-27 15:00:00,76.52041
2012-12-27 16:00:00,74.2031
2012-12-27 17:00:00,74.2031
2012-12-27 18:00:00,61.079914
2012-12-27 19:00:00,64.00238
2012-12-27 20:00:00,65.728874
2012-12-27 21:00:00,61.079914
2012-12-27 22:00:00,60.0696
2012-12-27 23:00:00,61.079914
2012-12-28 00:00:00,62.471912
2012-12-28 01:00:00,63.768475
2012-12-28 02:00:00,64.74807
2012-12-28 03:00:00,62.471912
2012-12-28 04:00:00,67.05936
2012-12-28 05:00:00,67.21314
2012-12-28 06:00:00,60.922207
2012-12-28 07:00:00,62.406124
2012-12-28 08:00:00,63.542515
2012-12-28 09:00:00,60.0696
2012-12-28 10:00:00,67.37989
2012-12-28 11:00:00,77.20884
2012-12-28 12:00:00,84.69169
2012-12-28 13:00:00,84.69169
2012-12-28 14:00:00,84.69169
2012-12-28 15:00:00,72.92977
2012-12-28 16:00:00,84.57332
2012-12-28 17:00:00,66.54789
2012-12-28 18:00:00,66.54789
2012-12-28 19:00:00,60.10093
2012-12-28 20:00:00,65.558
2012-12-28 21:00:00,61.4177
2012-12-28 22:00:00,64.32475
2012-12-28 23:00:00,65.66352
2012-12-29 00:00:00,52.017277
2012-12-29 01:00:00,49.103603
2012-12-29 02:00:00,52.017277
2012-12-29 03:00:00,52.09859
2012-12-29 04:00:00,49.103603
2012-12-29 05:00:00,49.103603
2012-12-29 06:00:00,50.160294
2012-12-29 07:00:00,49.88482
2012-12-29 08:00:00,53.030968
2012-12-29 09:00:00,53.030968
2012-12-29 10:00:00,45.735176
2012-12-29 11:00:00,42.08668
2012-12-29 12:00:00,46.733936
2012-12-29 13:00:00,46.733936
2012-12-29 14:00:00,48.403885
2012-12-29 15:00:00,52.551064
2012-12-29 16:00:00,54.888447
2012-12-29 17:00:00,52.55235
2012-12-29 18:00:00,56.524796
2012-12-29 19:00:00,55.95561
2012-12-29 20:00:00,84.964455
2012-12-29 21:00:00,78.758316
2012-12-29 22:00:00,69.147865
2012-12-29 23:00:00,52.528122
2012-12-30 00:00:00,54.001804
2012-12-30 01:00:00,68.616234
2012-12-30 02:00:00,57.598385
2012-12-30 03:00:00,68.616234
2012-12-30 04:00:00,56.369915
2012-12-30 05:00:00,67.32393
2012-12-30 06:00:00,63.75009
2012-12-30 07:00:00,61.952007
2012-12-30 08:00:00,69.86636
2012-12-30 09:00:00,69.90749
2012-12-30 10:00:00,89.62285
2012-12-30 11:00:00,96.22679
2012-12-30 12:00:00,91.41626
2012-12-30 13:00:00,81.661644
2012-12-30 14:00:00,129.26791
2012-12-30 15:00:00,110.102486
2012-12-30 16:00:00,109.96113
2012-12-30 17:00:00,91.77674
2012-12-30 18:00:00,69.22795
2012-12-30 19:00:00,63.891594
2012-12-30 20:00:00,65.994675
2012-12-30 21:00:00,49.88038
2012-12-30 22:00:00,47.04442
2012-12-30 23:00:00,49.051212
2012-12-31 00:00:00,56.058277
2012-12-31 01:00:00,56.058277
2012-12-31 02:00:00,52.949593
2012-12-31 03:00:00,54.366524
2012-12-31 04:00:00,50.440975
2012-12-31 05:00:00,50.879658
2012-12-31 06:00:00,51.812145
2012-12-31 07:00:00,53.216667
2012-12-31 08:00:00,48.663803
2012-12-31 09:00:00,55.668865
2012-12-31 10:00:00,55.412518
2012-12-31 11:00:00,59.374996
2012-12-31 12:00:00,61.943863
2012-12-31 13:00:00,79.199936
2012-12-31 14:00:00,88.936905
2012-12-31 15:00:00,85.335686
2012-12-31 16:00:00,74.90823
2012-12-31 17:00:00,78.151215
2012-12-31 18:00:00,76.677185
2012-12-31 19:00:00,65.60879
2012-12-31 20:00:00,65.60879
2012-12-31 21:00:00,68.81019
2012-12-31 22:00:00,72.97801
2012-12-31 23:00:00,70.80613
